"Title","NoTransaction","Piece","TypeTransaction","Quantite","ReceptionTransaction","Code_Piece_Peinte","DateReceptionPeinture","Emplacement","DateTransaction","HeureTransaction","NoOrdrePeinture"
"1","1","BGARD-175VDCBC","Entrée","0","0",,,,"2022-11-28",,
"2","2","CGARD-175DCNP","Sortie-Peinture","2,000","1","CGARD-175DCNO","2023-02-22","0","2023-01-25","11:48","Inv-2023-Noir"
"3","3","BGARD-175VDCNP","Sortie-Peinture","2,700","1","BGARD-175VDCNO","2023-02-22","0","2023-01-25","11:52","Inv-2023-Noir"
"4","4","CGARD-300DCNP","Sortie-Peinture","360","1","CGARD-300DCNO","2023-02-22","0","2023-01-25","11:52","Inv-2023-Noir"
"5","5","BGARD-300VDCNP","Sortie-Peinture","968","1","BGARD-300VDCNO","2023-02-22","0","2023-01-25","11:58","Inv-2023-Noir"
"6","6","CMCG-200-NP","Sortie-Peinture","200","1","CMCG-200-NO","2023-02-22","0","2023-01-25","11:59","Inv-2023-Noir"
"7","7","CGARD-175DCNP","Sortie-Peinture","1,000","1","CGARD-175DCBL","2023-03-08","0","2023-01-25","12:49","Inv-2023-Blanc"
"8","8","CGARD-300DCNP","Sortie-Peinture","120","1","CGARD-300DCBL","2023-03-08","0","2023-01-25","12:49","Inv-2023-Blanc"
"9","9","BGARD-175VDCNP","Sortie-Peinture","1,344","1","BGARD-175VDCBL","2023-04-05","0","2023-01-25","12:50","Inv-2023-Blanc"
"10","10","BGARD-300VDCNP","Sortie-Peinture","264","1","BGARD-300VDCBL","2023-03-30","0","2023-01-25","12:50","Inv-2023-Blanc"
"11","11","CMCG-200-NP","Sortie-Peinture","500","1","CMCG-200-BL","2023-03-08","0","2023-01-25","12:51","Inv-2023-Blanc"
"12","12","PlaqueMC-NP","Sortie-Peinture","25","1","PlaqueMC-BL","2023-03-08","0","2023-01-25","12:51","Inv-2023-Blanc"
"13","13","VS17-0809CA","Sortie","1","0",,,"0","2023-01-26","10:13",
"14","14","VS17-0809CA","Entrée","3","0",,,"0","2023-01-26","10:13",
"15","15","BoutRet-BL","Sortie","10","0",,,"0","2023-01-26","10:16",
"16","16","VRJ61644","Sortie","10","0",,,"0","2023-01-26","10:28",
"17","17","VIS 27-1419","Sortie","1","0",,,"0","2023-01-26","10:29",
"18","18","BGARD-175VDCNO","Sortie","4","0",,,"0","2023-01-26","10:30",
"19","19","BGARD-175VDCNP","Sortie","212","0",,,"0","2023-01-26","10:31",
"20","20","BGARD-175VDCNP","Entrée","212","0",,,"0","2023-01-26","10:31",
"21","21","BGARD-175VDCNO","Sortie","216","0",,,"0","2023-01-26","10:31",
"22","22","BGARD-175VDCNO","Mise à jour","108","0",,,"0","2023-01-26","10:32",
"23","23","BGARD-175VDCBC","Sortie","54","0",,,"0","2023-01-26","10:32",
"24","24","PlaqueMC-NO","Sortie","10","0",,,"0","2023-01-26","10:38",
"25","25","VS19-0808CA","Sortie","1","0",,,"0","2023-01-26","10:39",
"26","26","BBARRO-3/4-NO","Sortie","75","0",,,"0","2023-01-26","10:41",
"27","27","CGARD-175DCNO","Sortie","198","0",,,"0","2023-01-26","10:41",
"28","28","VC7589","Sortie","1","0",,,"0","2023-01-26","10:42",
"29","29","Bec de cane","Sortie","1","0",,,"0","2023-01-26","10:42",
"30","30","PentureRessort","Sortie","2","0",,,"0","2023-01-26","10:43",
"31","31","Embout3""","Entrée","10","0",,,"0","2023-01-26","10:45",
"32","32","VS19-0808CA","Entrée","2","0",,,"0","2023-01-26","11:12",
"33","33","VS19-0808CA","Sortie","1","0",,,"0","2023-01-26","11:14",
"34","34","BGARD-175VDCNO","Sortie","2","0",,,"0","2023-01-30","5:29",
"35","35","BGARD-175VDCNO","Sortie","106","0",,,"0","2023-01-30","5:29",
"36","36","VS27-1411","Sortie","1","0",,,"0","2023-01-30","5:48",
"37","37","VIS 27-1419","Sortie","1","0",,,"0","2023-01-30","5:48",
"38","38","VS27-1411","Sortie","1","0",,,"0","2023-01-30","5:50",
"39","39","Capsule-NO","Sortie","1,000","0",,,"0","2023-01-30","6:15",
"40","40","280-003","Sortie","500","0",,,"0","2023-01-30","9:22",
"41","41","280-001","Sortie","500","0",,,"0","2023-01-31","7:0",
"42","42","CGARD-175DCBC","Entrée","162","0",,,"0","2023-01-31","14:23",
"43","43","CGARD-175DCBC","Sortie","162","1",,"2023-04-05","0","2023-01-31","14:23",
"44","44","CGARD-175DCBC","Sortie","162","1",,"2023-04-05","0","2023-01-31","14:23",
"45","45","CGARD-175DCAR","Entrée","0","0",,,"0","2023-01-31","14:49",
"46","46","CGARD-175DCAR","Entrée","0","1",,"2023-04-11","0","2023-01-31","15:44",
"47","47","5545903","Sortie","3","1",,"2023-04-05","0","2023-01-31","15:46",
"48","48","VS19-0808CA","Sortie","1","0",,,"0","2023-02-01","7:44",
"49","49","999-A37708","Mise à jour","16","0",,,,"2023-02-01","8:16",
"50","50","BBARRO-3/4-NO","Sortie","25","0",,,"0","2023-02-01","14:30",
"51","51","5545903","Sortie","2","0",,,"0","2023-02-02","6:23",
"52","52","VRJ61032.CO","Sortie","1","0",,,"0","2023-02-02","11:9",
"53","53","VRJ61032.CO","Sortie","1","0",,,"0","2023-02-02","11:10",
"54","54","OUT-0037","Sortie","2","0",,,"0","2023-02-02","13:9",
"55","55","999-A37708","Sortie","1","0",,,"0","2023-02-06","8:14",
"56","56","BoutRet-NO","Entrée","50","0",,,"0","2023-02-06","11:47",
"57","57","BoutRet-BL","Entrée","40","0",,,"0","2023-02-06","11:47",
"58","58","BoutRet-CH","Entrée","10","0",,,"0","2023-02-06","11:48",
"59","59","BoutRet-BR","Entrée","10","0",,,"0","2023-02-06","11:48",
"60","60","BoutRet-AR","Entrée","10","0",,,"0","2023-02-06","11:48",
"61","61","VS27.1415","Sortie","0","0",,,"0","2023-02-07","6:8",
"62","62","VS27.1415","Mise à jour","4","0",,,"0","2023-02-07","6:9",
"63","63","VS27.1415","Sortie","1","0",,,"0","2023-02-07","6:10",
"64","64","VS27.1419","Sortie","1","0",,,"0","2023-02-07","7:45",
"65","65","BBARRO-3/4-BL","Sortie","25","0",,,"0","2023-02-07","7:55",
"66","66","VS27.1419","Sortie","1","0",,,"0","2023-02-08","5:31",
"67","67","Capsule-NO","Sortie","500","0",,,"0","2023-02-08","5:31",
"68","68","BoutRet-CH","Sortie","11","0",,,"0","2023-02-08","14:57",
"69","69","SSGC411XX16S","Entrée","100","0",,,"0","2023-02-08","15:25",
"70","70","SSGC431XX16S","Entrée","80","0",,,"0","2023-02-08","15:26",
"71","71","Ruban clair 48mm","Sortie","2","0",,,"0","2023-02-13","7:38",
"72","72","BGARD-175VDCBL","Sortie","54","0",,,"0","2023-02-13","7:39",
"73","73","VS30-1415V","Mise à jour","0","0",,,,"2023-02-13","7:40",
"74","74","AQUALATCHNO","Sortie","1","0",,,"0","2023-02-13","7:41",
"75","75","280-001","Sortie","1,000","0",,,"0","2023-02-13","7:41",
"76","76","Cale","Sortie","1","0",,,"0","2023-02-13","7:42",
"77","77","999-A11040","Sortie","1","0",,,"0","2023-02-13","7:43",
"78","78","VRJ61032.CO","Entrée","40","0",,,"0","2023-02-16","8:32",
"79","79","VS19.0808CA","Entrée","23","0",,,"0","2023-02-16","8:33",
"80","80","VS27.1411","Entrée","27","0",,,"0","2023-02-16","8:34",
"81","81","VS27.1415","Entrée","45","0",,,"0","2023-02-16","8:35",
"82","82","VS27.1419","Entrée","50","0",,,"0","2023-02-16","8:35",
"83","83","VS17.0809CA","Entrée","7","0",,,"0","2023-02-16","8:37",
"84","84","VC7589","Entrée","40","0",,,"0","2023-02-16","8:43",
"85","85","VS17.1411CA","Entrée","2","0",,,"0","2023-02-16","8:46",
"86","86","VRJ61644","Entrée","120","0",,,"0","2023-02-16","8:47",
"87","87","VS30-1415V","Entrée","2","0",,,"0","2023-02-16","8:47",
"88","88","VH30.1000","Entrée","50","0",,,"0","2023-02-16","8:48",
"89","89","VC1815.003","Entrée","8","0",,,"0","2023-02-16","8:49",
"90","90","VS20.1015CA.V+","Entrée","6","0",,,"0","2023-02-16","8:49",
"91","91","VS26.1827","Entrée","3","0",,,"0","2023-02-16","8:50",
"92","92","VS26.1831","Entrée","2","0",,,"0","2023-02-16","8:52",
"93","93","AQUALATCHNO","Entrée","30","0",,,"0","2023-02-16","8:52",
"94","94","AQUALATCHBL","Entrée","4","0",,,"0","2023-02-16","8:52",
"95","95","LOQNO","Entrée","5","0",,,"0","2023-02-16","8:53",
"96","96","LOQBL","Entrée","5","0",,,"0","2023-02-16","8:53",
"97","97","CMCG-200-NO","Mise à jour","352","0",,,,"2023-02-16","9:20",
"98","98","Cale","Sortie","1","0",,,"0","2023-02-16","9:23",
"99","99","VRJ61032.CO","Sortie","1","0",,,"0","2023-02-16","15:19",
"100","100","BGARD-175VDCBL","Sortie","162","0",,,"0","2023-02-16","15:21",
"101","101","BoutRet-CH","Entrée","10","0",,,"0","2023-02-16","15:21",
"102","102","VS27.1415","Sortie","1","0",,,"0","2023-02-20","7:7",
"103","103","CGARD-175DCNO","Entrée","1,500","0",,,"0","2023-02-20","7:44",
"104","104","BGARD-175VDCNO","Entrée","2,700","0",,,"0","2023-02-20","7:44",
"105","105","CGARD-300DCNO","Entrée","360","0",,,"0","2023-02-20","7:44",
"106","106","BGARD-300VDCNO","Entrée","968","0",,,"0","2023-02-20","7:45",
"107","107","CMCG-200-NO","Entrée","200","0",,,"0","2023-02-20","7:45",
"108","108","BGARD-175VDCNO","Sortie","60","0",,,"0","2023-02-20","8:22",
"109","109","280-003","Sortie","500","0",,,"0","2023-02-20","8:22",
"110","110","2371GY-F-750","Sortie","1","0",,,"0","2023-02-20","11:49",
"111","111","PGondG","Entrée","8","0",,,"0","2023-02-21","10:52",
"112","112","PGondD","Entrée","8","0",,,"0","2023-02-21","10:53",
"113","113","CGARD-175DCNO","Entrée","2,000","0",,,"0","2023-02-21","13:44",
"114","114","CGARD-175DCNO","Sortie","2,000","0",,,"0","2023-02-21","13:46",
"115","115","CMCG-200-BL","Sortie","50","0",,,"0","2023-02-21","13:48",
"116","116","VS27.1419","Sortie","1","0",,,"0","2023-02-22","5:58",
"117","117","BGARD-175VDCNO","Mise à jour","2,640","0",,,"0","2023-02-22","14:18",
"118","118","BGARD-175VDCNP","Sortie","90","0",,,"0","2023-02-22","14:42",
"119","119","CGARD-175DCNO","Mise à jour","2,990","0",,,"0","2023-02-24","10:44",
"120","120","CGARD-175DCNP","Sortie","500","0",,,"0","2023-02-24","10:46",
"121","121","CGARD-300DCNO","Mise à jour","630","0",,,"0","2023-02-24","10:47",
"122","122","CGARD-300DCNP","Entrée","250","0",,,"0","2023-02-24","10:48",
"123","123","BGARD-300VDCNO","Mise à jour","1,312","0",,,"0","2023-02-24","10:50",
"124","124","BGARD-300VDCNP","Sortie","434","0",,,"0","2023-02-24","10:51",
"125","125","CMCG-200-NP","Sortie","191","0",,,"0","2023-02-24","10:52",
"126","126","CMCG-200-NO","Mise à jour","552","0",,,"0","2023-02-24","10:55",
"127","127","Capsule-BL","Sortie","500","0",,,"0","2023-02-28","13:11",
"128","128","999-A37708","Sortie","1","0",,,"0","2023-02-28","13:14",
"129","129","2371GY-F-750","Sortie","2","0",,,"0","2023-02-28","13:16",
"130","130","BGARD-175VDCBL","Sortie","108","0",,,"0","2023-02-28","13:17",
"131","131","280-001","Sortie","400","0",,,"0","2023-02-28","13:18",
"132","132","VS27.1415","Sortie","1","0",,,"0","2023-02-28","13:20",
"133","133","Pellicule 18""","Sortie","1","0",,,"0","2023-02-28","13:21",
"134","134","VS27.1423 ","Sortie","1","0",,,"0","2023-02-28","13:21",
"135","135","BGARD-175VDCNP","Entrée","107","0",,,"0","2023-03-01","8:27",
"136","136","BGARD-175VDCNP","Sortie-Peinture","107","1","BGARD-175VDCGC","2023-03-30","0","2023-03-01","8:28","Inv-2023-GC"
"137","137","CGARD-175DCNP","Entrée","325","0",,,"0","2023-03-01","8:28",
"138","138","CGARD-175DCNP","Sortie-Peinture","325","1","CGARD-175DCGC","2023-03-30","0","2023-03-01","8:28","Inv-2023-GC"
"139","139","CGARD-300DCNP","Entrée","101","1",,"2023-04-12","0","2023-03-01","8:29",
"140","140","CGARD-300DCNP","Sortie-Peinture","24","1","CGARD-300DCGC","2023-03-30","0","2023-03-01","8:29","Inv-2023-GC"
"141","141","BGARD-300VDCNP","Entrée","48","0",,,"0","2023-03-01","8:30",
"142","142","BGARD-300VDCNP","Sortie-Peinture","48","1","BGARD-300VDCGC","2023-03-30","0","2023-03-01","8:31","Inv-2023-GC"
"143","143","CGARD-175DCNP","Entrée","325","0",,,"0","2023-03-01","8:31",
"144","144","CGARD-175DCNP","Sortie-Peinture","325","1","CGARD-175DCBC","2023-03-30","0","2023-03-01","8:31","Inv-2023-BC"
"145","145","BGARD-175VDCNP","Entrée","300","0",,,"0","2023-03-01","8:32",
"146","146","BGARD-175VDCNP","Sortie-Peinture","300","1","BGARD-175VDCBC","2023-03-30","0","2023-03-01","8:32","Inv-2023-BC"
"147","147","CGARD-300DCNP","Entrée","60","0",,,"0","2023-03-01","8:33",
"148","148","CGARD-300DCNP","Sortie-Peinture","60","1","CGARD-300DCBC","2023-03-30","0","2023-03-01","8:33","Inv-2023-BC"
"149","149","BGARD-300VDCNP","Entrée","180","0",,,"0","2023-03-01","8:34",
"150","150","BGARD-300VDCNP","Sortie-Peinture","180","1","BGARD-300VDCBC","2023-03-30","0","2023-03-01","8:34","Inv-2023-BC"
"151","151","BGARD-175VDCNP","Entrée","158","0",,,"0","2023-03-01","8:34",
"152","152","BGARD-300VDCNP","Sortie-Peinture","158","1","BGARD-300VDCAR","2023-03-30","0","2023-03-01","8:35","Inv-2023-Argile"
"153","153","CGARD-300DCNP","Entrée","120","0",,,"0","2023-03-01","8:35",
"154","154","CGARD-300DCNP","Sortie-Peinture","120","1","CGARD-300DCAR","2023-03-30","0","2023-03-01","8:36","Inv-2023-Argile"
"155","155","BGARD-175VDCNP","Sortie-Peinture","90","1","BGAR-175VDCGM","2023-03-15","0","2023-03-02","10:59","220321"
"156","156","BoutRet-NO","Sortie","10","0",,,"0","2023-03-02","13:9",
"157","157","VC1815.003","Entrée","8","0",,,"0","2023-03-02","14:35",
"158","158","SSGC411XX16B","Entrée","40","0",,,"0","2023-03-03","9:29",
"159","159","SSGC431XX16B","Entrée","40","0",,,"0","2023-03-03","9:29",
"160","160","Capsule-BL","Sortie","500","0",,,"0","2023-03-07","7:39",
"161","161","VS27.1423 ","Entrée","1","0",,,"0","2023-03-07","7:40",
"162","162","BGARD-175VDCNO","Sortie","120","0",,,"0","2023-03-07","10:46",
"163","163","SSGC411XX16B","Sortie","24","0",,,"0","2023-03-07","10:55",
"164","164","SSGC431XX16B","Entrée","24","0",,,"0","2023-03-07","10:56",
"165","165","SSGC431XX16B","Sortie","48","0",,,"0","2023-03-07","10:59",
"166","166","BGARD-175VDCNP","Sortie","26","0",,,"0","2023-03-07","11:3",
"167","167","CGARD-175DCNP","Sortie","26","0",,,"0","2023-03-07","11:3",
"168","168","BGARD-175VDCBL","Sortie","54","0",,,"0","2023-03-07","11:4",
"169","169","999-A37708","Sortie","1","0",,,"0","2023-03-07","11:5",
"170","170","BGARD-175VDCNP","Sortie-Peinture","552","1","BGARD-175VDCBL","2023-01-24","0","2023-01-25","12:50","Inv-2023-Blanc"
"171","171","VS19.0808CA","Sortie","1","0",,,"0","2023-03-07","15:8",
"172","172","BGARD-175VDCNO","Sortie","120","0",,,"0","2023-03-09","9:9",
"173","173","999-A37708","Sortie","1","0",,,"0","2023-03-09","9:9",
"174","174","2371GY-F-750","Sortie","1","0",,,"0","2023-03-09","9:13",
"175","175","CMCG-200-BL","Sortie","56","0",,,"0","2023-03-09","9:17",
"176","176","AttacheMurale-NO","Sortie","3","0",,,"0","2023-03-09","9:19",
"177","177","Cale","Sortie","2","0",,,"0","2023-03-09","9:22",
"178","178","VS27.1411","Sortie","1","0",,,"0","2023-03-09","9:23",
"179","179","VS27.1419","Sortie","1","0",,,"0","2023-03-09","9:28",
"180","180","5545903","Sortie","1","0",,,"0","2023-03-09","9:29",
"181","181","VS17.1411CA","Entrée","1","0",,,"0","2023-03-09","9:30",
"182","182","VS27.1411","Sortie","1","0",,,"0","2023-03-09","9:34",
"183","183","VS27.1415","Sortie","1","0",,,"0","2023-03-09","9:35",
"184","184","BGARD-175VDCNO","Sortie","120","0",,,"0","2023-03-13","11:44",
"185","185","5545903","Sortie","2","0",,,"0","2023-03-13","12:40",
"186","186","VS27.1415","Sortie","1","0",,,"0","2023-03-13","12:41",
"187","187","Capsule-NO","Sortie","500","0",,,"0","2023-03-13","12:43",
"188","188","VS27.1419","Sortie","1","0",,,"0","2023-03-13","12:51",
"189","189","280-001","Sortie","235","0",,,"0","2023-03-13","12:57",
"190","190","CMCG-200-NP","Entrée","1,000","0",,,"0","2023-03-14","10:32",
"191","191","CMCG-200-GM","Sortie","8","0",,,"0","2023-03-14","13:51",
"192","192","BBARRO-3/4-GM","Sortie","100","0",,,"0","2023-03-15","11:29",
"193","193","BBARRO-3/4-NO","Sortie","50","0",,,"0","2023-03-15","11:39",
"194","194","AQUALATCHNO","Sortie","1","0",,,"0","2023-03-15","11:39",
"195","195","01-004-BOUT-BL","Sortie","6","0",,,"0","2023-03-15","11:40",
"196","196","Capsule-NO","Sortie","500","0",,,"0","2023-03-15","11:41",
"197","197","2371GY-F-750","Sortie","1","0",,,"0","2023-03-15","11:41",
"198","198","Ruban clair 48mm","Sortie","1","0",,,"0","2023-03-15","11:44",
"199","199","5545903","Sortie","1","0",,,"0","2023-03-15","11:45",
"200","200","VC7589","Sortie","1","0",,,"0","2023-03-15","11:48",
"201","201","999-A37708","Sortie","1","0",,,"0","2023-03-15","11:49",
"202","202","CGARD-175DCNO","Sortie","198","0",,,"0","2023-03-15","12:59",
"203","203","280-001","Sortie","400","0",,,"0","2023-03-15","15:5",
"204","204","CGARD-175DCNP","Sortie-Peinture","159","1","CGARD-175DCGM","2023-03-21","0","2023-03-21","9:27","INV-GM"
"205","205","BGARD-175VDCNP","Sortie-Peinture","300","1","BGAR-175VDCGM","2023-03-21","0","2023-03-21","9:28","INV-GM"
"206","206","CGARD-300DCNP","Sortie-Peinture","120","1","CGARD-300DCGM","2023-03-21","0","2023-03-21","9:29","INV-GM"
"207","207","BGARD-300VDCNP","Sortie-Peinture","104","1","BGARD-300VDCGM","2023-03-21","0","2023-03-21","9:30","INV-GM"
"208","208","CMCG-200-NP","Sortie-Peinture","50","1","CMCG-200-GM","2023-03-21","0","2023-03-21","9:30","INV-GM"
"209","209","VS27.1419","Sortie","1","0",,,"0","2023-03-21","13:15",
"210","210","280-001","Sortie","500","0",,,"0","2023-03-21","13:15",
"211","211","280-001","Entrée","500","0",,,"0","2023-03-21","13:16",
"212","212","280-003","Sortie","500","0",,,"0","2023-03-21","13:16",
"213","213","VS27.1419","Sortie","1","0",,,"0","2023-03-21","13:16",
"214","214","VS27.1415","Sortie","1","0",,,"0","2023-03-21","13:17",
"215","215","VS20.1015CA.V+","Sortie","1","0",,,"0","2023-03-21","13:18",
"216","216","Capsule-GM","Sortie","1,000","0",,,"0","2023-03-21","13:18",
"217","217","5545903","Sortie","3","0",,,"0","2023-03-21","13:19",
"218","218","BGARD-175VDCBL","Sortie","54","0",,,"0","2023-03-21","13:19",
"219","219","BGARD-175VDCNO","Sortie","60","0",,,"0","2023-03-21","13:20",
"220","220","2371GY-F-750","Sortie","1","0",,,"0","2023-03-21","13:20",
"221","221","9741068","Sortie","1","0",,,"0","2023-03-21","13:21",
"222","222","BBARRO-3/4-NP","Entrée","19,552","0",,,"0","2023-03-21","13:53",
"223","223","BGARD-175VDCNO","Sortie","180","0",,,"0","2023-03-23","9:8",
"224","224","280-001","Sortie","450","0",,,"0","2023-03-23","9:15",
"225","225","VS27.1415","Sortie","1","0",,,"0","2023-03-23","9:19",
"226","226","5545903","Sortie","2","0",,,"0","2023-03-23","9:19",
"227","227","280-003","Sortie","500","0",,,"0","2023-03-23","9:19",
"228","228","CMCG-200-NO","Sortie","100","0",,,"0","2023-03-23","9:20",
"229","229","2371GY-F-750","Sortie","2","0",,,"0","2023-03-23","9:22",
"230","230","VC1815.003","Sortie","1","0",,,"0","2023-03-23","9:23",
"231","231","VC1815.003","Sortie","1","0",,,"0","2023-03-23","9:23",
"232","232","VS27.1419","Sortie","1","0",,,"0","2023-03-23","9:31",
"233","233","VS27.1411","Sortie","2","0",,,"0","2023-03-23","9:32",
"234","234","VS27.1415","Sortie","1","0",,,"0","2023-03-23","9:32",
"235","235","VS27.1419","Sortie","1","0",,,"0","2023-03-23","9:32",
"236","236","SSB48SM","Mise à jour","1","0",,,,"2023-03-23","9:33",
"237","237","999-A37708","Sortie","1","0",,,"0","2023-03-23","9:33",
"238","238","SSB48SM","Entrée","1","0",,,"0","2023-03-23","11:41",
"239","239","VS26.1827","Entrée","1","0",,,"0","2023-03-23","11:45",
"240","240","280-001","Sortie","350","0",,,"0","2023-03-24","10:29",
"241","241","BGARD-175VDCBL","Sortie","120","0",,,"0","2023-03-28","7:41",
"242","242","BGARD-175VDCBL","Sortie","114","0",,,"0","2023-03-28","7:41",
"243","243","VS27.1415","Sortie","1","0",,,"0","2023-03-28","7:42",
"244","244","BGARD-175VDCNO","Sortie","360","0",,,"0","2023-03-28","7:52",
"245","245","2371GY-F-750","Entrée","14","0",,,"0","2023-03-28","11:21",
"246","246","VRJ61032.CO","Sortie","20","0",,,"0","2023-03-28","11:21",
"247","247","280-001","Sortie","350","0",,,"0","2023-03-29","11:32",
"248","248","5545903","Sortie","2","0",,,"0","2023-03-29","11:33",
"249","249","Capsule-NO","Mise à jour","31","0",,,,"2023-03-29","11:35",
"250","250","Capsule-BR","Mise à jour","24","0",,,,"2023-03-29","11:35",
"251","251","Capsule-CH","Mise à jour","10","0",,,,"2023-03-29","11:36",
"252","252","Capsule-AR","Mise à jour","10","0",,,,"2023-03-29","11:36",
"253","253","Capsule-GM","Mise à jour","9","0",,,,"2023-03-29","11:36",
"254","254","280-003","Sortie","500","0",,,"0","2023-03-29","13:21",
"255","255","AQUALATCHBL","Entrée","1","0",,,"0","2023-04-05","9:11",
"256","256","2371GY-F-750","Sortie","1","0",,,"0","2023-04-05","10:13",
"257","257","5545903","Sortie","1","0",,,"0","2023-04-05","10:13",
"258","258","BGARD-175VDCBL","Sortie","60","0",,,"0","2023-04-05","10:25",
"259","259","2371GY-F-750","Sortie","1","0",,,"0","2023-04-05","10:25",
"260","260","BGARD-175VDCNO","Sortie","60","0",,,"0","2023-04-05","10:27",
"261","261","2371GY-F-750","Sortie","1","0",,,"0","2023-04-05","10:28",
"262","262","VS27.1419","Sortie","1","0",,,"0","2023-04-05","10:30",
"263","263","AQUALATCHNO","Sortie","3","0",,,"0","2023-04-05","10:31",
"264","264","5640337","Sortie","2","0",,,"0","2023-04-05","10:36",
"265","265","VC1815.003","Sortie","1","0",,,"0","2023-04-05","10:36",
"266","266","VRJ61644","Sortie","1","0",,,"0","2023-04-05","10:38",
"267","267","VC1815.003","Sortie","1","0",,,"0","2023-04-05","10:39",
"268","268","LOQNO","Sortie","1","0",,,"0","2023-04-05","10:39",
"269","269","VS27.1411","Sortie","1","0",,,"0","2023-04-05","10:41",
"270","270","VS27.1419","Sortie","1","0",,,"0","2023-04-05","10:41",
"271","271","VC7589","Sortie","1","0",,,"0","2023-04-05","10:42",
"272","272","VRJ61644","Sortie","5","0",,,"0","2023-04-05","10:42",
"273","273","280-001","Sortie","350","0",,,"0","2023-04-05","10:43",
"274","274","5545903","Sortie","1","0",,,"0","2023-04-05","10:44",
"275","275","Ruban clair 48mm","Sortie","2","0",,,"0","2023-04-05","10:46",
"276","276","Cale","Sortie","2","0",,,"0","2023-04-05","10:46",
"277","277","CMCG-200-BL","Mise à jour","418","0",,,,"2023-04-05","13:55",
"278","278","CMCG-200-BL","Sortie","22","0",,,"0","2023-04-05","13:55",
"279","279","SSSPIGOTSGB","Entrée","0","0",,,"0","2023-04-05","14:30",
"280","280","BGARD-175VDCBL","Sortie","54","0",,,"0","2023-04-05","14:31",
"281","281","BGARD-175VDCBL","Sortie","120","0",,,"0","2023-04-05","14:31",
"282","282","VS27.1415","Sortie","1","0",,,"0","2023-04-05","14:34",
"283","283","CGARD-175DCNO","Sortie","24","0",,,"0","2023-04-05","14:34",
"284","284","SSB48SM","Sortie","1","0",,,"0","2023-04-06","7:40",
"285","285","280-001","Sortie","500","0",,,"0","2023-04-06","7:47",
"286","286","VS19.0808CA","Sortie","1","0",,,"0","2023-04-06","10:53",
"287","287","VS17.0809CA","Sortie","1","0",,,"0","2023-04-06","11:8",
"288","288","Ruban clair 48mm","Sortie","2","0",,,"0","2023-04-06","11:21",
"289","289","5545903","Sortie","2","0",,,"0","2023-04-06","11:21",
"290","290","CGARD-300DCBL","Mise à jour","600","0",,,,"2023-04-06","11:38",
"291","291","BGARD-175VDCBL","Sortie","108","0",,,"0","2023-04-06","11:45",
"292","292","BGARD-175VDCBL","Mise à jour","1,404","0",,,"0","2023-04-06","11:50",
"293","293","Cale","Sortie","1","0",,,"0","2023-04-11","6:12",
"294","294","BGARD-300VDCGC","Sortie","48","0",,,"0","2023-04-11","8:53",
"295","295","BGARD-175VDCGC","Sortie","47","0",,,"0","2023-04-11","8:53",
"296","296","280-001","Sortie","500","0",,,"0","2023-04-11","9:9",
"297","297","280-001","Entrée","0","0",,,"0","2023-04-11","10:54",
"298","298","PentureRessort","Sortie","10","0",,,"0","2023-04-11","10:54",
"299","299","Penture3""","Sortie","10","0",,,"0","2023-04-11","10:55",
"300","300","BGARD-175VDCNP","Sortie-Peinture","100","1","BGARD-175VDCGC","2023-04-12","0","2023-04-11","13:37","Test"
"301","301","VS27.1419","Sortie","1","0",,,"0","2023-04-12","5:22",
"302","302","VS27.1419","Entrée","0","0",,,"0","2023-04-12","5:49",
"303","303","VS27.1411","Sortie","2","0",,,"0","2023-04-12","5:49",
"304","304","280-002","Sortie","400","0",,,"0","2023-04-12","11:22",
"305","305","2371GY-F-750","Sortie","1","0",,,"0","2023-04-12","13:31",
"306","306","VS27.1415","Sortie","1","0",,,"0","2023-04-12","15:10",
"307","307","BGARD-175VDCBL","Sortie","60","0",,,"0","2023-04-13","5:50",
"308","308","VC1815.003","Sortie","1","0",,,"0","2023-04-13","6:8",
"309","309","VC1815.003","Entrée","0","0",,,"0","2023-04-13","7:28",
"310","310","3013006","Sortie","2","0",,,"0","2023-04-13","7:28",
"311","311","280-003","Sortie","500","0",,,"0","2023-04-13","10:31",
"312","312","280-003","Entrée","0","0",,,"0","2023-04-13","11:10",
"313","313","2371GY-F-750","Sortie","1","0",,,"0","2023-04-13","13:19",
"314","314","999-A37708","Sortie","1","0",,,"0","2023-04-13","13:22",
"315","315","3040159","Entrée","0","0",,,"0","2023-04-13","14:26",
"316","316","BGARD-175VDCNO","Sortie","120","0",,,"0","2023-04-13","15:3",
"317","317","VS27.1415","Sortie","1","0",,,"0","2023-04-13","15:4",
"318","318","BGARD-175VDCAR","Sortie","54","0",,,"0","2023-04-13","15:4",
"319","319","5545903","Sortie","1","0",,,"0","2023-04-13","15:5",
"320","320","CMCG-200-BL","Sortie","76","0",,,"0","2023-04-13","15:6",
"321","321","3013006","Entrée","1","0",,,"0","2023-04-13","15:10",
"322","322","5545903","Entrée","36","0",,,"0","2023-04-13","15:10",
"323","323","5640337","Mise à jour","9","0",,,"0","2023-04-13","15:13",
"324","324","9741068","Entrée","4","0",,,"0","2023-04-13","15:14",
"325","325","3040159","Entrée","1","0",,,"0","2023-04-13","15:16",
"326","326","Capsule-BL","Entrée","19","0",,,"0","2023-04-13","15:54",
"327","327","BBARRO-3/4-NP","Sortie-Peinture","450","1","BBARRO-3/4-BL","2023-04-19","0","2023-04-14","11:44","2310"
"328","328","VC1815.003","Sortie","1","0",,,"0","2023-04-17","5:11",
"329","329","Penture3""","Sortie","1","0",,,"0","2023-04-17","5:14",
"330","330","PGondG","Entrée","0","0",,,"0","2023-04-17","6:7",
"331","331","SSGC431XX16B","Entrée","48","0",,,"0","2023-04-17","6:8",
"332","332","SSGC411XX16B","Entrée","48","0",,,"0","2023-04-17","6:8",
"333","333","SSGC431XX16B","Mise à jour","66","0",,,"0","2023-04-17","6:13",
"334","334","999-A37708","Sortie","1","0",,,"0","2023-04-17","6:23",
"335","335","5545903","Mise à jour","60","0",,,"0","2023-04-17","6:34",
"336","336","5545903","Sortie","1","0",,,"0","2023-04-17","7:38",
"337","337","5640337","Entrée","0","0",,,"0","2023-04-17","8:55",
"338","338","5640337","Entrée","0","0",,,"0","2023-04-17","10:10",
"339","339","Capsule-NO","Sortie","2","0",,,"0","2023-04-17","10:11",
"340","340","VC1815.003","Sortie","1","0",,,"0","2023-04-17","10:20",
"341","341","VC1815.003","Sortie","1","0",,,"0","2023-04-17","10:21",
"342","342","VC7589","Entrée","0","0",,,"0","2023-04-17","15:50",
"343","343","280-001","Sortie","350","0",,,"0","2023-04-18","5:41",
"344","344","VS27.1419","Sortie","1","0",,,"0","2023-04-18","5:44",
"345","345","VS27.1415","Sortie","1","0",,,"0","2023-04-18","5:44",
"346","346","999-A37708","Sortie","1","0",,,"0","2023-04-18","7:2",
"347","347","BGARD-175VDCBL","Sortie","162","0",,,"0","2023-04-18","7:3",
"348","348","9741068","Sortie","1","0",,,"0","2023-04-18","7:8",
"349","349","2371GY-F-750","Sortie","1","0",,,"0","2023-04-18","12:41",
"350","350","280-003","Sortie","500","0",,,"0","2023-04-18","12:41",
"351","351","OUT-0037","Entrée","0","0",,,"0","2023-04-18","14:49",
"352","352","5640337","Sortie","1","0",,,"0","2023-04-18","14:50",
"353","353","BGARD-175VDCBL","Sortie","243","0",,,"0","2023-04-18","15:5",
"354","354","Capsule-BL","Sortie","2","0",,,"0","2023-04-19","5:47",
"355","355","280-001","Sortie","500","0",,,"0","2023-04-19","5:57",
"356","356","280-001","Entrée","0","0",,,"0","2023-04-19","9:10",
"357","357","Polytubing 12""","Sortie","1","0",,,"0","2023-04-19","9:11",
"358","358","Polytubing 12""","Entrée","0","0",,,"0","2023-04-19","9:43",
"359","359","2371GY-F-750","Sortie","1","0",,,"0","2023-04-19","13:34",
"360","360","BGARD-175VDCNP","Mise à jour","175","0",,,,"2023-04-19","13:47",
"361","361","BGARD-175VDCNO","Mise à jour","1,800","0",,,"0","2023-04-19","13:47",
"362","362","BGARD-300VDCBC","Mise à jour","280","0",,,,"2023-04-19","13:48",
"363","363","BGARD-300VDCNO","Mise à jour","1,300","0",,,,"2023-04-19","13:49",
"364","364","BGARD-300VDCNP","Mise à jour","706","0",,,,"2023-04-19","13:49",
"365","365","CGARD-175DCBL","Mise à jour","1,188","0",,,,"2023-04-19","13:52",
"366","366","CGARD-175DCNO","Mise à jour","2,772","0",,,"0","2023-04-19","13:52",
"367","367","CGARD-175DCNP","Mise à jour","1,500","0",,,,"2023-04-19","13:52",
"368","368","CGARD-300DCAR","Mise à jour","340","0",,,,"2023-04-19","13:53",
"369","369","CGARD-300DCBL","Mise à jour","180","0",,,,"2023-04-19","13:54",
"370","370","BGARD-300VDCBC","Mise à jour","180","0",,,,"2023-04-19","13:54",
"371","371","CGARD-300DCBL","Mise à jour","600","0",,,,"2023-04-19","13:54",
"372","372","BGARD-175VDCBL","Mise à jour","939","0",,,"0","2023-04-19","13:58",
"373","373","BGARD-175VDCBL","Mise à jour","939","0",,,"0","2023-04-19","13:59",
"374","374","BGARD-175VDCBL","Mise à jour","939","0",,,"0","2023-04-19","14:0",
"375","375","BGARD-300VDCBC","Mise à jour","280","0",,,,"2023-04-19","14:1",
"376","376","5545903","Sortie","2","0",,,"0","2023-04-19","15:13",
"377","377","VC1815.003","Entrée","1","0",,,"0","2023-04-19","15:26",
"378","378","VS27.1419","Sortie","1","0",,,"0","2023-04-19","15:40",
"379","379","CMCG-200-BL","Sortie","80","0",,,"0","2023-04-19","15:54",
"380","380","VIS 20-0809V+","Sortie","1","0",,,"0","2023-04-20","5:16",
"381","381","VIS 20-0809V+","Mise à jour","0","0",,,"0","2023-04-20","5:16",
"382","382","VS27.1419","Sortie","1","0",,,"0","2023-04-20","6:15",
"383","383","PA624","Entrée","96","0",,,"0","2023-04-20","7:48",
"384","384","AA122","Entrée","20","0",,,"0","2023-04-20","7:50",
"385","385","VS27.1419","Entrée","0","0",,,"0","2023-04-20","8:43",
"386","386","BBARRO-3/4-BL","Mise à jour","550","0",,,"0","2023-04-20","8:44",
"387","387","BBARRO-3/4-BL","Mise à jour","500","0",,,"0","2023-04-20","8:45",
"388","388","BGARD-175VDCBL","Mise à jour","939","0",,,"0","2023-04-20","9:21",
"389","389","CGARD-175DCAR","Mise à jour","162","0",,,,"2023-04-20","9:23",
"390","390","CGARD-175DCGC","Mise à jour","325","0",,,,"2023-04-20","9:23",
"391","391","CGARD-300DCGC","Mise à jour","0","0",,,,"2023-04-20","9:25",
"392","392","CGARD-300DCNP","Mise à jour","1,361","0",,,,"2023-04-20","9:25",
"393","393","BGARD-175VDCGM","Mise à jour","300","0",,,,"2023-04-20","9:26",
"394","394","CGARD-300DCGM","Mise à jour","120","0",,,,"2023-04-20","9:26",
"395","395","BGARD-175VDCNP","Entrée","0","0",,,"0","2023-04-20","13:26",
"396","396","AQUALATCHNO","Sortie","1","0",,,"0","2023-04-24","5:51",
"397","397","AQUALATCHNO","Entrée","0","0",,,"0","2023-04-24","6:35",
"398","398","2371GY-F-750","Sortie","1","0",,,"0","2023-04-24","6:36",
"399","399","2371GY-F-750","Entrée","0","0",,,"0","2023-04-24","12:35",
"400","400","SSB48SM","Sortie","1","0",,,"0","2023-04-24","12:35",
"401","401","VS27.1415","Sortie","1","0",,,"0","2023-04-24","12:35",
"402","402","BGARD-175VDCBL","Sortie","180","0",,,"0","2023-04-24","12:36",
"403","403","VC1815.003","Sortie","1","0",,,"0","2023-04-24","12:36",
"404","404","VC1815.003","Sortie","1","0",,,"0","2023-04-24","12:37",
"405","405","VS27.1419","Sortie","1","0",,,"0","2023-04-24","12:37",
"406","406","BGARD-175VDCNO","Sortie","60","0",,,"0","2023-04-24","12:37",
"407","407","VS27.1411","Sortie","1","0",,,"0","2023-04-24","12:38",
"408","408","VS27.1419","Sortie","1","0",,,"0","2023-04-24","12:38",
"409","409","Capsule-BL","Sortie","3","0",,,"0","2023-04-24","12:38",
"410","410","Capsule-BR","Entrée","0","0",,,"0","2023-04-24","14:52",
"411","411","280-001","Sortie","500","0",,,"0","2023-04-24","14:53",
"412","412","5545903","Sortie","2","0",,,"0","2023-04-24","14:54",
"413","413","5640337","Entrée","0","0",,,"0","2023-04-24","15:25",
"414","414","Ruban clair 48mm","Sortie","2","0",,,"0","2023-04-24","15:27",
"415","415","VS27.1423 ","Sortie","1","0",,,"0","2023-04-25","8:35",
"416","416","3013018","Sortie","1","0",,,"0","2023-04-25","11:5",
"417","417","Polytubing 12""","Entrée","0","0",,,"0","2023-04-25","13:40",
"418","418","280-003","Sortie","500","0",,,"0","2023-04-25","13:40",
"419","419","280-003","Entrée","0","0",,,"0","2023-04-25","15:30",
"420","420","280-001","Sortie","350","0",,,"0","2023-04-25","15:31",
"421","421","280-001","Entrée","0","0",,,"0","2023-04-25","15:59",
"422","422","BGARD-175VDCNO","Sortie","120","0",,,"0","2023-04-27","8:17",
"423","423","999-A37708","Sortie","1","0",,,"0","2023-04-27","8:18",
"424","424","Capsule-NO","Sortie","1","0",,,"0","2023-04-27","8:18",
"425","425","OUT-0037","Sortie","4","0",,,"0","2023-04-27","8:18",
"426","426","SSGC411XX16B","Sortie","38","0",,,"0","2023-04-27","8:19",
"427","427","SSGC431XX16B","Sortie","38","0",,,"0","2023-04-27","8:19",
"428","428","AQUALATCHNO","Sortie","1","0",,,"0","2023-04-27","8:20",
"429","429","Penture3""","Sortie","2","0",,,"0","2023-04-27","8:20",
"430","430","CMCG-200-NO","Sortie","64","0",,,"0","2023-04-27","8:21",
"431","431","2371GY-F-750","Sortie","1","0",,,"0","2023-04-27","8:21",
"432","432","VC1815.003","Sortie","1","0",,,"0","2023-04-27","8:21",
"433","433","Capsule-BL","Sortie","1","0",,,"0","2023-04-27","8:22",
"434","434","CMCG-200-BL","Sortie","80","0",,,"0","2023-04-27","8:22",
"435","435","Cale","Sortie","2","0",,,"0","2023-04-27","8:22",
"436","436","VS27.1419","Sortie","1","0",,,"0","2023-04-27","8:23",
"437","437","5640337","Sortie","1","0",,,"0","2023-04-27","8:23",
"438","438","AQUALATCHBL","Sortie","2","0",,,"0","2023-04-27","8:24",
"439","439","80870-0001","Sortie","2","0",,,"0","2023-04-27","8:24",
"440","440","RouleauCarton","Entrée","0","0",,,"0","2023-04-27","11:59",
"441","441","999-A37708","Entrée","12","0",,,"0","2023-04-27","11:59",
"442","442","3040159","Entrée","0","0",,,"0","2023-04-27","14:2",
"443","443","VC1815.003","Sortie","4","0",,,"0","2023-05-01","6:0",
"444","444","BGARD-175VDCBL","Sortie","54","0",,,"0","2023-05-01","6:1",
"445","445","BGARD-175VDCBL","Sortie","54","0",,,"0","2023-05-01","6:1",
"446","446","VS27.1415","Sortie","1","0",,,"0","2023-05-01","6:2",
"447","447","BGARD-300VDCBL","Sortie","44","0",,,"0","2023-05-01","6:2",
"448","448","2371GY-F-750","Sortie","1","0",,,"0","2023-05-01","6:2",
"449","449","BGARD-175VDCNO","Sortie","120","0",,,"0","2023-05-01","6:3",
"450","450","VS27.1415","Sortie","1","0",,,"0","2023-05-01","6:3",
"451","451","CGARD-175DCNO","Sortie","198","0",,,"0","2023-05-01","6:3",
"452","452","999-A37708","Sortie","1","0",,,"0","2023-05-01","6:4",
"453","453","5545903","Sortie","3","0",,,"0","2023-05-01","6:4",
"454","454","SSB48SM","Entrée","2","0",,,"0","2023-05-01","6:20",
"455","455","VS27.1419","Sortie","1","0",,,"0","2023-05-01","6:24",
"456","456","Capsule-NO","Sortie","1","0",,,"0","2023-05-01","6:24",
"457","457","VS27.1411","Sortie","1","0",,,"0","2023-05-01","6:25",
"458","458","VS27.1419","Sortie","1","0",,,"0","2023-05-01","6:25",
"459","459","Cale","Sortie","2","0",,,"0","2023-05-01","6:29",
"460","460","Capsule-NO","Sortie","3","0",,,"0","2023-05-01","6:29",
"461","461","Capsule-BR","Entrée","0","0",,,"0","2023-05-01","7:21",
"462","462","999-A37708","Sortie","1","0",,,"0","2023-05-01","7:21",
"463","463","3040159","Entrée","0","0",,,"0","2023-05-01","16:7",
"464","464","VS27.1415","Sortie","1","0",,,"0","2023-05-02","15:56",
"465","465","BGARD-175VDCBL","Sortie","108","0",,,"0","2023-05-02","15:56",
"466","466","5545903","Sortie","1","0",,,"0","2023-05-02","15:57",
"467","467","2371GY-F-750","Sortie","1","0",,,"0","2023-05-02","15:57",
"468","468","280-001","Sortie","350","0",,,"0","2023-05-02","15:57",
"469","469","280-003","Sortie","500","0",,,"0","2023-05-02","15:58",
"470","470","SSGC411XX16B","Sortie","6","0",,,"0","2023-05-02","15:58",
"471","471","SSGC431XX16B","Sortie","6","0",,,"0","2023-05-02","15:58",
"472","472","AQUALATCHNO","Sortie","1","0",,,"0","2023-05-02","15:59",
"473","473","Capsule-BL","Sortie","1","0",,,"0","2023-05-02","15:59",
"474","474","280-001","Sortie","500","0",,,"0","2023-05-02","15:59",
"475","475","VS19.0808CA","Sortie","1","0",,,"0","2023-05-02","16:0",
"476","476","Cale","Sortie","1","0",,,"0","2023-05-03","14:8",
"477","477","2371GY-F-750","Sortie","1","0",,,"0","2023-05-03","14:15",
"478","478","VS27.1411","Sortie","1","0",,,"0","2023-05-03","14:16",
"479","479","VS27.1415","Sortie","1","0",,,"0","2023-05-03","14:16",
"480","480","VS27.1419","Sortie","1","0",,,"0","2023-05-03","14:16",
"481","481","VC7589","Sortie","1","0",,,"0","2023-05-03","14:18",
"482","482","999-A37708","Sortie","1","0",,,"0","2023-05-03","14:18",
"483","483","2371GY-F-750","Sortie","1","0",,,"0","2023-05-03","14:18",
"484","484","280-001","Sortie","400","0",,,"0","2023-05-03","14:18",
"485","485","CGARD-175DCBL","Sortie","198","0",,,"0","2023-05-03","14:19",
"486","486","SSGC411XX16B","Sortie","4","0",,,"0","2023-05-03","14:19",
"487","487","SSGC431XX16B","Sortie","4","0",,,"0","2023-05-03","14:19",
"488","488","CMCG-200-NO","Sortie","96","0",,,"0","2023-05-03","14:20",
"489","489","VS20.1015CA.V+","Sortie","1","0",,,"0","2023-05-03","14:20",
"490","490","Capsule-BR","Sortie","1","0",,,"0","2023-05-03","14:20",
"491","491","Capsule-BL","Sortie","1","0",,,"0","2023-05-03","14:21",
"492","492","Capsule-CH","Sortie","1","0",,,"0","2023-05-03","14:21",
"493","493","VS27.1415","Sortie","1","0",,,"0","2023-05-03","14:27",
"494","494","BGARD-175VDCNO","Sortie","240","0",,,"0","2023-05-03","14:27",
"495","495","BGARD-175VDCNP","Entrée","0","0",,,"0","2023-05-03","16:0",
"496","496","5545903","Sortie","2","0",,,"0","2023-05-03","16:0",
"497","497","Capsule-GM","Mise à jour","20","0",,,,"2023-05-04","7:26",
"498","498","BGARD-175VDCNP","Entrée","4,882","0",,,"0","2023-05-04","7:39",
"499","499","BGARD-300VDCNP","Entrée","1,288","0",,,"0","2023-05-04","7:40",
"500","500","Capsule-CH","Mise à jour","17","0",,,"0","2023-05-04","7:40",
"501","501","CGARD-175DCNP","Entrée","2,177","0",,,"0","2023-05-04","7:40",
"502","502","CGARD-300DCNP","Entrée","2,224","0",,,"0","2023-05-04","7:41",
"503","503","Capsule-AR","Mise à jour","24","0",,,,"2023-05-04","8:0",
"504","504","Capsule-BR","Entrée","0","0",,,"0","2023-05-04","8:31",
"505","505","Capsule-BR","Mise à jour","34","0",,,"0","2023-05-04","8:31",
"506","506","Capsule-CH","Mise à jour","24","0",,,"0","2023-05-04","8:45",
"507","507","Capsule-BR","Entrée","0","0",,,"0","2023-05-04","10:3",
"508","508","Bec de cane","Entrée","10","0",,,"0","2023-05-04","11:40",
"509","509","5545903","Sortie","3","0",,,"0","2023-05-04","15:55",
"510","510","999-A37708","Sortie","1","0",,,"0","2023-05-04","15:55",
"511","511","SSGC411XX16S","Sortie","2","0",,,"0","2023-05-09","10:40",
"512","512","SSGC431XX16S","Sortie","2","0",,,"0","2023-05-09","10:40",
"513","513","AQUALATCHNO","Sortie","2","0",,,"0","2023-05-09","11:45",
"514","514","BGARD-175VDCNO","Sortie","240","0",,,"0","2023-05-09","11:46",
"515","515","VS27.1415","Sortie","1","0",,,"0","2023-05-09","11:46",
"516","516","VS27.1419","Sortie","2","0",,,"0","2023-05-09","11:47",
"517","517","Capsule-GM","Sortie","1","0",,,"0","2023-05-09","11:47",
"518","518","5545903","Sortie","1","0",,,"0","2023-05-09","11:47",
"519","519","5640337","Sortie","1","0",,,"0","2023-05-09","11:48",
"520","520","VC1815.003","Sortie","1","0",,,"0","2023-05-09","11:48",
"521","521","Capsule-NO","Sortie","2","0",,,"0","2023-05-09","11:49",
"522","522","VS27.1415","Sortie","1","0",,,"0","2023-05-09","11:49",
"523","523","SSGC411XX16B","Sortie","4","0",,,"0","2023-05-09","11:49",
"524","524","SSGC431XX16B","Sortie","4","0",,,"0","2023-05-09","11:50",
"525","525","BGARD-300VDCBC","Sortie","44","0",,,"0","2023-05-09","11:50",
"526","526","AQUALATCHNO","Sortie","1","0",,,"0","2023-05-09","12:57",
"527","527","AQUALATCHNO","Entrée","0","0",,,"0","2023-05-09","13:56",
"528","528","BGARD-300VDCNO","Sortie","48","0",,,"0","2023-05-10","5:33",
"529","529","CMCG-200-GM","Mise à jour","242","0",,,,"2023-05-10","5:34",
"530","530","01-004-BOUT-NP","Mise à jour","174","0",,,,"2023-05-10","5:37",
"531","531","CMCG-200-GM","Mise à jour","142","0",,,,"2023-05-10","7:41",
"532","532","BBARRO-3/4-GM","Mise à jour","157","0",,,"0","2023-05-10","7:46",
"533","533","2371GY-F-750","Sortie","1","0",,,"0","2023-05-10","8:35",
"534","534","LOQNO","Sortie","1","0",,,"0","2023-05-10","9:7",
"535","535","280-003","Sortie","500","0",,,"0","2023-05-10","9:16",
"536","536","VS27.1415","Entrée","0","0",,,"0","2023-05-10","10:30",
"537","537","BoutRet-AR","Sortie","1","0",,,"0","2023-05-10","10:55",
"538","538","9741068","Sortie","1","0",,,"0","2023-05-10","14:28",
"539","539","2371GY-F-750","Sortie","2","0",,,"0","2023-05-10","14:9",
"540","540","VC1815.003","Sortie","1","0",,,"0","2023-05-11","9:33",
"541","541","VC7589","Entrée","79","0",,,"0","2023-05-12","9:33",
"542","542","VC7589","Sortie","79","0",,,"0","2023-05-12","9:34",
"543","543","VC1815.003","Entrée","79","0",,,"0","2023-05-12","9:34",
"544","544","VC1815.003","Sortie","1","0",,,"0","2023-05-12","9:34",
"545","545","MALU48","Sortie","13","0",,,"0","2023-05-12","13:37",
"546","546","MA224","Sortie","4","0",,,"0","2023-05-12","13:39",
"547","547","AA122","Sortie","3.5","0",,,"0","2023-05-12","13:39",
"548","548","BGARD-175VDCNO","Sortie","240","0",,,"0","2023-05-15","9:45",
"549","549","280-001","Sortie","400","0",,,"0","2023-05-15","12:55",
"550","550","VS27.1415","Sortie","1","0",,,"0","2023-05-15","12:55",
"551","551","Cale","Sortie","1","0",,,"0","2023-05-15","12:56",
"552","552","OUT-0037","Sortie","4","0",,,"0","2023-05-15","12:59",
"553","553","SSB48SM","Sortie","1","0",,,"0","2023-05-15","13:0",
"554","554","VS27.1419","Sortie","1","0",,,"0","2023-05-15","13:0",
"555","555","999-A37708","Sortie","1","0",,,"0","2023-05-15","13:1",
"556","556","5545903","Sortie","2","0",,,"0","2023-05-15","13:3",
"557","557","Capsule-NO","Sortie","2","0",,,"0","2023-05-15","13:3",
"558","558","Cale","Sortie","2","0",,,"0","2023-05-15","13:4",
"559","559","VS27.1419","Sortie","1","0",,,"0","2023-05-15","13:4",
"560","560","CMCG-200-NO","Sortie","144","0",,,"0","2023-05-15","13:5",
"561","561","VS27.1415","Sortie","1","0",,,"0","2023-05-15","13:6",
"562","562","VC7589","Sortie","2","0",,,"0","2023-05-15","13:6",
"563","563","Capsule-BL","Sortie","2","0",,,"0","2023-05-15","13:6",
"564","564","OUT-0037","Sortie","6","0",,,"0","2023-05-15","13:7",
"565","565","VS19.0808CA","Sortie","1","0",,,"0","2023-05-15","13:8",
"566","566","280-001","Sortie","350","0",,,"0","2023-05-15","13:8",
"567","567","VS27.1423 ","Sortie","1","0",,,"0","2023-05-15","13:9",
"568","568","3013006","Sortie","1","0",,,"0","2023-05-15","13:12",
"569","569","280-001","Sortie","350","0",,,"0","2023-05-15","13:17",
"570","570","5545903","Sortie","2","0",,,"0","2023-05-15","13:18",
"571","571","CGARD-175DCNO","Sortie","198","0",,,"0","2023-05-15","13:21",
"572","572","Capsule-GM","Sortie","1","0",,,"0","2023-05-15","13:22",
"573","573","3013006","Entrée","3","0",,,"0","2023-05-15","13:23",
"574","574","5640337","Entrée","4","0",,,"0","2023-05-15","13:24",
"575","575","5545903","Entrée","36","0",,,"0","2023-05-15","13:24",
"576","576","9741068","Entrée","2","0",,,"0","2023-05-15","13:26",
"577","577","5640337","Entrée","0","0",,,"0","2023-05-15","14:45",
"578","578","VC1815.003","Sortie","10","0",,,"0","2023-05-15","14:49",
"579","579","BoutRet-NO","Sortie","10","0",,,"0","2023-05-15","15:34",
"580","580","BoutRet-BL","Sortie","10","0",,,"0","2023-05-15","15:41",
"581","581","BoutRet-CH","Sortie","9","0",,,"0","2023-05-15","15:44",
"582","582","BoutRet-CH","Mise à jour","0","0",,,"0","2023-05-15","15:45",
"583","583","BoutRet-BR","Sortie","11","0",,,"0","2023-05-15","15:48",
"584","584","Capsule-GM","Sortie","1","0",,,"0","2023-05-16","5:27",
"585","585","AQUALATCHNO","Sortie","1","0",,,"0","2023-05-16","7:45",
"586","586","BGARD-175VDCNP","Entrée","14","0",,,"0","2023-05-16","8:56",
"587","587","2371GY-F-750","Entrée","14","0",,,"0","2023-05-16","8:57",
"588","588","AQUALATCHNO","Entrée","0","0",,,"0","2023-05-16","9:38",
"589","589","CGARD-175DCGM","Sortie","120","0",,,"0","2023-05-16","10:43",
"590","590","CGARD-175DCGM","Mise à jour","159","0",,,"0","2023-05-16","10:45",
"591","591","CGARD-175DCAR","Entrée","0","0",,,"0","2023-05-16","16:4",
"592","592","Capsule-NO","Sortie","2","0",,,"0","2023-05-17","7:53",
"593","593","VS27.1415","Sortie","1","0",,,"0","2023-05-17","7:53",
"594","594","5545903","Sortie","2","0",,,"0","2023-05-17","7:54",
"595","595","5640337","Sortie","1","0",,,"0","2023-05-17","7:54",
"596","596","VRJ61644","Sortie","10","0",,,"0","2023-05-17","7:54",
"597","597","VC1815.003","Sortie","10","0",,,"0","2023-05-17","7:55",
"598","598","SSB48SM","Entrée","2","0",,,"0","2023-05-17","10:16",
"599","599","280-001","Sortie","400","0",,,"0","2023-05-17","12:39",
"600","600","AQUALATCHNO","Sortie","1","0",,,"0","2023-05-17","13:6",
"601","601","Penture3""","Sortie","4","0",,,"0","2023-05-17","13:11",
"602","602","Bec de cane","Sortie","2","0",,,"0","2023-05-17","13:16",
"603","603","VC7589","Sortie","1","0",,,"0","2023-05-17","14:51",
"604","604","LOQBL","Sortie","2","0",,,"0","2023-05-17","15:2",
"605","605","LOQNO","Entrée","0","0",,,"0","2023-05-17","15:56",
"606","606","280-001","Sortie","400","0",,,"0","2023-05-17","15:56",
"607","607","2371GY-F-750","Sortie","1","0",,,"0","2023-05-17","15:56",
"608","608","5640337","Sortie","1","0",,,"0","2023-05-17","15:56",
"609","609","CGARD-300DCNO","Sortie","120","0",,,"0","2023-05-19","9:57",
"610","610","SSGC411XX16S","Sortie","8","0",,,"0","2023-05-19","9:58",
"611","611","SSGC431XX16S","Sortie","8","0",,,"0","2023-05-19","9:58",
"612","612","AQUALATCHNO","Sortie","1","0",,,"0","2023-05-19","9:59",
"613","613","280-003","Sortie","500","0",,,"0","2023-05-23","9:37",
"614","614","VS27.1415","Entrée","0","0",,,"0","2023-05-23","11:55",
"615","615","Équerre-Poteau-NP","Sortie","4","0",,,"0","2023-05-23","11:56",
"616","616","280-001","Sortie","350","0",,,"0","2023-05-23","11:56",
"617","617","5545903","Sortie","2","0",,,"0","2023-05-23","11:56",
"618","618","BGARD-175VDCBL","Sortie","108","0",,,"0","2023-05-23","11:57",
"619","619","BGARD-175VDCBL","Sortie","120","0",,,"0","2023-05-23","11:57",
"620","620","VRJ61032.CO","Sortie","1","0",,,"0","2023-05-23","11:58",
"621","621","VS27.1415","Sortie","1","0",,,"0","2023-05-23","11:59",
"622","622","SSGC431XX16S","Sortie","2","0",,,"0","2023-05-23","11:59",
"623","623","SSGC411XX16S","Sortie","2","0",,,"0","2023-05-23","11:59",
"624","624","CMCG-200-BL","Sortie","80","0",,,"0","2023-05-24","7:28",
"625","625","BBARRO-3/4-NO","Sortie","25","0",,,"0","2023-05-24","7:29",
"626","626","VS27.1411","Sortie","1","0",,,"0","2023-05-24","7:29",
"627","627","VS27.1419","Sortie","2","0",,,"0","2023-05-24","7:30",
"628","628","VC1815.003","Sortie","10","0",,,"0","2023-05-24","7:30",
"629","629","999-A37708","Sortie","1","0",,,"0","2023-05-24","7:31",
"630","630","80870-0001","Sortie","2","0",,,"0","2023-05-24","7:31",
"631","631","5545903","Sortie","2","0",,,"0","2023-05-24","7:32",
"632","632","CGARD-175DCNO","Sortie","198","0",,,"0","2023-05-24","7:32",
"633","633","LOQNO","Sortie","2","0",,,"0","2023-05-24","7:32",
"634","634","BGARD-175VDCBL","Sortie","114","0",,,"0","2023-05-24","7:33",
"635","635","BGARD-175VDCNO","Sortie","120","0",,,"0","2023-05-24","7:33",
"636","636","VS27.1423 ","Sortie","1","0",,,"0","2023-05-24","7:34",
"637","637","Capsule-BL","Sortie","1","0",,,"0","2023-05-24","7:34",
"638","638","Ruban clair 48mm","Sortie","1","0",,,"0","2023-05-24","7:36",
"639","639","BBARRO-3/4-NO","Sortie","25","0",,,"0","2023-05-24","7:50",
"640","640","BBARRO-3/4-CH","Sortie","25","0",,,"0","2023-05-24","7:50",
"641","641","BBARRO-3/4-BC","Sortie","25","0",,,"0","2023-05-24","7:52",
"642","642","BBARRO-3/4-BL","Sortie","25","0",,,"0","2023-05-24","7:54",
"643","643","VS27.1415","Sortie","1","0",,,"0","2023-05-24","7:55",
"644","644","BoutRet-NO","Sortie","10","0",,,"0","2023-05-24","7:59",
"645","645","VS27.1415","Mise à jour","22","0",,,"0","2023-05-24","8:2",
"646","646","VS27.1411","Mise à jour","13","0",,,"0","2023-05-24","8:8",
"647","647","2371GY-F-750","Sortie","1","0",,,"0","2023-05-24","8:8",
"648","648","2371GY-F-750","Sortie","1","0",,,"0","2023-05-24","8:14",
"649","649","VS19.0808CA","Sortie","1","0",,,"0","2023-05-24","8:22",
"650","650","280-001","Sortie","350","0",,,"0","2023-05-24","8:33",
"651","651","Penture3""","Sortie","2","0",,,"0","2023-05-24","13:34",
"652","652","Bec de cane","Sortie","1","0",,,"0","2023-05-24","13:35",
"653","653","VS27.1415","Sortie","1","0",,,"0","2023-05-24","13:49",
"654","654","PA624","Sortie","41","0",,,"0","2023-05-25","10:5",
"655","655","PA64.33","Entrée","6","0",,,"0","2023-05-25","10:7",
"656","656","AA122","Sortie",,"0",,,"0","2023-05-25","10:7",
"657","657","AA122","Sortie","5","0",,,"0","2023-05-25","10:8",
"658","658","PA614","Entrée","1","0",,,"0","2023-05-25","10:8",
"659","659","MA224","Sortie","7","0",,,"0","2023-05-25","10:9",
"660","660","MALU42","Sortie","14","0",,,"0","2023-05-25","10:9",
"661","661","MA224","Entrée","50","0",,,"0","2023-05-25","10:10",
"662","662","AA122","Entrée","50","0",,,"0","2023-05-25","10:10",
"663","663","PA624","Entrée","192","0",,,"0","2023-05-25","10:28",
"664","664","280-003","Sortie","500","0",,,"0","2023-05-25","11:6",
"665","665","5545903","Sortie","2","0",,,"0","2023-05-25","11:12",
"666","666","5640337","Entrée","0","0",,,"0","2023-05-25","11:53",
"667","667","VS17.0809CA","Sortie","1","0",,,"0","2023-05-25","13:54",
"668","668","VS20.1015CA.V+","Sortie","1","0",,,"0","2023-05-29","7:41",
"669","669","Capsule-NO","Sortie","2","0",,,"0","2023-05-29","7:41",
"670","670","Capsule-BL","Sortie","2","0",,,"0","2023-05-29","7:41",
"671","671","OUT-0037","Sortie","2","0",,,"0","2023-05-29","7:42",
"672","672","VC1815.003","Sortie","10","0",,,"0","2023-05-29","7:42",
"673","673","VS27.1419","Sortie","2","0",,,"0","2023-05-29","7:42",
"674","674","280-001","Sortie","400","0",,,"0","2023-05-29","7:43",
"675","675","BGARD-175VDCNO","Sortie","120","0",,,"0","2023-05-29","7:43",
"676","676","280-003","Sortie","500","0",,,"0","2023-05-29","7:44",
"677","677","VS27.1415","Entrée","0","0",,,"0","2023-05-29","8:57",
"678","678","SSGC411XX16S","Mise à jour","21","0",,,"0","2023-05-29","9:1",
"679","679","SSGC431XX16S","Mise à jour","30","0",,,"0","2023-05-29","9:1",
"680","680","SSB48SM","Sortie","1","0",,,"0","2023-05-29","11:41",
"681","681","SSB48SM","Entrée","0","0",,,"0","2023-05-29","12:48",
"682","682","LOQNO","Sortie","1","0",,,"0","2023-05-30","4:36",
"683","683","LOQNO","Entrée","0","0",,,"0","2023-05-30","5:26",
"684","684","VS27.1419","Sortie","2","0",,,"0","2023-05-30","5:26",
"685","685","BGARD-175VDCNO","Sortie","180","0",,,"0","2023-05-30","5:27",
"686","686","VS27.1415","Sortie","1","0",,,"0","2023-05-30","5:27",
"687","687","BGARD-175VDCBC","Sortie","54","0",,,"0","2023-05-30","5:27",
"688","688","2371GY-F-750","Sortie","1","0",,,"0","2023-05-30","5:27",
"689","689","280-001","Sortie","400","0",,,"0","2023-05-30","5:28",
"690","690","999-A11040","Sortie","1","0",,,"0","2023-05-30","5:29",
"691","691","999-A11040","Entrée","0","0",,,"0","2023-05-30","8:6",
"692","692","5545903","Sortie","1","0",,,"0","2023-05-30","8:33",
"693","693","3013006","Sortie","1","0",,,"0","2023-05-30","8:33",
"694","694","CMCG-200-BL","Sortie","80","0",,,"0","2023-05-30","8:46",
"695","695","280-001","Sortie","400","0",,,"0","2023-05-30","9:6",
"696","696","AQUALATCHNO","Sortie","1","0",,,"0","2023-05-30","13:37",
"697","697","999-A37708","Sortie","1","0",,,"0","2023-05-31","10:32",
"698","698","3040159","Entrée","0","0",,,"0","2023-05-31","11:12",
"699","699","LOQBL","Sortie","1","0",,,"0","2023-05-31","13:0",
"700","700","5640337","Sortie","1","0",,,"0","2023-06-01","4:32",
"701","701","BGARD-175VDCNO","Sortie","120","0",,,"0","2023-06-01","4:32",
"702","702","BGARD-300VDCNO","Sortie","44","0",,,"0","2023-06-01","4:33",
"703","703","LOQNO","Sortie","1","0",,,"0","2023-06-01","4:33",
"704","704","VS27.1415","Sortie","1","0",,,"0","2023-06-01","4:34",
"705","705","5545903","Sortie","2","0",,,"0","2023-06-01","4:34",
"706","706","Capsule-BL","Sortie","1","0",,,"0","2023-06-01","4:34",
"707","707","VS20.1015CA.V+","Sortie","1","0",,,"0","2023-06-01","4:34",
"708","708","BGARD-175VDCNO","Mise à jour","360","0",,,"0","2023-06-01","4:36",
"709","709","BGARD-300VDCNO","Sortie","48","0",,,"0","2023-06-01","4:36",
"710","710","VS30.1415.V+","Sortie","1","0",,,"0","2023-06-01","4:43",
"711","711","Capsule-NO","Sortie","1","0",,,"0","2023-06-01","5:53",
"712","712","Cale","Mise à jour","25","0",,,"0","2023-06-01","6:6",
"713","713","Cale","Mise à jour","31","0",,,"0","2023-06-01","6:11",
"714","714","Cale","Entrée","0","0",,,"0","2023-06-01","8:20",
"715","715","LOQNO","Sortie","1","0",,,"0","2023-06-01","8:22",
"716","716","AQUALATCHNO","Sortie","1","0",,,"0","2023-06-01","10:24",
"717","717","Capsule-BR","Sortie","1","0",,,"0","2023-06-01","10:24",
"718","718","80870-0001","Sortie","2","0",,,"0","2023-06-01","12:45",
"719","719","80870-0001","Mise à jour","15","0",,,"0","2023-06-01","13:7",
"720","720","RouleauCarton","Entrée","0","0",,,"0","2023-06-01","13:46",
"721","721","VC7589","Sortie","1","0",,,"0","2023-06-01","13:46",
"722","722","280-001","Sortie","350","0",,,"0","2023-06-01","13:47",
"723","723","999-A37708","Sortie","1","0",,,"0","2023-06-01","13:47",
"724","724","2371GY-F-750","Sortie","1","0",,,"0","2023-06-01","13:47",
"725","725","LOQNO","Sortie","1","0",,,"0","2023-06-01","13:48",
"726","726","280-001","Sortie","400","0",,,"0","2023-06-01","13:50",
"727","727","9741068","Sortie","1","0",,,"0","2023-06-01","13:51",
"728","728","VS19.0808CA","Sortie","1","0",,,"0","2023-06-01","13:51",
"729","729","VS19.0808CA","Entrée","0","0",,,"0","2023-06-01","14:18",
"730","730","BoutRet-CH","Entrée","10","0",,,"0","2023-06-01","15:59",
"731","731","MALU48","Sortie","3","0",,,"0","2023-06-02","11:13",
"732","732","AA122","Sortie","1","0",,,"0","2023-06-02","11:13",
"733","733","MA224","Sortie","1","0",,,"0","2023-06-02","11:13",
"734","734","VS27.1415","Sortie","1","0",,,"0","2023-06-05","5:35",
"735","735","VS27.1419","Sortie","1","0",,,"0","2023-06-05","5:36",
"736","736","Capsule-NO","Sortie","1","0",,,"0","2023-06-05","5:45",
"737","737","CGARD-175DCNO","Sortie","190","0",,,"0","2023-06-05","5:46",
"738","738","CGARD-175DCNO","Sortie","120","0",,,"0","2023-06-05","5:46",
"739","739","CGARD-175DCNO","Mise à jour","1,988","0",,,"0","2023-06-05","5:47",
"740","740","2371GY-F-750","Sortie","1","0",,,"0","2023-06-05","5:47",
"741","741","VRJ61644","Sortie","10","0",,,"0","2023-06-05","5:47",
"742","742","VS27.1415","Sortie","1","0",,,"0","2023-06-05","5:48",
"743","743","5545903","Sortie","2","0",,,"0","2023-06-05","5:48",
"744","744","5640337","Entrée","0","0",,,"0","2023-06-05","6:20",
"745","745","OUT-0037","Sortie","4","0",,,"0","2023-06-05","6:21",
"746","746","OUT-0037","Entrée","0","0",,,"0","2023-06-05","8:25",
"747","747","80870-0001","Sortie","2","0",,,"0","2023-06-05","13:2",
"748","748","RouleauCarton","Entrée","0","0",,,"0","2023-06-05","13:45",
"749","749","RouleauCarton","Entrée","0","0",,,"0","2023-06-05","16:4",
"750","750","BGARD-300VDCNO","Sortie","44","0",,,"0","2023-06-05","16:5",
"751","751","280-002","Sortie","400","0",,,"0","2023-06-05","16:5",
"752","752","BGARD-300VDCBC","Sortie","44","0",,,"0","2023-06-05","16:5",
"753","753","SSGC411XX16S","Entrée","100","0",,,"0","2023-06-06","6:56",
"754","754","SSGC431XX16S","Entrée","100","0",,,"0","2023-06-06","6:57",
"755","755","SSGCH40116S","Entrée","6","0",,,"0","2023-06-06","6:57",
"756","756","SSSPIGOTSMS","Entrée","30","0",,,"0","2023-06-06","6:59",
"757","757","SSGC431XX16B","Entrée","12","0",,,"0","2023-06-06","7:0",
"758","758","SSGC411XX16B","Entrée","12","0",,,"0","2023-06-06","7:0",
"759","759","BGARD-175VDCBL","Sortie","60","0",,,"0","2023-06-06","7:20",
"760","760","BGARD-175VDCNO","Sortie","60","0",,,"0","2023-06-06","7:20",
"761","761","BGARD-175VDCBL","Mise à jour","0","0",,,"0","2023-06-06","7:21",
"762","762","PA624","Sortie","16","0",,,"0","2023-06-06","8:15",
"763","763","PA68","Entrée","7","0",,,"0","2023-06-06","8:16",
"764","764","AA122","Sortie","3","0",,,"0","2023-06-06","8:16",
"765","765","MA224","Sortie","2","0",,,"0","2023-06-06","8:16",
"766","766","MALU42","Sortie","7","0",,,"0","2023-06-06","8:16",
"767","767","VC1815.003","Sortie","10","0",,,"0","2023-06-06","13:51",
"768","768","VS27.1411","Sortie","1","0",,,"0","2023-06-06","13:51",
"769","769","VS27.1415","Sortie","1","0",,,"0","2023-06-06","13:51",
"770","770","VS27.1419","Sortie","1","0",,,"0","2023-06-06","13:52",
"771","771","VS27.1423 ","Sortie","1","0",,,"0","2023-06-06","13:52",
"772","772","VS27.1419","Sortie","1","0",,,"0","2023-06-06","13:52",
"773","773","5545903","Sortie","2","0",,,"0","2023-06-06","13:52",
"774","774","SSGC411XX16S","Mise à jour","178","0",,,"0","2023-06-07","5:34",
"775","775","SSGC431XX16S","Sortie","40","0",,,"0","2023-06-07","5:34",
"776","776","SSGC431XX16S","Sortie","40","0",,,"0","2023-06-07","5:34",
"777","777","SSGC411XX16S","Mise à jour","138","0",,,"0","2023-06-07","5:35",
"778","778","SSGC431XX16S","Mise à jour","90","0",,,"0","2023-06-07","5:35",
"779","779","SSGC411XX16S","Mise à jour","90","0",,,"0","2023-06-07","5:38",
"780","780","SSGC411XX16S","Mise à jour","138","0",,,"0","2023-06-07","5:39",
"781","781","Penture3""","Sortie","6","0",,,"0","2023-06-07","15:37",
"782","782","Capsule-NO","Sortie","1","0",,,"0","2023-06-08","4:20",
"783","783","Capsule-GM","Sortie","1","0",,,"0","2023-06-08","4:20",
"784","784","VS27.1423 ","Sortie","1","0",,,"0","2023-06-08","4:21",
"785","785","VS27.1415","Sortie","1","0",,,"0","2023-06-08","4:21",
"786","786","280-001","Sortie","350","0",,,"0","2023-06-08","4:21",
"787","787","AQUALATCHNO","Sortie","1","0",,,"0","2023-06-08","4:22",
"788","788","LOQNO","Sortie","1","0",,,"0","2023-06-08","4:22",
"789","789","VC1815.003","Sortie","10","0",,,"0","2023-06-08","5:18",
"790","790","Capsule-BL","Sortie","1","0",,,"0","2023-06-08","5:19",
"791","791","VS27.1411","Sortie","1","0",,,"0","2023-06-08","5:19",
"792","792","VC1815.003","Mise à jour","8","0",,,"0","2023-06-08","5:20",
"793","793","Capsule-BL","Mise à jour","3","0",,,"0","2023-06-08","5:20",
"794","794","Capsule-BR","Entrée","0","0",,,"0","2023-06-08","7:24",
"795","795","AQUALATCHNO","Sortie","1","0",,,"0","2023-06-08","7:24",
"796","796","PA624","Sortie","3","0",,,"0","2023-06-08","7:52",
"797","797","AQUALATCHNO","Entrée","0","0",,,"0","2023-06-08","8:42",
"798","798","2371GY-F-750","Sortie","1","0",,,"0","2023-06-08","11:0",
"799","799","2371GY-F-750","Entrée","0","0",,,"0","2023-06-08","11:44",
"800","800","VRJ61644","Sortie","10","0",,,"0","2023-06-08","11:45",
"801","801","MALU48","Sortie","5","0",,,"0","2023-06-08","11:49",
"802","802","MALU48","Mise à jour","25","0",,,"0","2023-06-08","11:58",
"803","803","PA614","Sortie","1","0",,,"0","2023-06-08","13:46",
"804","804","MALU42","Entrée","0","0",,,"0","2023-06-08","14:54",
"805","805","VC1815.003","Sortie","8","0",,,"0","2023-06-08","15:50",
"806","806","VS19.0808CA","Sortie","1","0",,,"0","2023-06-08","15:54",
"807","807","Capsule-NO","Sortie","1","0",,,"0","2023-06-12","6:25",
"808","808","VS27.1419","Sortie","1","0",,,"0","2023-06-12","6:26",
"809","809","VRJ61032.CO","Sortie","10","0",,,"0","2023-06-12","14:29",
"810","810","VRJ61032.CO","Entrée","0","0",,,"0","2023-06-12","16:12",
"811","811","BGARD-175VDCNO","Sortie","120","0",,,"0","2023-06-13","4:37",
"812","812","5545903","Sortie","1","0",,,"0","2023-06-13","4:37",
"813","813","BGARD-300VDCNO","Sortie","44","0",,,"0","2023-06-13","4:37",
"814","814","80870-0001","Sortie","1","0",,,"0","2023-06-13","4:38",
"815","815","Ruban clair 48mm","Sortie","2","0",,,"0","2023-06-13","4:40",
"816","816","VC1815.003","Entrée","80","0",,,"0","2023-06-13","4:52",
"817","817","280-001","Sortie","500","0",,,"0","2023-06-13","11:2",
"818","818","CGARD-300DCNO","Sortie","135","0",,,"0","2023-06-13","14:52",
"819","819","CGARD-175DCAR","Entrée","0","0",,,"0","2023-06-13","15:56",
"820","820","BBARRO-3/4-GM","Mise à jour","141","0",,,"0","2023-06-14","4:28",
"821","821","5545903","Sortie","2","0",,,"0","2023-06-14","4:29",
"822","822","999-A37708","Sortie","1","0",,,"0","2023-06-14","4:29",
"823","823","280-001","Sortie","400","0",,,"0","2023-06-14","4:29",
"824","824","VS27.1415","Sortie","1","0",,,"0","2023-06-14","4:30",
"825","825","SSGC431XX16S","Sortie","28","0",,,"0","2023-06-14","4:30",
"826","826","SSGC411XX16S","Sortie","27","0",,,"0","2023-06-14","4:30",
"827","827","BGARD-175VDCNO","Sortie","60","0",,,"0","2023-06-14","4:31",
"828","828","SSGC411XX16S","Sortie","7","0",,,"0","2023-06-14","4:31",
"829","829","SSGC431XX16S","Sortie","5","0",,,"0","2023-06-14","4:31",
"830","830","AQUALATCHNO","Sortie","1","0",,,"0","2023-06-14","4:32",
"831","831","80870-0001","Sortie","1","0",,,"0","2023-06-14","4:32",
"832","832","Capsule-NO","Sortie","3","0",,,"0","2023-06-14","4:32",
"833","833","VS27.1415","Sortie","1","0",,,"0","2023-06-14","5:41",
"834","834","Capsule-BL","Sortie","1","0",,,"0","2023-06-14","5:41",
"835","835","Capsule-BR","Entrée","0","0",,,"0","2023-06-14","6:16",
"836","836","Capsule-GM","Sortie","1","0",,,"0","2023-06-14","11:59",
"837","837","VC1815.003","Sortie","10","0",,,"0","2023-06-14","12:0",
"838","838","AQUALATCHNO","Sortie","1","0",,,"0","2023-06-14","13:24",
"839","839","2371GY-F-750","Sortie","2","0",,,"0","2023-06-15","4:34",
"840","840","2371GY-F-750","Entrée","0","0",,,"0","2023-06-15","5:9",
"841","841","Cale","Sortie","1","0",,,"0","2023-06-15","5:41",
"842","842","999-A37708","Sortie","1","0",,,"0","2023-06-15","5:42",
"843","843","VC1815.003","Sortie","10","0",,,"0","2023-06-15","5:57",
"844","844","Cale","Sortie","2","0",,,"0","2023-06-15","6:6",
"845","845","Cale","Entrée","0","0",,,"0","2023-06-15","7:38",
"846","846","3013006","Mise à jour","4","0",,,"0","2023-06-15","10:33",
"847","847","3013006","Entrée","0","0",,,"0","2023-06-15","13:35",
"848","848","SSGCH40116S","Sortie","2","0",,,"0","2023-06-15","13:43",
"849","849","VS27.1415","Sortie","1","0",,,"0","2023-06-15","13:44",
"850","850","5640337","Sortie","1","0",,,"0","2023-06-15","13:44",
"851","851","VC7589","Sortie","5","0",,,"0","2023-06-15","13:45",
"852","852","280-003","Sortie","500","0",,,"0","2023-06-15","13:47",
"853","853","VS27.1415","Entrée","0","0",,,"0","2023-06-15","15:10",
"854","854","AQUALATCHNO","Sortie","1","0",,,"0","2023-06-15","15:10",
"855","855","Capsule-BL","Sortie","1","0",,,"0","2023-06-15","15:10",
"856","856","MALU48","Mise à jour","8","0",,,"0","2023-06-16","14:52",
"857","857","5545903","Sortie","2","0",,,"0","2023-06-19","8:12",
"858","858","VS27.1419","Sortie","1","0",,,"0","2023-06-19","8:13",
"859","859","999-A37708","Sortie","1","0",,,"0","2023-06-19","8:14",
"860","860","2371GY-F-750","Sortie","1","0",,,"0","2023-06-19","8:14",
"861","861","Capsule-GM","Sortie","1","0",,,"0","2023-06-19","8:14",
"862","862","Capsule-NO","Sortie","1","0",,,"0","2023-06-19","8:15",
"863","863","Capsule-BR","Entrée","0","0",,,"0","2023-06-19","8:47",
"864","864","VS27.1411","Sortie","1","0",,,"0","2023-06-19","8:47",
"865","865","PA64.33","Entrée","9","0",,,"0","2023-06-19","10:48",
"866","866","PA610","Mise à jour","21","0",,,,"2023-06-19","10:50",
"867","867","BGARD-300VDCBL","Sortie","48","0",,,"0","2023-06-19","12:1",
"868","868","BGARD-175VDCGM","Mise à jour","120","0",,,,"2023-06-19","12:2",
"869","869","BGARD-300VDCGM","Mise à jour","26","0",,,,"2023-06-19","12:2",
"870","870","AQUALATCHNO","Sortie","1","0",,,"0","2023-06-19","14:25",
"871","871","AQUALATCHNO","Entrée","0","0",,,"0","2023-06-19","15:27",
"872","872","VS27.1411","Sortie","1","0",,,"0","2023-06-20","6:39",
"873","873","VS27.1419","Sortie","1","0",,,"0","2023-06-20","6:39",
"874","874","Capsule-NO","Sortie","1","0",,,"0","2023-06-20","6:39",
"875","875","Capsule-BL","Sortie","1","0",,,"0","2023-06-20","6:40",
"876","876","Capsule-BR","Entrée","0","0",,,"0","2023-06-20","8:36",
"877","877","999-A37708","Sortie","1","0",,,"0","2023-06-20","12:1",
"878","878","MALU42","Sortie","3","0",,,"0","2023-06-21","4:32",
"879","879","CMCG-200-GM","Mise à jour","16","0",,,,"2023-06-21","4:46",
"880","880","01-004-BOUT-NP","Entrée","0","0",,,"0","2023-06-21","5:27",
"881","881","VS27.1411","Sortie","1","0",,,"0","2023-06-21","5:27",
"882","882","VS27.1419","Sortie","1","0",,,"0","2023-06-21","5:27",
"883","883","VC1815.003","Sortie","10","0",,,"0","2023-06-21","5:27",
"884","884","VRJ61644","Sortie","10","0",,,"0","2023-06-21","5:28",
"885","885","VC7589","Sortie","1","0",,,"0","2023-06-21","6:22",
"886","886","VC7589","Entrée","0","0",,,"0","2023-06-21","6:54",
"887","887","80870-0001","Sortie","1","0",,,"0","2023-06-21","6:55",
"888","888","RouleauCarton","Entrée","0","0",,,"0","2023-06-21","7:23",
"889","889","RouleauCarton","Entrée","0","0",,,"0","2023-06-21","7:23",
"890","890","999-A37708","Sortie","1","0",,,"0","2023-06-21","7:24",
"891","891","LOQBL","Sortie","1","0",,,"0","2023-06-21","8:31",
"892","892","5545903","Sortie","2","0",,,"0","2023-06-21","8:31",
"893","893","5545903","Sortie","2","0",,,"0","2023-06-21","8:32",
"894","894","SSB48SM","Sortie","1","0",,,"0","2023-06-21","8:32",
"895","895","280-001","Sortie","500","0",,,"0","2023-06-21","8:33",
"896","896","280-001","Mise à jour","17,840","0",,,"0","2023-06-21","8:36",
"897","897","BGARD-175VDCNO","Mise à jour","0","0",,,"0","2023-06-21","8:37",
"898","898","BGARD-175VDCNO","Entrée","2,160","0",,,"0","2023-06-21","8:45",
"899","899","BGARD-175VDCNO","Sortie","240","0",,,"0","2023-06-21","8:47",
"900","900","CGARD-175DCBL","Sortie","198","0",,,"0","2023-06-21","9:10",
"901","901","BBARRO-3/4-GM","Mise à jour","100","0",,,"0","2023-06-21","9:18",
"902","902","2371GY-F-750","Sortie","1","0",,,"0","2023-06-21","10:14",
"903","903","280-001","Sortie","400","0",,,"0","2023-06-21","10:56",
"904","904","VS27.1415","Sortie","1","0",,,"0","2023-06-21","10:56",
"905","905","VS30-1415V","Sortie","1","0",,,"0","2023-06-21","11:33",
"906","906","Capsule-NO","Sortie","2","0",,,"0","2023-06-21","11:37",
"907","907","Capsule-NO","Mise à jour","3","0",,,"0","2023-06-21","11:38",
"908","908","Capsule-GM","Sortie","2","0",,,"0","2023-06-21","11:53",
"909","909","LOQNO","Sortie","1","0",,,"0","2023-06-21","13:23",
"910","910","LOQNO","Entrée","0","0",,,"0","2023-06-21","14:7",
"911","911","BGARD-175VDCNO","Sortie","180","0",,,"0","2023-06-21","14:16",
"912","912","280-001","Sortie","400","0",,,"0","2023-06-21","14:17",
"913","913","CMCG-200-NO","Sortie","128","0",,,"0","2023-06-21","14:25",
"914","914","280-001","Sortie","350","0",,,"0","2023-06-21","14:56",
"915","915","280-001","Entrée","0","0",,,"0","2023-06-21","5:18",
"916","916","LOQBL","Sortie","1","0",,,"0","2023-06-22","7:42",
"917","917","3013006","Entrée","2","0",,,"0","2023-06-22","8:3",
"918","918","VS27.1415","Sortie","1","0",,,"0","2023-06-22","8:3",
"919","919","BGARD-300VDCNO","Sortie","48","0",,,"0","2023-06-22","8:3",
"920","920","2371GY-F-750","Sortie","1","0",,,"0","2023-06-22","8:4",
"921","921","AQUALATCHNO","Sortie","1","0",,,"0","2023-06-22","8:13",
"922","922","AQUALATCHNO","Entrée","0","0",,,"0","2023-06-22","10:5",
"923","923","BGARD-175VDCBL","Entrée","1,020","0",,,"0","2023-06-22","10:11",
"924","924","BGARD-175VDCNP","Sortie","1,020","0",,,"0","2023-06-22","10:11",
"925","925","BGARD-175VDCNP","Entrée","1,020","0",,,"0","2023-06-22","10:12",
"926","926","CMCG-200-BL","Entrée","193","0",,,"0","2023-06-22","10:18",
"927","927","BGARD-175VDCBL","Sortie","120","0",,,"0","2023-06-22","10:44",
"928","928","CMCG-200-BL","Mise à jour","349","0",,,,"2023-06-22","10:58",
"929","929","LOQNO","Sortie","1","0",,,"0","2023-06-22","15:3",
"930","930","VC7589","Sortie","3","0",,,"0","2023-06-26","5:45",
"931","931","VC7589","Entrée","0","0",,,"0","2023-06-26","6:1",
"932","932","OUT-0037","Sortie","8","0",,,"0","2023-06-26","6:1",
"933","933","Capsule-NO","Sortie","1","0",,,"0","2023-06-26","6:1",
"934","934","VS27.1419","Sortie","1","0",,,"0","2023-06-26","6:2",
"935","935","Cale","Sortie","2","0",,,"0","2023-06-26","6:2",
"936","936","Cale","Entrée","0","0",,,"0","2023-06-26","6:29",
"937","937","3013018","Entrée","2","0",,,"0","2023-06-26","8:2",
"938","938","3013018","Entrée","0","0",,,"0","2023-06-26","8:57",
"939","939","Capsule-GM","Sortie","2","0",,,"0","2023-06-26","10:48",
"940","940","5545903","Sortie","2","0",,,"0","2023-06-26","15:54",
"941","941","280-001","Sortie","500","0",,,"0","2023-06-26","15:56",
"942","942","VS19.0808CA","Sortie","1","0",,,"0","2023-06-26","15:57",
"943","943","9741068","Sortie","1","0",,,"0","2023-06-26","15:58",
"944","944","LOQNO","Sortie","1","0",,,"0","2023-06-27","4:52",
"945","945","VC1815.003","Sortie","10","0",,,"0","2023-06-27","5:11",
"946","946","VS27.1411","Sortie","1","0",,,"0","2023-06-27","5:28",
"947","947","VS27.1419","Sortie","1","0",,,"0","2023-06-27","5:29",
"948","948","Cale","Sortie","1","0",,,"0","2023-06-27","5:41",
"949","949","Cale","Entrée","0","0",,,"0","2023-06-27","6:26",
"950","950","Cale","Entrée","0","0",,,"0","2023-06-27","7:52",
"951","951","Cale","Entrée","0","0",,,"0","2023-06-27","8:56",
"952","952","AQUALATCHNO","Sortie","1","0",,,"0","2023-06-27","8:56",
"953","953","280-003","Sortie","450","0",,,"0","2023-06-27","8:58",
"954","954","SSGC411XX16S","Sortie","12","0",,,"0","2023-06-27","9:2",
"955","955","SSGC431XX16S","Sortie","12","0",,,"0","2023-06-27","9:3",
"956","956","MALU48","Entrée","100","0",,,"0","2023-06-27","10:56",
"957","957","MALU42","Entrée","0","0",,,"0","2023-06-27","11:39",
"958","958","Capsule-NO","Sortie","1","0",,,"0","2023-06-27","15:54",
"959","959","AQUALATCHBL","Sortie","1","0",,,"0","2023-06-28","4:27",
"960","960","AQUALATCHNO","Entrée","0","0",,,"0","2023-06-28","6:31",
"961","961","5545903","Mise à jour","44","0",,,"0","2023-06-28","6:32",
"962","962","LOQBL","Sortie","1","0",,,"0","2023-06-28","7:25",
"963","963","VS27.1415","Entrée","5","0",,,"0","2023-06-28","7:36",
"964","964","VS30-1415V","Entrée","1","0",,,"0","2023-06-28","7:37",
"965","965","LOQNO","Entrée","5","0",,,"0","2023-06-28","7:39",
"966","966","80870-0001","Sortie","1","0",,,"0","2023-06-28","7:55",
"967","967","VS27.1423 ","Entrée","1","0",,,"0","2023-06-28","7:56",
"968","968","LOQNO","Sortie","1","0",,,"0","2023-06-28","4:30",
"969","969","LOQNO","Entrée","0","0",,,"0","2023-06-29","5:1",
"970","970","CGARD-300DCBC","Sortie","60","0",,,"0","2023-06-29","5:1",
"971","971","Cale","Sortie","1","0",,,"0","2023-06-29","5:1",
"972","972","2371GY-F-750","Mise à jour","16","0",,,,"2023-06-29","5:2",
"973","973","VS20.1015CA.V+","Sortie","1","0",,,"0","2023-06-29","5:22",
"974","974","VS20.1015CA.V+","Mise à jour","3","0",,,"0","2023-06-29","5:22",
"975","975","LOQNO","Sortie","2","0",,,"0","2023-06-29","5:37",
"976","976","BBARRO-3/4-NO","Sortie","25","0",,,"0","2023-06-29","5:41",
"977","977","2371GY-F-750","Sortie","1","0",,,"0","2023-06-29","8:17",
"978","978","AttacheMurale-BL","Sortie","13","0",,,"0","2023-06-29","8:34",
"979","979","BGARD-175VDCNO","Sortie","240","0",,,"0","2023-06-29","10:37",
"980","980","VS27.1415","Sortie","1","0",,,"0","2023-06-29","10:37",
"981","981","5640337","Sortie","1","0",,,"0","2023-06-29","10:38",
"982","982","BoutRet-NO","Sortie","9","0",,,"0","2023-06-29","10:38",
"983","983","280-001","Sortie","350","0",,,"0","2023-06-29","10:38",
"984","984","999-A37708","Sortie","1","0",,,"0","2023-06-29","10:38",
"985","985","VS27.1419","Sortie","1","0",,,"0","2023-06-29","13:56",
"986","986","OUT-0037","Sortie","4","0",,,"0","2023-06-29","15:0",
"987","987","AQUALATCHNO","Sortie","2","0",,,"0","2023-07-03","7:13",
"988","988","AQUALATCHNO","Entrée","0","0",,,"0","2023-07-03","8:5",
"989","989","VS17.0809CA","Sortie","1","0",,,"0","2023-07-03","10:29",
"990","990","280-002","Sortie","380","0",,,"0","2023-07-03","10:34",
"991","991","280-002","Entrée","0","0",,,"0","2023-07-03","11:7",
"992","992","LOQNO","Sortie","1","0",,,"0","2023-07-03","11:7",
"993","993","LOQNO","Entrée","0","0",,,"0","2023-07-03","11:37",
"994","994","LOQNO","Entrée","0","0",,,"0","2023-07-03","11:37",
"995","995","VC1815.003","Sortie","20","0",,,"0","2023-07-04","5:47",
"996","996","AQUALATCHNO","Sortie","1","0",,,"0","2023-07-04","7:54",
"997","997","BBARRO-3/4-NO","Sortie","25","0",,,"0","2023-07-04","7:55",
"998","998","BGARD-175VDCNP","Entrée","0","0",,,"0","2023-07-04","8:56",
"999","999","999-A37708","Sortie","1","0",,,"0","2023-07-04","8:56",
"1000","1,000","SSB48SM","Entrée","3","0",,,"0","2023-07-04","12:6",
"1001","1,001","SSB48SM","Entrée","0","0",,,"0","2023-07-04","14:15",
"1002","1,002","AQUALATCHNO","Sortie","1","0",,,"0","2023-07-04","14:16",
"1003","1,003","AQUALATCHNO","Entrée","0","0",,,"0","2023-07-04","14:51",
"1004","1,004","AQUALATCHNO","Sortie","1","0",,,"0","2023-07-04","14:51",
"1005","1,005","AQUALATCHNO","Mise à jour","4","0",,,"0","2023-07-04","14:51",
"1006","1,006","280-001","Sortie","350","0",,,"0","2023-07-05","7:54",
"1007","1,007","PentureRessort","Sortie","1","0",,,"0","2023-07-05","8:49",
"1008","1,008","AQUALATCHNO","Sortie","1","0",,,"0","2023-07-05","8:58",
"1009","1,009","AQUALATCHNO","Entrée","0","0",,,"0","2023-07-05","10:41",
"1010","1,010","Penture3""","Sortie","1","0",,,"0","2023-07-05","10:53",
"1011","1,011","AQUALATCHNO","Sortie","1","0",,,"0","2023-07-05","10:58",
"1012","1,012","LOQBL","Entrée","10","0",,,"0","2023-07-05","11:8",
"1013","1,013","LOQNO","Entrée","30","0",,,"0","2023-07-05","11:12",
"1014","1,014","5545903","Sortie","3","0",,,"0","2023-07-05","11:22",
"1015","1,015","VS27.1415","Sortie","1","0",,,"0","2023-07-05","11:22",
"1016","1,016","VS27.1419","Sortie","1","0",,,"0","2023-07-05","11:22",
"1017","1,017","BGARD-300VDCNO","Sortie","44","0",,,"0","2023-07-05","11:23",
"1018","1,018","5545903","Entrée","1","0",,,"0","2023-07-05","11:23",
"1019","1,019","BGARD-175VDCNO","Sortie","240","0",,,"0","2023-07-05","11:23",
"1020","1,020","VS19.0808CA","Sortie","1","0",,,"0","2023-07-05","11:23",
"1021","1,021","280-003","Sortie","450","0",,,"0","2023-07-05","11:24",
"1022","1,022","BGARD-300VDCAR","Sortie","26","0",,,"0","2023-07-05","11:24",
"1023","1,023","2371GY-F-750","Sortie","1","0",,,"0","2023-07-05","11:24",
"1024","1,024","VRJ61644","Sortie","10","0",,,"0","2023-07-05","11:25",
"1025","1,025","SSGC411XX16S","Sortie","4","0",,,"0","2023-07-05","11:25",
"1026","1,026","SSGC431XX16S","Sortie","4","0",,,"0","2023-07-05","11:25",
"1027","1,027","VS27.1415","Sortie","1","0",,,"0","2023-07-05","11:25",
"1028","1,028","3013006","Sortie","1","0",,,"0","2023-07-05","11:26",
"1029","1,029","3013006","Entrée","0","0",,,"0","2023-07-05","12:6",
"1030","1,030","80870-0001","Sortie","1","0",,,"0","2023-07-05","13:22",
"1031","1,031","80870-0001","Sortie","1","0",,,"0","2023-07-05","13:24",
"1032","1,032","VS19.0808CA","Sortie","1","0",,,"0","2023-07-06","7:7",
"1033","1,033","VS27.1423 ","Mise à jour","1","0",,,,"2023-07-06","10:19",
"1034","1,034","VS27.1423 ","Mise à jour","0","0",,,,"2023-07-06","10:20",
"1035","1,035","AQUALATCHBL","Entrée","1","0",,,"0","2023-07-06","13:37",
"1036","1,036","AQUALATCHNO","Entrée","15","0",,,"0","2023-07-06","13:39",
"1037","1,037","5545903","Sortie","2","0",,,"0","2023-07-06","15:24",
"1038","1,038","BGARD-300VDCBL","Sortie","48","0",,,"0","2023-07-06","15:24",
"1039","1,039","280-001","Sortie","500","0",,,"0","2023-07-06","15:24",
"1040","1,040","80870-0001","Sortie","2","0",,,"0","2023-07-06","15:25",
"1041","1,041","CGARD-175DCNO","Sortie","198","0",,,"0","2023-07-06","15:25",
"1042","1,042","BGARD-300VDCBC","Sortie","48","0",,,"0","2023-07-06","15:25",
"1043","1,043","SSGC411XX16S","Sortie","13","0",,,"0","2023-07-06","15:26",
"1044","1,044","SSGC431XX16S","Sortie","23","0",,,"0","2023-07-06","15:26",
"1045","1,045","Penture3""","Mise à jour","18","0",,,"0","2023-07-06","16:6",
"1046","1,046","PentureRessort","Mise à jour","35","0",,,"0","2023-07-06","16:6",
"1047","1,047","LOQBL","Sortie","1","0",,,"0","2023-07-10","4:36",
"1048","1,048","LOQNO","Entrée","0","0",,,"0","2023-07-10","5:40",
"1049","1,049","VS27.1411","Sortie","1","0",,,"0","2023-07-10","5:40",
"1050","1,050","VS27.1419","Sortie","1","0",,,"0","2023-07-10","5:40",
"1051","1,051","VC1815.003","Sortie","10","0",,,"0","2023-07-10","5:41",
"1052","1,052","VC1815.003","Sortie","10","0",,,"0","2023-07-10","5:51",
"1053","1,053","999-A11040","Sortie","1","0",,,"0","2023-07-10","6:34",
"1054","1,054","999-A37708","Entrée","12","0",,,"0","2023-07-10","8:6",
"1055","1,055","3040159","Entrée","0","0",,,"0","2023-07-10","8:31",
"1056","1,056","280-001","Sortie","350","0",,,"0","2023-07-10","8:31",
"1057","1,057","Polytubing 12""","Réception","1","0",,,"0","2023-07-10","9:14",
"1058","1,058","Polytubing 12""","Sortie","1","0",,,"0","2023-07-10","9:14",
"1059","1,059","AQUALATCHNO","Sortie","1","0",,,"0","2023-07-10","10:49",
"1060","1,060","PentureRessort","Sortie","1","0",,,"0","2023-07-10","10:50",
"1061","1,061","Penture3""","Sortie","1","0",,,"0","2023-07-10","11:13",
"1062","1,062","BGARD-175VDCGM","Sortie","60","0",,,"0","2023-07-10","11:32",
"1063","1,063","AQUALATCHNO","Sortie","1","0",,,"0","2023-07-10","11:39",
"1064","1,064","BGARD-300VDCBL","Mise à jour","460","0",,,"0","2023-07-10","11:51",
"1065","1,065","BGARD-300VDCNO","Mise à jour","888","0",,,"0","2023-07-10","11:56",
"1066","1,066","BGARD-300VDCNP","Mise à jour","1,903","0",,,"0","2023-07-10","11:57",
"1067","1,067","CGARD-175DCGM","Entrée","112","0",,,"0","2023-07-10","13:12",
"1068","1,068","CGARD-175DCGC","Entrée","198","0",,,"0","2023-07-10","13:12",
"1069","1,069","BGARD-175VDCNP","Entrée","54","0",,,"0","2023-07-10","13:18",
"1070","1,070","CGARD-175DCNO","Mise à jour","1,386","0",,,"0","2023-07-10","13:19",
"1071","1,071","CGARD-300DCGM","Mise à jour","57","0",,,,"2023-07-10","13:21",
"1072","1,072","CGARD-300DCBL","Mise à jour","480","0",,,,"2023-07-10","13:21",
"1073","1,073","CGARD-300DCNP","Mise à jour","3,110","0",,,"0","2023-07-10","13:23",
"1074","1,074","BGARD-175VDCNP","Sortie-Peinture","480","1","BGARD-175VDCNO","2023-07-13","0","2023-07-10","13:28","INV-2023-Noir-3"
"1075","1,075","CGARD-300DCNP","Sortie-Peinture","250","1","CGARD-300DCGC","2023-08-24","0","2023-07-10","13:30","INV-2023-2-GC"
"1076","1,076","BGARD-300VDCNP","Sortie-Peinture","112","1","BGARD-300VDCGC","2023-08-24","0","2023-07-10","13:31","INV-2023-2-GC"
"1077","1,077","BGARD-175VDCNP","Sortie-Peinture","84","1","BGARD-175VDCBL","2023-08-24","0","2023-07-10","13:34","INV-2023-1-BL"
"1078","1,078","VS27.1419","Sortie","1","0",,,"0","2023-07-10","13:39",
"1079","1,079","LOQNO","Sortie","1","0",,,"0","2023-07-10","13:50",
"1080","1,080","PentureRessort","Sortie","1","0",,,"0","2023-07-10","13:51",
"1081","1,081","LOQNO","Sortie","1","0",,,"0","2023-07-10","14:9",
"1082","1,082","Penture3""","Sortie","1","0",,,"0","2023-07-10","14:10",
"1083","1,083","PentureRessort","Sortie","1","0",,,"0","2023-07-10","14:13",
"1084","1,084","01-004-BOUT-NP","Mise à jour","131","0",,,"0","2023-07-10","14:23",
"1085","1,085","01-004-BOUT-NO","Mise à jour","26","0",,,,"2023-07-10","14:23",
"1086","1,086","CMCG-200-GM","Mise à jour","0","0",,,,"2023-07-10","14:26",
"1087","1,087","CMCG-200-NP","Sortie-Peinture","504","1","CMCG-200-NO","2023-07-13","0","2023-07-10","14:27","INV-2023-Noir-3"
"1088","1,088","01-004-BOUT-NP","Sortie-Peinture","18","1","01-004-BOUT-CH","2023-08-24","0","2023-07-10","14:29","INV-2023-2-GC"
"1089","1,089","CMCG-200-NP","Sortie-Peinture","100","1","CMCG-200-CH","2023-08-24","0","2023-07-10","14:30","INV-2023-2-GC"
"1090","1,090","PlaqueMC-NP","Sortie-Peinture","20","1","PlaqueMC-CH","2023-08-24","0","2023-07-10","14:32","INV-2023-2-GC"
"1091","1,091","ÉquerreM-NP","Sortie-Peinture","90","1","ÉquerreM-NO","2023-07-13","0","2023-07-10","14:34","INV-2023-Noir-3"
"1092","1,092","PGondG","Entrée","0","0",,,"0","2023-07-10","14:47",
"1093","1,093","Cale","Sortie","1","0",,,"0","2023-07-10","14:48",
"1094","1,094","BBARRO-3/4-NO","Sortie","25","0",,,"0","2023-07-10","14:57",
"1095","1,095","BGARD-175VDCNP","Entrée","0","0",,,"0","2023-07-10","15:38",
"1096","1,096","Capsule-CH","Sortie","1","0",,,"0","2023-07-10","15:54",
"1097","1,097","Capsule-AR","Sortie","1","0",,,"0","2023-07-10","15:54",
"1098","1,098","VS27.1415","Sortie","1","0",,,"0","2023-07-10","15:55",
"1099","1,099","80870-0001","Sortie","1","0",,,"0","2023-07-10","15:55",
"1100","1,100","VS27.1415","Sortie","1","0",,,"0","2023-07-10","15:57",
"1101","1,101","999-A37708","Sortie","1","0",,,"0","2023-07-10","16:1",
"1102","1,102","2371GY-F-750","Sortie","1","0",,,"0","2023-07-10","16:2",
"1103","1,103","5545903","Sortie","2","0",,,"0","2023-07-10","16:2",
"1104","1,104","SSB48SM","Sortie","1","0",,,"0","2023-07-10","16:2",
"1105","1,105","VS27.1415","Sortie","1","0",,,"0","2023-07-11","5:39",
"1106","1,106","LOQNO","Sortie","1","0",,,"0","2023-07-11","5:42",
"1107","1,107","Penture3""","Sortie","1","0",,,"0","2023-07-11","5:43",
"1108","1,108","AQUALATCHNO","Sortie","1","0",,,"0","2023-07-11","7:59",
"1109","1,109","PentureRessort","Sortie","1","0",,,"0","2023-07-11","8:18",
"1110","1,110","Penture3""","Sortie","1","0",,,"0","2023-07-11","8:18",
"1111","1,111","AQUALATCHNO","Sortie","1","0",,,"0","2023-07-11","8:26",
"1112","1,112","LOQNO","Sortie","1","0",,,"0","2023-07-11","10:4",
"1113","1,113","CMCG-200-NO","Mise à jour","220","0",,,,"2023-07-11","10:42",
"1114","1,114","Penture3""","Sortie","4","0",,,"0","2023-07-11","10:56",
"1115","1,115","PentureRessort","Sortie","4","0",,,"0","2023-07-11","10:56",
"1116","1,116","80870-0001","Entrée","44","0",,,"0","2023-07-11","11:31",
"1117","1,117","RouleauCarton","Entrée","0","0",,,"0","2023-07-11","12:32",
"1118","1,118","LOQNO","Sortie","1","0",,,"0","2023-07-11","13:23",
"1119","1,119","LOQNO","Entrée","0","0",,,"0","2023-07-11","13:55",
"1120","1,120","80870-0001","Mise à jour","53","0",,,"0","2023-07-11","13:55",
"1121","1,121","VS26.1827","Sortie","1","0",,,"0","2023-07-11","15:7",
"1122","1,122","AQUALATCHBL","Sortie","1","0",,,"0","2023-07-11","15:38",
"1123","1,123","AQUALATCHNO","Sortie","1","0",,,"0","2023-07-12","5:35",
"1124","1,124","AQUALATCHNO","Entrée","0","0",,,"0","2023-07-12","6:13",
"1125","1,125","BBARRO-3/4-BL","Sortie","25","0",,,"0","2023-07-12","6:14",
"1126","1,126","BoutRet-BL","Sortie","12","0",,,"0","2023-07-12","6:22",
"1127","1,127","VS19.0808CA","Sortie","1","0",,,"0","2023-07-12","6:42",
"1128","1,128","VS19.0808CA","Entrée","0","0",,,"0","2023-07-12","8:18",
"1129","1,129","LOQNO","Sortie","1","0",,,"0","2023-07-12","10:7",
"1130","1,130","LOQNO","Entrée","0","0",,,"0","2023-07-12","15:55",
"1131","1,131","BBARRO-3/4-NO","Sortie","25","0",,,"0","2023-07-12","15:55",
"1132","1,132","Cale","Sortie","1","0",,,"0","2023-07-13","5:34",
"1133","1,133","280-001","Sortie","350","0",,,"0","2023-07-13","5:35",
"1134","1,134","BGARD-300VDCBL","Sortie","48","0",,,"0","2023-07-13","5:35",
"1135","1,135","BGARD-175VDCGC","Sortie","54","0",,,"0","2023-07-13","5:35",
"1136","1,136","BGARD-175VDCBL","Sortie","120","0",,,"0","2023-07-13","5:36",
"1137","1,137","280-001","Sortie","350","0",,,"0","2023-07-13","5:36",
"1138","1,138","CGARD-300DCAR","Mise à jour","240","0",,,,"2023-07-13","5:46",
"1139","1,139","CGARD-175DCAR","Entrée","0","0",,,"0","2023-07-13","8:5",
"1140","1,140","PentureRessort","Sortie","2","0",,,"0","2023-07-13","8:5",
"1141","1,141","Penture3""","Sortie","2","0",,,"0","2023-07-13","8:5",
"1142","1,142","LOQNO","Sortie","1","0",,,"0","2023-07-13","8:17",
"1143","1,143","VC1815.003","Réception","20","0",,,"0","2023-07-13","8:51",
"1144","1,144","VS27.1423 ","Réception","1,000","0",,,"0","2023-07-13","8:54",
"1145","1,145","SSGC431XX16S","Entrée","40","0",,,"0","2023-07-13","8:57",
"1146","1,146","SSSPIGOTSMS","Mise à jour","7","0",,,"0","2023-07-13","9:0",
"1147","1,147","LOQBL","Sortie","3","0",,,"0","2023-07-13","10:7",
"1148","1,148","SSGC431XX16S","Entrée","10","0",,,"0","2023-07-13","10:19",
"1149","1,149","SSGC431XX16S","Mise à jour","66","0",,,"0","2023-07-13","10:19",
"1150","1,150","SSPFEB180","Entrée","10","0",,,"0","2023-07-13","13:23",
"1151","1,151","SSPFGL90SSS","Entrée","2","0",,,"0","2023-07-13","13:23",
"1152","1,152","CGARD-300DCNO","Sortie","120","0",,,"0","2023-07-17","4:27",
"1153","1,153","BGARD-300VDCNO","Sortie","48","0",,,"0","2023-07-17","4:45",
"1154","1,154","VIS 20-0809V+","Entrée","1","0",,,"0","2023-07-17","6:7",
"1155","1,155","VS27.1419","Entrée","6","0",,,"0","2023-07-17","6:7",
"1156","1,156","VS27.1411","Entrée","6","0",,,"0","2023-07-17","6:8",
"1157","1,157","VS27.1415","Entrée","5","0",,,"0","2023-07-17","6:8",
"1158","1,158","VS27.1415","Réception","0","0",,,"0","2023-07-17","8:21",
"1159","1,159","5545903","Sortie","1","0",,,"0","2023-07-17","8:21",
"1160","1,160","PentureRessort","Sortie","1","0",,,"0","2023-07-17","10:34",
"1161","1,161","Penture3""","Sortie","1","0",,,"0","2023-07-17","10:36",
"1162","1,162","AQUALATCHNO","Sortie","2","0",,,"0","2023-07-17","10:47",
"1163","1,163","AQUALATCHNO","Entrée","0","0",,,"0","2023-07-17","11:23",
"1164","1,164","PentureRessort","Sortie","1","0",,,"0","2023-07-17","11:23",
"1165","1,165","Penture3""","Sortie","1","0",,,"0","2023-07-17","11:23",
"1166","1,166","LOQNO","Sortie","1","0",,,"0","2023-07-17","11:30",
"1167","1,167","PentureRessort","Entrée","4","0",,,"0","2023-07-17","12:0",
"1168","1,168","Penture3""","Entrée","13","0",,,"0","2023-07-17","12:0",
"1169","1,169","PGondG","Entrée","0","0",,,"0","2023-07-17","12:46",
"1170","1,170","AQUALATCHBL","Sortie","1","0",,,"0","2023-07-17","12:46",
"1171","1,171","PentureRessort","Sortie","1","0",,,"0","2023-07-17","13:12",
"1172","1,172","Penture3""","Sortie","1","0",,,"0","2023-07-17","13:12",
"1173","1,173","LOQNO","Sortie","1","0",,,"0","2023-07-17","13:21",
"1174","1,174","BGARD-175VDCNP","Sortie","30","0",,,"0","2023-07-17","15:21",
"1175","1,175","CMCG-200-NP","Sortie","20","0",,,"0","2023-07-17","15:22",
"1176","1,176","VRJ61032.CO","Mise à jour","0","0",,,,"2023-07-17","15:30",
"1177","1,177","PentureRessort","Sortie","1","0",,,"0","2023-07-17","15:54",
"1178","1,178","Penture3""","Sortie","1","0",,,"0","2023-07-17","15:54",
"1179","1,179","LOQBL","Sortie","2","0",,,"0","2023-07-17","15:58",
"1180","1,180","5545903","Sortie","1","0",,,"0","2023-07-18","4:14",
"1181","1,181","BGARD-175VDCBC","Sortie","60","0",,,"0","2023-07-18","4:14",
"1182","1,182","BGARD-175VDCNO","Sortie","60","0",,,"0","2023-07-18","4:14",
"1183","1,183","VS27.1415","Sortie","1","0",,,"0","2023-07-18","4:15",
"1184","1,184","2371GY-F-750","Sortie","1","0",,,"0","2023-07-18","4:15",
"1185","1,185","280-001","Sortie","500","0",,,"0","2023-07-18","4:15",
"1186","1,186","3013006","Sortie","1","0",,,"0","2023-07-18","4:16",
"1187","1,187","999-A37708","Sortie","1","0",,,"0","2023-07-18","4:17",
"1188","1,188","9741068","Sortie","1","0",,,"0","2023-07-18","4:17",
"1189","1,189","3013018","Sortie","1","0",,,"0","2023-07-18","6:38",
"1190","1,190","LOQNO","Sortie","1","0",,,"0","2023-07-18","8:51",
"1191","1,191","LOQNO","Entrée","0","0",,,"0","2023-07-18","9:44",
"1192","1,192","CGARD-175DCBL","Sortie","198","0",,,"0","2023-07-18","9:45",
"1193","1,193","CGARD-175DCAR","Entrée","0","0",,,"0","2023-07-18","11:52",
"1194","1,194","Cale","Sortie","2","0",,,"0","2023-07-18","12:51",
"1195","1,195","VS30.1415.V+","Sortie","1","0",,,"0","2023-07-18","13:39",
"1196","1,196","280-001","Sortie","350","0",,,"0","2023-07-18","14:8",
"1197","1,197","BGARD-300VDCNO","Sortie","44","0",,,"0","2023-07-18","14:8",
"1198","1,198","BGARD-175VDCNO","Sortie","60","0",,,"0","2023-07-18","14:8",
"1199","1,199","BGARD-175VDCBL","Sortie","60","0",,,"0","2023-07-18","14:9",
"1200","1,200","VS27.1415","Sortie","1","0",,,"0","2023-07-18","14:9",
"1201","1,201","VC7589","Sortie","2","0",,,"0","2023-07-18","14:10",
"1202","1,202","MALU42","Sortie","3","0",,,"0","2023-07-18","14:17",
"1203","1,203","MALU42","Entrée","0","0",,,"0","2023-07-18","15:1",
"1204","1,204","BGARD-175VDCBL","Mise à jour","792","0",,,"0","2023-07-18","15:14",
"1205","1,205","BGARD-175VDCNP","Réception","0","0",,,"0","2023-07-18","15:59",
"1206","1,206","VS20-0811CA","Mise à jour","1","0",,,,"2023-07-19","8:46",
"1207","1,207","Capsule-NO","Mise à jour","7","0",,,"0","2023-07-19","11:36",
"1208","1,208","Capsule-BL","Entrée","17","0",,,"0","2023-07-19","11:37",
"1209","1,209","LOQNO","Sortie","1","0",,,"0","2023-07-19","11:49",
"1210","1,210","VRJ61644","Sortie","10","0",,,"0","2023-07-19","13:3",
"1211","1,211","PA624","Mise à jour","194","0",,,"0","2023-07-20","10:49",
"1212","1,212","PA610","Mise à jour","50","0",,,,"2023-07-20","10:49",
"1213","1,213","PA68","Mise à jour","6","0",,,"0","2023-07-20","10:49",
"1214","1,214","AA122","Mise à jour","85","0",,,"0","2023-07-20","10:58",
"1215","1,215","MA224","Mise à jour","67","0",,,"0","2023-07-20","10:58",
"1216","1,216","MALU42","Mise à jour","68","0",,,"0","2023-07-20","11:9",
"1217","1,217","HDPE","Mise à jour","62","0",,,,"2023-07-20","13:45",
"1218","1,218","80870-0001","Sortie","3","0",,,"0","2023-07-20","13:45",
"1219","1,219","5545903","Sortie","6","0",,,"0","2023-07-20","13:46",
"1220","1,220","BBARRO-3/4-NO","Sortie","25","0",,,"0","2023-07-20","13:46",
"1221","1,221","VS27.1419","Sortie","1","0",,,"0","2023-07-20","13:46",
"1222","1,222","280-001","Sortie","350","0",,,"0","2023-07-20","13:46",
"1223","1,223","VS20.1015CA.V+","Sortie","1","0",,,"0","2023-07-20","13:48",
"1224","1,224","BBARRO-3/4-BL","Sortie","25","0",,,"0","2023-08-07","5:6",
"1225","1,225","VS27.1419","Sortie","1","0",,,"0","2023-08-07","5:8",
"1226","1,226","VS27.1419","Mise à jour","7","0",,,"0","2023-08-07","5:8",
"1227","1,227","VC7589","Mise à jour","120","0",,,,"2023-08-07","5:25",
"1228","1,228","VC7589","Mise à jour","320","0",,,,"2023-08-07","5:26",
"1229","1,229","CMCG-200-BL","Sortie","57","0",,,"0","2023-08-07","5:31",
"1230","1,230","PentureRessort","Sortie","5","0",,,"0","2023-08-07","5:40",
"1231","1,231","Penture3""","Sortie","5","0",,,"0","2023-08-07","5:40",
"1232","1,232","VS19.0808CA","Sortie","1","0",,,"0","2023-08-07","7:24",
"1233","1,233","VS17.0809CA","Sortie","1","0",,,"0","2023-08-07","7:24",
"1234","1,234","Penture3""","Sortie","1","0",,,"0","2023-08-07","13:26",
"1235","1,235","PGondG","Entrée","0","0",,,"0","2023-08-07","14:4",
"1236","1,236","280-001","Sortie","350","0",,,"0","2023-08-08","4:24",
"1237","1,237","280-001","Entrée","0","0",,,"0","2023-08-08","7:35",
"1238","1,238","80870-0001","Sortie","1","0",,,"0","2023-08-08","7:38",
"1239","1,239","Clip Barriere","Mise à jour","99","0",,,,"2023-08-08","8:37",
"1240","1,240","ArretBarriere","Mise à jour","7","0",,,,"2023-08-08","8:50",
"1241","1,241","AQUALATCHBL","Sortie","1","0",,,"0","2023-08-08","9:15",
"1242","1,242","CGARD-300DCBL","Sortie","120","0",,,"0","2023-08-08","9:18",
"1243","1,243","BGARD-300VDCBC","Mise à jour","140","0",,,"0","2023-08-08","9:39",
"1244","1,244","BGARD-175VDCNP","Entrée","0","0",,,"0","2023-08-08","10:27",
"1245","1,245","BBARRO-3/4-NO","Mise à jour","325","0",,,"0","2023-08-08","10:52",
"1246","1,246","VS27.1411","Sortie","1","0",,,"0","2023-08-08","15:40",
"1247","1,247","280-003","Sortie","450","0",,,"0","2023-08-08","15:40",
"1248","1,248","80870-0001","Sortie","1","0",,,"0","2023-08-08","15:41",
"1249","1,249","BGARD-175VDCNO","Sortie","60","0",,,"0","2023-08-10","4:26",
"1250","1,250","BGARD-175VDCBL","Sortie","72","0",,,"0","2023-08-10","4:26",
"1251","1,251","VS27.1415","Sortie","1","0",,,"0","2023-08-10","4:27",
"1252","1,252","999-A37708","Sortie","3","0",,,"0","2023-08-10","4:27",
"1253","1,253","AQUALATCHBL","Sortie","1","0",,,"0","2023-08-10","7:57",
"1254","1,254","LOQBL","Sortie","1","0",,,"0","2023-08-10","11:14",
"1255","1,255","LOQNO","Entrée","0","0",,,"0","2023-08-10","13:57",
"1256","1,256","LOQNO","Sortie","1","0",,,"0","2023-08-10","13:57",
"1257","1,257","MALU48","Sortie","3","0",,,"0","2023-08-10","14:2",
"1258","1,258","LOQNO","Entrée","0","0",,,"0","2023-08-10","15:50",
"1259","1,259","80870-0001","Sortie","2","0",,,"0","2023-08-14","4:14",
"1260","1,260","Capsule-NO","Sortie","1","0",,,"0","2023-08-14","7:17",
"1261","1,261","AQUALATCHNO","Entrée","0","0",,,"0","2023-08-14","7:59",
"1262","1,262","AQUALATCHNO","Sortie","1","0",,,"0","2023-08-14","8:0",
"1263","1,263","AQUALATCHNO","Entrée","0","0",,,"0","2023-08-14","9:5",
"1264","1,264","AQUALATCHNO","Sortie","1","0",,,"0","2023-08-14","9:17",
"1265","1,265","AQUALATCHNO","Entrée","0","0",,,"0","2023-08-14","10:10",
"1266","1,266","Capsule-NO","Sortie","1","0",,,"0","2023-08-15","4:22",
"1267","1,267","Capsule-BR","Entrée","0","0",,,"0","2023-08-15","5:49",
"1268","1,268","SSGC411XX16S","Sortie","8","0",,,"0","2023-08-15","7:37",
"1269","1,269","SSGC431XX16S","Sortie","8","0",,,"0","2023-08-15","7:37",
"1270","1,270","SSGC411XX16S","Sortie","12","0",,,"0","2023-08-15","7:37",
"1271","1,271","SSGC431XX16S","Sortie","12","0",,,"0","2023-08-15","7:38",
"1272","1,272","BGARD-175VDCNO","Sortie","120","0",,,"0","2023-08-15","7:38",
"1273","1,273","BGARD-300VDCBL","Sortie","44","0",,,"0","2023-08-15","7:38",
"1274","1,274","5545903","Sortie","2","0",,,"0","2023-08-15","7:40",
"1275","1,275","VRJ61644","Sortie","10","0",,,"0","2023-08-15","7:50",
"1276","1,276","VS27.1419","Sortie","1","0",,,"0","2023-08-15","7:50",
"1277","1,277","VS19.0808CA","Entrée","0","0",,,"0","2023-08-15","8:20",
"1278","1,278","ÉquerreM-BL","Mise à jour","52","0",,,,"2023-08-15","8:49",
"1279","1,279","ÉquerreM-NO","Mise à jour","43","0",,,,"2023-08-15","8:49",
"1280","1,280","ÉquerreM-NP","Entrée","318","0",,,"0","2023-08-15","8:49",
"1281","1,281","CGARD-175DCNO","Sortie","198","0",,,"0","2023-08-15","9:46",
"1282","1,282","CGARD-175DCAR","Entrée","0","0",,,"0","2023-08-15","10:16",
"1283","1,283","SSSPIGOTSMS","Entrée","18","0",,,"0","2023-08-15","11:28",
"1284","1,284","AQUALATCHNO","Mise à jour","6","0",,,"0","2023-08-15","11:58",
"1285","1,285","LOQNO","Sortie","2","0",,,"0","2023-08-15","14:18",
"1286","1,286","LOQNO","Entrée","0","0",,,"0","2023-08-15","14:50",
"1287","1,287","280-001","Sortie","350","0",,,"0","2023-08-16","4:31",
"1288","1,288","SSGC411XX16S","Mise à jour","102","0",,,"0","2023-08-16","4:52",
"1289","1,289","SSGC431XX16S","Mise à jour","52","0",,,"0","2023-08-16","4:52",
"1290","1,290","SSGC411XX16B","Mise à jour","26","0",,,"0","2023-08-16","4:53",
"1291","1,291","SSGC431XX16B","Mise à jour","22","0",,,"0","2023-08-16","4:53",
"1292","1,292","OUT-0037","Mise à jour","44","0",,,"0","2023-08-16","4:57",
"1293","1,293","5545903","Mise à jour","19","0",,,"0","2023-08-16","4:58",
"1294","1,294","999-A11040","Mise à jour","12","0",,,"0","2023-08-16","5:1",
"1295","1,295","999-A11040","Mise à jour","11","0",,,"0","2023-08-16","5:1",
"1296","1,296","280-002","Sortie","400","0",,,"0","2023-08-16","5:8",
"1297","1,297","Capsule-NO","Sortie","1","0",,,"0","2023-08-16","5:40",
"1298","1,298","Capsule-CH","Sortie","1","0",,,"0","2023-08-16","5:41",
"1299","1,299","Capsule-GM","Mise à jour","12","0",,,"0","2023-08-16","5:41",
"1300","1,300","Capsule-NO","Sortie","2","0",,,"0","2023-08-16","5:42",
"1301","1,301","Capsule-BR","Entrée","0","0",,,"0","2023-08-16","7:24",
"1302","1,302","Penture3""","Sortie","2","0",,,"0","2023-08-16","8:41",
"1303","1,303","PentureRessort","Sortie","3","0",,,"0","2023-08-16","8:42",
"1304","1,304","AQUALATCHNO","Sortie","1","0",,,"0","2023-08-16","8:48",
"1305","1,305","VS27.1415","Sortie","1","0",,,"0","2023-08-17","4:16",
"1306","1,306","BGARD-175VDCNO","Sortie","60","0",,,"0","2023-08-17","4:16",
"1307","1,307","5545903","Sortie","1","0",,,"0","2023-08-17","4:16",
"1308","1,308","5640337","Entrée","0","0",,,"0","2023-08-17","5:9",
"1309","1,309","VS19.0808CA","Sortie","1","0",,,"0","2023-08-17","5:10",
"1310","1,310","VS27.1419","Sortie","1","0",,,"0","2023-08-17","5:27",
"1311","1,311","5545903","Sortie","1","0",,,"0","2023-08-17","11:42",
"1312","1,312","SSGC411XX16S","Sortie","30","0",,,"0","2023-08-17","11:43",
"1313","1,313","SSGC431XX16S","Sortie","30","0",,,"0","2023-08-17","11:43",
"1314","1,314","BGARD-175VDCNO","Sortie","60","0",,,"0","2023-08-17","11:43",
"1315","1,315","280-001","Sortie","700","0",,,"0","2023-08-17","11:44",
"1316","1,316","AQUALATCHNO","Sortie","1","0",,,"0","2023-08-17","13:5",
"1317","1,317","BBARRO-3/4-NO","Sortie","25","0",,,"0","2023-08-17","13:23",
"1318","1,318","BBARRO-3/4-NO","Sortie","25","0",,,"0","2023-08-17","14:10",
"1319","1,319","BGARD-175VDCNP","Réception","0","0",,,"0","2023-08-17","14:52",
"1320","1,320","AQUALATCHBL","Entrée","2","0",,,"0","2023-08-17","14:52",
"1321","1,321","AQUALATCHNO","Entrée","5","0",,,"0","2023-08-17","14:54",
"1322","1,322","VS27.1419","Mise à jour","7","0",,,"0","2023-08-17","14:57",
"1323","1,323","BoutRet-NO","Mise à jour","9","0",,,"0","2023-08-17","14:58",
"1324","1,324","BoutRet-CH","Mise à jour","0","0",,,"0","2023-08-17","15:0",
"1325","1,325","BoutRet-BR","Mise à jour","12","0",,,"0","2023-08-17","15:2",
"1326","1,326","BoutRet-AR","Mise à jour","4","0",,,"0","2023-08-17","15:2",
"1327","1,327","80870-0001","Sortie","1","0",,,"0","2023-08-21","5:28",
"1328","1,328","BoutRet-NO","Sortie","9","0",,,"0","2023-08-21","8:41",
"1329","1,329","BoutRet-NO","Entrée","0","0",,,"0","2023-08-21","9:40",
"1330","1,330","Cale","Sortie","2","0",,,"0","2023-08-21","11:18",
"1331","1,331","VS27.1415","Sortie","1","0",,,"0","2023-08-21","11:18",
"1332","1,332","LOQNO","Sortie","1","0",,,"0","2023-08-21","12:55",
"1333","1,333","PentureRessort","Sortie","1","0",,,"0","2023-08-21","13:2",
"1334","1,334","Penture3""","Sortie","1","0",,,"0","2023-08-21","13:2",
"1335","1,335","PGondG","Entrée","0","0",,,"0","2023-08-21","14:7",
"1336","1,336","Capsule-BL","Sortie","1","0",,,"0","2023-08-22","4:20",
"1337","1,337","80870-0001","Sortie","1","0",,,"0","2023-08-22","4:20",
"1338","1,338","2371GY-F-750","Sortie","1","0",,,"0","2023-08-22","4:20",
"1339","1,339","BGARD-175VDCBL","Sortie","60","0",,,"0","2023-08-22","4:21",
"1340","1,340","Capsule-NO","Sortie","1","0",,,"0","2023-08-22","4:21",
"1341","1,341","BGARD-175VDCNO","Sortie","120","0",,,"0","2023-08-22","4:21",
"1342","1,342","VS27.1415","Sortie","1","0",,,"0","2023-08-22","4:22",
"1343","1,343","BGARD-300VDCBL","Sortie","48","0",,,"0","2023-08-22","4:22",
"1344","1,344","3013006","Sortie","1","0",,,"0","2023-08-22","4:23",
"1345","1,345","AQUALATCHNO","Sortie","1","0",,,"0","2023-08-22","8:32",
"1346","1,346","VC1815.003","Sortie","11","0",,,"0","2023-08-22","8:45",
"1347","1,347","Capsule-NO","Sortie","1","0",,,"0","2023-08-22","8:55",
"1348","1,348","AQUALATCHNO","Sortie","1","0",,,"0","2023-08-22","9:21",
"1349","1,349","PentureRessort","Sortie","1","0",,,"0","2023-08-22","9:24",
"1350","1,350","Penture3""","Sortie","1","0",,,"0","2023-08-22","9:24",
"1351","1,351","CGARD-175DCNO","Sortie","198","0",,,"0","2023-08-22","9:35",
"1352","1,352","CGARD-175DCAR","Entrée","0","0",,,"0","2023-08-22","10:9",
"1353","1,353","LOQNO","Sortie","1","0",,,"0","2023-08-22","11:1",
"1354","1,354","LOQNO","Entrée","0","0",,,"0","2023-08-22","11:33",
"1355","1,355","VC7589","Sortie","20","0",,,"0","2023-08-22","11:33",
"1356","1,356","PentureRessort","Sortie","1","0",,,"0","2023-08-22","13:0",
"1357","1,357","Penture3""","Sortie","1","0",,,"0","2023-08-22","13:0",
"1358","1,358","AQUALATCHNO","Sortie","2","0",,,"0","2023-08-22","13:5",
"1359","1,359","LOQNO","Sortie","1","0",,,"0","2023-08-22","13:6",
"1360","1,360","VS27.1419","Sortie","1","0",,,"0","2023-08-22","14:23",
"1361","1,361","5545903","Sortie","2","0",,,"0","2023-08-22","15:33",
"1362","1,362","BGARD-300VDCNO","Sortie","44","0",,,"0","2023-08-23","4:9",
"1363","1,363","80870-0001","Sortie","1","0",,,"0","2023-08-23","4:9",
"1364","1,364","5545903","Sortie","2","0",,,"0","2023-08-23","4:9",
"1365","1,365","5545903","Sortie","2","0",,,"0","2023-08-23","4:12",
"1366","1,366","5640337","Entrée","0","0",,,"0","2023-08-23","4:14",
"1367","1,367","VS27.1415","Sortie","2","0",,,"0","2023-08-23","4:15",
"1368","1,368","VS19.0808CA","Sortie","1","0",,,"0","2023-08-23","4:16",
"1369","1,369","VS19.0808CA","Mise à jour","15","0",,,"0","2023-08-23","4:16",
"1370","1,370","SSSPIGOTSMS","Sortie","25","0",,,"0","2023-08-23","4:26",
"1371","1,371","SSGC431XX16S","Sortie","2","0",,,"0","2023-08-23","4:27",
"1372","1,372","SSPFEB180","Sortie","8","0",,,"0","2023-08-23","4:35",
"1373","1,373","SSPFEB180","Entrée","0","0",,,"0","2023-08-23","5:11",
"1374","1,374","280-001","Sortie","350","0",,,"0","2023-08-23","5:14",
"1375","1,375","VS27.1423 ","Sortie","500","0",,,"0","2023-08-23","5:45",
"1376","1,376","PentureRessort","Sortie","1","0",,,"0","2023-08-23","11:33",
"1377","1,377","Penture3""","Sortie","1","0",,,"0","2023-08-23","11:34",
"1378","1,378","AQUALATCHNO","Sortie","1","0",,,"0","2023-08-23","11:47",
"1379","1,379","AQUALATCHNO","Sortie","1","0",,,"0","2023-08-23","12:59",
"1380","1,380","PentureRessort","Sortie","1","0",,,"0","2023-08-23","13:14",
"1381","1,381","Penture3""","Sortie","1","0",,,"0","2023-08-23","13:14",
"1382","1,382","LOQNO","Sortie","1","0",,,"0","2023-08-23","13:28",
"1383","1,383","CMCG-200-GM","Entrée","17","0",,,"0","2023-08-23","15:0",
"1384","1,384","CMCG-200-GM","Sortie","17","0",,,"0","2023-08-23","15:2",
"1385","1,385","BGARD-175VDCGM","Entrée","30","0",,,"0","2023-08-23","15:3",
"1386","1,386","BGARD-175VDCGC","Entrée","28","0",,,"0","2023-08-24","5:19",
"1387","1,387","BGARD-175VDCNP","Entrée","0","0",,,"0","2023-08-24","6:7",
"1388","1,388","SSPFGL180S","Sortie","1","0",,,"0","2023-08-24","10:13",
"1389","1,389","PentureRessort","Sortie","1","0",,,"0","2023-08-24","13:39",
"1390","1,390","Penture3""","Sortie","1","0",,,"0","2023-08-24","13:39",
"1391","1,391","LOQBL","Sortie","1","0",,,"0","2023-08-24","13:50",
"1392","1,392","80870-0001","Sortie","1","0",,,"0","2023-08-24","15:36",
"1393","1,393","BGARD-175VDCNO","Sortie","120","0",,,"0","2023-08-24","15:37",
"1394","1,394","BGARD-300VDCNO","Sortie","44","0",,,"0","2023-08-24","15:37",
"1395","1,395","VS27.1415","Sortie","1","0",,,"0","2023-08-24","15:37",
"1396","1,396","5545903","Sortie","2","0",,,"0","2023-08-24","15:39",
"1397","1,397","BGARD-175VDCNP","Mise à jour","286","0",,,"0","2023-08-25","8:15",
"1398","1,398","BGARD-300VDCNP","Mise à jour","1,881","0",,,"0","2023-08-25","8:26",
"1399","1,399","CGARD-175DCNP","Mise à jour","3,427","0",,,,"2023-08-25","8:38",
"1400","1,400","CGARD-300DCGM","Mise à jour","53","0",,,,"2023-08-25","8:44",
"1401","1,401","CGARD-300DCNO","Mise à jour","505","0",,,"0","2023-08-25","8:46",
"1402","1,402","CGARD-300DCNP","Mise à jour","3,090","0",,,"0","2023-08-25","8:48",
"1403","1,403","SSGC411XX16S","Sortie","2","0",,,"0","2023-08-28","5:15",
"1404","1,404","SSGC431XX16S","Sortie","2","0",,,"0","2023-08-28","5:15",
"1405","1,405","MALU48","Sortie","3","0",,,"0","2023-08-28","5:15",
"1406","1,406","VC7589","Sortie","25","0",,,"0","2023-08-28","5:59",
"1407","1,407","280-003","Sortie","450","0",,,"0","2023-08-28","6:13",
"1408","1,408","280-001","Entrée","0","0",,,"0","2023-08-28","7:3",
"1409","1,409","VRJ61644","Mise à jour","40","0",,,"0","2023-08-29","4:2",
"1410","1,410","280-001","Sortie","350","0",,,"0","2023-08-29","4:45",
"1411","1,411","VS27.1419","Sortie","1","0",,,"0","2023-08-29","6:12",
"1412","1,412","VS19.0808CA","Entrée","0","0",,,"0","2023-08-29","7:22",
"1413","1,413","VS27.1415","Sortie","1","0",,,"0","2023-08-29","8:2",
"1414","1,414","VS19.0808CA","Entrée","0","0",,,"0","2023-08-29","10:13",
"1415","1,415","LOQNO","Sortie","1","0",,,"0","2023-08-29","11:21",
"1416","1,416","LOQNO","Entrée","0","0",,,"0","2023-08-29","12:22",
"1417","1,417","BBARRO-3/4-NO","Sortie","25","0",,,"0","2023-08-29","12:23",
"1418","1,418","PentureRessort","Entrée","7","0",,,"0","2023-08-29","14:29",
"1419","1,419","PentureRessort","Mise à jour","19","0",,,"0","2023-08-29","14:29",
"1420","1,420","VS27.1419","Entrée","3","0",,,"0","2023-08-29","14:31",
"1421","1,421","VS27.1415","Entrée","6","0",,,"0","2023-08-29","14:32",
"1422","1,422","AQUALATCHNO","Entrée","7","0",,,"0","2023-08-29","14:33",
"1423","1,423","SSGC411XX16S","Mise à jour","52","0",,,"0","2023-08-29","14:34",
"1424","1,424","SSGC431XX16S","Mise à jour","18","0",,,"0","2023-08-29","14:35",
"1425","1,425","SSGC431XX16S","Mise à jour","0","0",,,"0","2023-08-29","14:35",
"1426","1,426","80870-0001","Sortie","1","0",,,"0","2023-08-30","4:36",
"1427","1,427","RouleauCarton","Entrée","0","0",,,"0","2023-08-30","5:45",
"1428","1,428","Cale","Sortie","1","0",,,"0","2023-08-30","5:45",
"1429","1,429","VC7589","Sortie","3","0",,,"0","2023-08-30","5:46",
"1430","1,430","LOQNO","Sortie","1","0",,,"0","2023-08-30","7:15",
"1431","1,431","5545903","Sortie","2","0",,,"0","2023-08-30","7:30",
"1432","1,432","5640337","Entrée","0","0",,,"0","2023-08-30","10:18",
"1433","1,433","LOQNO","Sortie","1","0",,,"0","2023-08-30","10:22",
"1434","1,434","BGARD-175VDCNO","Sortie","60","0",,,"0","2023-08-31","4:23",
"1435","1,435","BGARD-175VDCBL","Sortie","60","0",,,"0","2023-08-31","4:23",
"1436","1,436","BGARD-300VDCAR","Sortie","44","0",,,"0","2023-08-31","4:24",
"1437","1,437","CGARD-300DCNO","Sortie","120","0",,,"0","2023-08-31","7:10",
"1438","1,438","LOQNO","Sortie","1","0",,,"0","2023-08-31","7:19",
"1439","1,439","AQUALATCHNO","Sortie","1","0",,,"0","2023-08-31","8:7",
"1440","1,440","80870-0001","Sortie","1","0",,,"0","2023-08-31","10:49",
"1441","1,441","SSGC431XX16S","Entrée","32","0",,,"0","2023-08-31","11:22",
"1442","1,442","SSPFGL180S","Entrée","1","0",,,"0","2023-08-31","11:24",
"1443","1,443","Penture3""","Entrée","5","0",,,"0","2023-08-31","11:41",
"1444","1,444","Penture3""","Mise à jour","6","0",,,"0","2023-08-31","11:43",
"1445","1,445","VS27.1415","Entrée","2","0",,,"0","2023-08-31","11:48",
"1446","1,446","VS27.1419","Entrée","2","0",,,"0","2023-08-31","11:49",
"1447","1,447","Capsule-NO","Entrée","16","0",,,"0","2023-08-31","15:37",
"1448","1,448","VS27.1415","Sortie","1","0",,,"0","2023-09-01","10:37",
"1449","1,449","Capsule-BL","Entrée","11","0",,,"0","2023-09-01","11:57",
"1450","1,450","01-004-BOUT-CH","Sortie","2","0",,,"0","2023-09-05","8:4",
"1451","1,451","01-004-BOUT-NP","Entrée","0","0",,,"0","2023-09-05","8:59",
"1452","1,452","BGARD-175VDCNP","Réception","5,280","0",,,"0","2023-09-05","11:0",
"1453","1,453","BGARD-300VDCNP","Réception","1,344","0",,,"0","2023-09-05","11:1",
"1454","1,454","PentureRessort","Sortie","9","0",,,"0","2023-09-05","14:58",
"1455","1,455","Penture3""","Sortie","6","0",,,"0","2023-09-05","14:58",
"1456","1,456","LOQNO","Sortie","1","0",,,"0","2023-09-05","15:0",
"1457","1,457","Capsule-BR","Mise à jour","12","0",,,"0","2023-09-05","15:34",
"1458","1,458","Capsule-CH","Mise à jour","21","0",,,"0","2023-09-05","15:34",
"1459","1,459","Capsule-AR","Mise à jour","22","0",,,"0","2023-09-05","15:35",
"1460","1,460","BBARRO-3/4-BL","Mise à jour","475","0",,,"0","2023-09-05","15:36",
"1461","1,461","AttacheMurale-BL","Mise à jour","12","0",,,"0","2023-09-05","15:37",
"1462","1,462","AttacheMurale-NO","Mise à jour","69","0",,,,"2023-09-05","15:37",
"1463","1,463","PlaqueMC-BL","Mise à jour","38","0",,,,"2023-09-05","15:37",
"1464","1,464","PlaqueMC-NO","Mise à jour","70","0",,,,"2023-09-05","15:38",
"1465","1,465","01-004-BOUT-BR","Mise à jour","30","0",,,,"2023-09-05","15:38",
"1466","1,466","01-004-BOUT-BL","Mise à jour","30","0",,,,"2023-09-05","15:38",
"1467","1,467","VS19.0808CA","Sortie","1","0",,,"0","2023-09-05","15:51",
"1468","1,468","AttacheMurale-CH","Sortie","4","0",,,"0","2023-09-06","4:24",
"1469","1,469","280-001","Sortie","350","0",,,"0","2023-09-06","4:48",
"1470","1,470","999-A37708","Sortie","1","0",,,"0","2023-09-06","4:48",
"1471","1,471","BGARD-300VDCNO","Sortie","44","0",,,"0","2023-09-06","4:48",
"1472","1,472","5545903","Sortie","3","0",,,"0","2023-09-06","4:49",
"1473","1,473","BGARD-175VDCAR","Sortie","60","0",,,"0","2023-09-06","4:49",
"1474","1,474","LOQNO","Sortie","2","0",,,"0","2023-09-06","6:19",
"1475","1,475","LOQNO","Entrée","0","0",,,"0","2023-09-06","6:45",
"1476","1,476","VS27.1419","Sortie","1","0",,,"0","2023-09-06","11:57",
"1477","1,477","VS19.0808CA","Entrée","0","0",,,"0","2023-09-06","12:42",
"1478","1,478","Cale","Sortie","1","0",,,"0","2023-09-06","12:42",
"1479","1,479","CGARD-175DCNO","Sortie","198","0",,,"0","2023-09-06","12:57",
"1480","1,480","CGARD-175DCAR","Entrée","0","0",,,"0","2023-09-06","14:16",
"1481","1,481","CGARD-175DCAR","Entrée","0","0",,,"0","2023-09-06","14:17",
"1482","1,482","Capsule-BR","Sortie","1","0",,,"0","2023-09-06","14:17",
"1483","1,483","280-001","Sortie","350","0",,,"0","2023-09-06","14:17",
"1484","1,484","BGARD-175VDCNO","Sortie","60","0",,,"0","2023-09-06","14:17",
"1485","1,485","BGARD-175VDCBC","Sortie","54","0",,,"0","2023-09-06","14:18",
"1486","1,486","VS27.1415","Sortie","1","0",,,"0","2023-09-06","14:18",
"1487","1,487","VS27.1415","Entrée","0","0",,,"0","2023-09-06","15:4",
"1488","1,488","BoutRet-CH","Entrée","2","0",,,"0","2023-09-11","4:15",
"1489","1,489","BoutRet-AR","Mise à jour","8","0",,,"0","2023-09-11","4:15",
"1490","1,490","BoutRet-NO","Mise à jour","15","0",,,"0","2023-09-11","4:18",
"1491","1,491","BoutRet-BL","Mise à jour","10","0",,,"0","2023-09-11","4:19",
"1492","1,492","BoutRet-BR","Mise à jour","0","0",,,"0","2023-09-11","4:19",
"1493","1,493","BoutRet-NO","Entrée","0","0",,,"0","2023-09-11","5:14",
"1494","1,494","80870-0001","Sortie","1","0",,,"0","2023-09-11","5:14",
"1495","1,495","5545903","Sortie","1","0",,,"0","2023-09-11","5:34",
"1496","1,496","5640337","Entrée","0","0",,,"0","2023-09-11","6:10",
"1497","1,497","999-A37708","Sortie","1","0",,,"0","2023-09-11","6:11",
"1498","1,498","SSGC411XX16B","Sortie","16","0",,,"0","2023-09-11","11:9",
"1499","1,499","SSGC431XX16B","Sortie","16","0",,,"0","2023-09-11","11:9",
"1500","1,500","LOQNO","Sortie","1","0",,,"0","2023-09-12","5:58",
"1501","1,501","BGARD-300VDCNP","Mise à jour","2,769","0",,,"0","2023-09-12","6:48",
"1502","1,502","BGARD-175VDCNO","Sortie","60","0",,,"0","2023-09-12","6:57",
"1503","1,503","BGARD-175VDCNP","Mise à jour","4,065","0",,,"0","2023-09-12","7:1",
"1504","1,504","BGARD-300VDCGC","Sortie","21","0",,,"0","2023-09-12","7:11",
"1505","1,505","Ruban clair 48mm","Mise à jour","4","0",,,"0","2023-09-12","7:15",
"1506","1,506","BGARD-300VDCNP","Mise à jour","2,989","0",,,"0","2023-09-12","7:18",
"1507","1,507","BGARD-175VDCNP","Entrée","0","0",,,"0","2023-09-12","8:49",
"1508","1,508","BGARD-175VDCGC","Sortie","54","0",,,"0","2023-09-12","8:50",
"1509","1,509","VS27.1419","Sortie","2","0",,,"0","2023-09-12","8:50",
"1510","1,510","VS19.0808CA","Entrée","0","0",,,"0","2023-09-12","9:22",
"1511","1,511","MALU48","Sortie","7","0",,,"0","2023-09-12","9:22",
"1512","1,512","Capsule-GM","Mise à jour","11","0",,,"0","2023-09-12","9:54",
"1513","1,513","BBARRO-3/4-GM","Mise à jour","105","0",,,"0","2023-09-12","9:55",
"1514","1,514","Cale","Mise à jour","14","0",,,"0","2023-09-12","10:21",
"1515","1,515","SSPFGL90SSS","Mise à jour","1","0",,,"0","2023-09-12","10:25",
"1516","1,516","9741068","Mise à jour","4","0",,,"0","2023-09-12","10:28",
"1517","1,517","5640337","Mise à jour","7","0",,,"0","2023-09-12","10:30",
"1518",,"3013006","Mise à jour","6","0",,,"0","2023-09-12","10:34",
"1519",,"Ruban clair 48mm","Mise à jour","5","0",,,"0","2023-09-12","10:35",
"1520",,"5545903","Mise à jour","39","0",,,"0","2023-09-12","10:38",
"1521",,"MALU42","Sortie","14","0",,,"0","2023-09-12","10:43",
"1522",,"VS27.1415","Mise à jour","9","0",,,"0","2023-09-12","10:44",
"1523",,"VS17.0809CA","Mise à jour","6","0",,,"0","2023-09-12","10:46",
"1524",,"CMCG-200-NO","Mise à jour","662","0",,,,"2023-09-12","10:51",
"1525",,"280-001","Sortie","350","0",,,"0","2023-09-12","11:28",
"1526",,"80870-0001","Sortie","2","0",,,"0","2023-09-12","11:31",
"1527",,"RouleauCarton","Entrée","0","0",,,"0","2023-09-12","12:29",
"1528",,"SSSPIGOTSGB","Entrée","12","0",,,"0","2023-09-12","14:1",
"1529",,"VS19.0808CA","Sortie","1","0",,,"0","2023-09-12","14:10",
"1530",,"CMCG-200-CH","Sortie","30","0",,,"0","2023-09-12","14:27",
"1531",,"MALU48","Sortie","6","0",,,"0","2023-09-13","5:46",
"1532",,"MALU42","Entrée","0","0",,,"0","2023-09-13","6:44",
"1533",,"Capsule-BL","Sortie","1","0",,,"0","2023-09-13","8:45",
"1534",,"Capsule-NO","Sortie","1","0",,,"0","2023-09-13","8:45",
"1535",,"VC7589","Sortie","20","0",,,"0","2023-09-14","6:30",
"1536",,"VC7589","Entrée","0","0",,,"0","2023-09-14","8:22",
"1537",,"LOQNO","Sortie","1","0",,,"0","2023-09-14","8:22",
"1538",,"LOQNO","Entrée","0","0",,,"0","2023-09-14","10:2",
"1539",,"BBARRO-3/4-NO","Sortie","25","0",,,"0","2023-09-14","10:54",
"1540",,"BGARD-175VDCNP","Entrée","0","0",,,"0","2023-09-14","12:4",
"1541",,"Penture3""","Entrée","15","0",,,"0","2023-09-15","10:48",
"1542",,"PentureRessort","Entrée","8","0",,,"0","2023-09-15","10:49",
"1543",,"VS27.1415","Entrée","3","0",,,"0","2023-09-15","10:56",
"1544",,"VS17.1411CA","Entrée","1","0",,,"0","2023-09-15","10:58",
"1545",,"999-A37708","Sortie","1","0",,,"0","2023-09-15","11:12",
"1546",,"5545903","Sortie","1","0",,,"0","2023-09-15","11:13",
"1547",,"VS27.1415","Sortie","1","0",,,"0","2023-09-15","11:13",
"1548",,"BGARD-175VDCNO","Sortie","180","0",,,"0","2023-09-15","11:14",
"1549",,"280-001","Sortie","500","0",,,"0","2023-09-18","5:0",
"1550",,"OUT-0037","Sortie","2","0",,,"0","2023-09-18","7:2",
"1551",,"VS27.1419","Sortie","1","0",,,"0","2023-09-18","7:2",
"1552",,"VS19.0808CA","Entrée","0","0",,,"0","2023-09-18","8:15",
"1553",,"VS19.0808CA","Entrée","0","0",,,"0","2023-09-18","11:29",
"1554",,"Cale","Sortie","1","0",,,"0","2023-09-18","11:29",
"1555",,"LOQNO","Sortie","1","0",,,"0","2023-09-18","11:34",
"1556",,"280-001","Sortie","350","0",,,"0","2023-09-18","11:53",
"1557",,"280-001","Entrée","0","0",,,"0","2023-09-18","12:31",
"1558",,"Ruban clair 48mm","Sortie","1","0",,,"0","2023-09-18","12:32",
"1559",,"Ruban clair 48mm","Entrée","0","0",,,"0","2023-09-18","13:13",
"1560",,"5545903","Sortie","2","0",,,"0","2023-09-18","13:13",
"1561",,"5545903","Sortie","3","0",,,"0","2023-09-19","3:58",
"1562",,"Capsule-AR","Sortie","1","0",,,"0","2023-09-19","4:3",
"1563",,"CGARD-300DCAR","Sortie","120","0",,,"0","2023-09-19","4:12",
"1564",,"CGARD-175DCAR","Entrée","0","0",,,"0","2023-09-19","7:43",
"1565",,"3013006","Sortie","1","0",,,"0","2023-09-19","8:24",
"1566",,"80870-0001","Sortie","2","0",,,"0","2023-09-19","8:26",
"1567",,"RouleauCarton","Entrée","0","0",,,"0","2023-09-19","9:24",
"1568",,"RouleauCarton","Entrée","0","0",,,"0","2023-09-19","10:35",
"1569",,"BBARRO-3/4-NO","Sortie","25","0",,,"0","2023-09-19","10:36",
"1570",,"SSPFGL180S","Sortie","1","0",,,"0","2023-09-19","10:42",
"1571",,"SSB48SM","Sortie","1","0",,,"0","2023-09-19","11:5",
"1572",,"SSB48SM","Entrée","0","0",,,"0","2023-09-19","13:43",
"1573",,"VS19.0808CA","Sortie","1","0",,,"0","2023-09-20","4:7",
"1574",,"VS19.0808CA","Entrée","0","0",,,"0","2023-09-20","7:54",
"1575",,"AttacheMurale-NO","Sortie","6","0",,,"0","2023-09-20","8:6",
"1576",,"SSGC411XX16S","Entrée","0","0",,,"0","2023-09-20","10:57",
"1577",,"SSGC411XX16S","Entrée","0","0",,,"0","2023-09-20","10:57",
"1578",,"SSGC411XX16S","Entrée","0","0",,,"0","2023-09-20","10:57",
"1579",,"SSGC411XX16S","Entrée","0","0",,,"0","2023-09-20","10:57",
"1580",,"SSGC411XX16S","Entrée","0","0",,,"0","2023-09-20","10:57",
"1581",,"999-A11040","Sortie","1","0",,,"0","2023-09-20","11:0",
"1582",,"999-A11040","Entrée","0","0",,,"0","2023-09-20","14:15",
"1583",,"BGARD-175VDCBL","Sortie","33","0",,,"0","2023-09-20","14:16",
"1584",,"BGARD-300VDCBL","Sortie","44","0",,,"0","2023-09-20","14:16",
"1585",,"CGARD-175DCBL","Sortie","198","0",,,"0","2023-09-21","4:2",
"1586",,"VS27.1423 ","Sortie","500","0",,,"0","2023-09-21","6:5",
"1587",,"VS19.0808CA","Entrée","0","0",,,"0","2023-09-21","8:44",
"1588",,"VS19.0808CA","Entrée","0","0",,,"0","2023-09-21","10:18",
"1589",,"80870-0001","Sortie","2","0",,,"0","2023-09-21","10:19",
"1590",,"VS27.1419","Sortie","1","0",,,"0","2023-09-25","4:44",
"1591",,"VS19.0808CA","Entrée","0","0",,,"0","2023-09-25","5:32",
"1592",,"VC1815.003","Sortie","9","0",,,"0","2023-09-25","6:11",
"1593",,"VS27.1411","Sortie","1","0",,,"0","2023-09-25","6:24",
"1594",,"BBARRO-3/4-NO","Sortie","25","0",,,"0","2023-09-25","11:14",
"1595",,"LOQNO","Sortie","1","0",,,"0","2023-09-25","11:34",
"1596",,"VS19.0808CA","Sortie","1","0",,,"0","2023-09-26","3:57",
"1597",,"Ruban clair 48mm","Sortie","1","0",,,"0","2023-09-26","3:58",
"1598",,"5545903","Sortie","1","0",,,"0","2023-09-26","3:58",
"1599",,"VS27.1415","Sortie","1","0",,,"0","2023-09-26","3:58",
"1531",,"BBARRO-3/4-BL","Sortie","25","0",,,"0","2023-09-26","3:59",
"1601","1,601","280-001","Sortie","350","0",,,"0","2023-09-26","3:59",
"1602",,"Équerre-Poteau-NO","Sortie","1","0",,,"0","2023-09-26","4:0",
"1603",,"CGARD-300DCGC","Sortie","10","0",,,"0","2023-09-26","4:0",
"1604",,"AQUALATCHNO","Entrée","2","0",,,"0","2023-09-26","4:12",
"1605",,"LOQNO","Entrée","5","0",,,"0","2023-09-26","4:12",
"1606",,"VS27.1419","Entrée","8","0",,,"0","2023-09-26","4:13",
"1607",,"VS17.0809CA","Entrée","2","0",,,"0","2023-09-26","4:13",
"1608",,"VRJ61644","Entrée","10","0",,,"0","2023-09-26","4:13",
"1609",,"VRJ61644","Entrée","0","0",,,"0","2023-09-26","5:48",
"1610",,"OUT-0037","Sortie","4","0",,,"0","2023-09-26","5:48",
"1611",,"OUT-0037","Entrée","0","0",,,"0","2023-09-26","8:14",
"1612",,"CGARD-175DCNO","Entrée","1,000","0",,,"0","2023-09-26","8:36",
"1613",,"BGARD-175VDCNO","Entrée","1,020","0",,,"0","2023-09-26","8:36",
"1614",,"CGARD-300DCNO","Entrée","500","0",,,"0","2023-09-26","8:37",
"1615",,"BBARRO-3/4-NO","Entrée","450","0",,,"0","2023-09-26","8:37",
"1616",,"01-004-BOUT-NO","Entrée","46","0",,,"0","2023-09-26","8:37",
"1617",,"CMCG-200-NO","Entrée","80","0",,,"0","2023-09-26","8:38",
"1618",,"BBARRO-3/4-NO","Sortie","3","0",,,"0","2023-09-26","10:17",
"1619",,"CGARD-300DCNO","Mise à jour","936","0",,,"0","2023-09-26","10:24",
"1620",,"CGARD-175DCNO","Mise à jour","1,584","0",,,"0","2023-09-26","10:26",
"1621",,"BGARD-175VDCNO","Mise à jour","2,394","0",,,"0","2023-09-26","10:48",
"1622",,"01-004-BOUT-BL","Sortie","6","0",,,"0","2023-09-26","15:54",
"1623",,"Équerre-Poteau-NO","Mise à jour","0","0",,,"0","2023-09-27","4:26",
"1624",,"5545903","Sortie","3","0",,,"0","2023-09-27","4:28",
"1625",,"5640337","Entrée","0","0",,,"0","2023-09-27","5:19",
"1626",,"BBARRO-3/4-NO","Sortie","25","0",,,"0","2023-09-27","5:20",
"1627",,"BGARD-175VDCNP","Entrée","0","0",,,"0","2023-09-27","6:5",
"1628",,"VS27.1419","Sortie","1","0",,,"0","2023-09-27","6:6",
"1629",,"Capsule-NO","Sortie","2","0",,,"0","2023-09-27","6:6",
"1630",,"Capsule-BR","Entrée","0","0",,,"0","2023-09-27","8:48",
"1631",,"CGARD-300DCBL","Sortie","120","0",,,"0","2023-09-27","10:47",
"1632",,"CGARD-175DCAR","Entrée","0","0",,,"0","2023-09-27","13:20",
"1633",,"280-001","Sortie","350","0",,,"0","2023-09-27","13:30",
"1634",,"BGARD-175VDCNO","Sortie","60","0",,,"0","2023-09-29","10:40",
"1635",,"BGARD-175VDCNO","Sortie","57","0",,,"0","2023-09-29","10:41",
"1636",,"BGARD-300VDCNP","Mise à jour","2,988","0",,,"0","2023-09-29","10:45",
"1637",,"CGARD-175DCGM","Mise à jour","256","0",,,"0","2023-09-29","10:46",
"1638",,"CGARD-175DCNO","Sortie","198","0",,,"0","2023-09-29","10:48",
"1639",,"AttacheMurale-BR","Mise à jour","15","0",,,,"2023-09-29","11:8",
"1640",,"AttacheMurale-BL","Mise à jour","11","0",,,"0","2023-09-29","11:8",
"1641",,"AttacheMurale-BL","Sortie","5","0",,,"0","2023-10-02","4:14",
"1642",,"Penture3""","Sortie","1","0",,,"0","2023-10-02","4:28",
"1643",,"Bec de cane","Sortie","1","0",,,"0","2023-10-02","4:42",
"1644",,"LOQNO","Sortie","1","0",,,"0","2023-10-02","4:49",
"1645",,"BoutRet-BR","Entrée","10","0",,,"0","2023-10-02","5:10",
"1646",,"BoutRet-CH","Entrée","8","0",,,"0","2023-10-02","5:10",
"1647",,"BoutRet-BL","Entrée","15","0",,,"0","2023-10-02","5:10",
"1648",,"BoutRet-NO","Entrée","15","0",,,"0","2023-10-02","5:11",
"1649",,"VC1815.003","Entrée","10","0",,,"0","2023-10-02","5:40",
"1650",,"CGARD-300DCNO","Sortie","117","0",,,"0","2023-10-02","8:26",
"1651",,"ClipBarriere","Sortie","1","0",,,"0","2023-10-02","8:27",
"1652",,"2371GY-F-750","Sortie","1","0",,,"0","2023-10-02","8:27",
"1653",,"VS19.0808CA","Sortie","1","0",,,"0","2023-10-02","8:27",
"1654",,"Capsule-BL","Sortie","1","0",,,"0","2023-10-02","8:27",
"1655",,"VS27.1415","Sortie","1","0",,,"0","2023-10-02","8:28",
"1656",,"VS17.0809CA","Sortie","1","0",,,"0","2023-10-02","8:28",
"1657",,"BGARD-175VDCNO","Sortie","60","0",,,"0","2023-10-02","8:29",
"1658",,"BGARD-300VDCBL","Sortie","48","0",,,"0","2023-10-02","8:29",
"1659",,"280-001","Sortie","350","0",,,"0","2023-10-03","6:54",
"1660",,"280-002","Sortie","400","0",,,"0","2023-10-03","6:55",
"1661",,"SSSPIGOTEDGE","Sortie","12","0",,,"0","2023-10-03","11:4",
"1662",,"SSSPIGOTSGB","Entrée","0","0",,,"0","2023-10-03","13:56",
"1663",,"Capsule-NO","Sortie","2","0",,,"0","2023-10-03","13:56",
"1664",,"VS30-1415V","Sortie","1","0",,,"0","2023-10-03","14:17",
"1665",,"Cale","Sortie","2","0",,,"0","2023-10-03","14:20",
"1666",,"Capsule-NO","Sortie","1","0",,,"0","2023-10-04","6:13",
"1667",,"VS27.1411","Sortie","1","0",,,"0","2023-10-04","6:13",
"1668",,"2371GY-F-750","Sortie","1","0",,,"0","2023-10-04","6:14",
"1669",,"280-001","Sortie","350","0",,,"0","2023-10-04","6:16",
"1670",,"5545903","Sortie","4","0",,,"0","2023-10-04","6:16",
"1671",,"CMCG-200-NO","Sortie","100","0",,,"0","2023-10-04","6:16",
"1672",,"01-004-BOUT-NP","Entrée","0","0",,,"0","2023-10-04","7:14",
"1673",,"VS27.1411","Sortie","1","0",,,"0","2023-10-04","7:14",
"1674",,"VS27.1419","Sortie","2","0",,,"0","2023-10-04","7:14",
"1675",,"AQUALATCHNO","Sortie","1","0",,,"0","2023-10-04","7:14",
"1676",,"280-001","Sortie","350","0",,,"0","2023-10-04","9:19",
"1677",,"LOQNO","Sortie","2","0",,,"0","2023-10-04","11:50",
"1678",,"LOQNO","Entrée","0","0",,,"0","2023-10-04","12:39",
"1679",,"LOQNO","Entrée","0","0",,,"0","2023-10-04","13:20",
"1680",,"VS27.1419","Sortie","1","0",,,"0","2023-10-04","13:20",
"1681",,"Capsule-NO","Sortie","5","0",,,"0","2023-10-04","13:21",
"1682",,"BGARD-175VDCBL","Sortie","120","0",,,"0","2023-10-05","4:4",
"1683",,"5545903","Sortie","2","0",,,"0","2023-10-05","4:4",
"1684",,"ÉquerreM-NO","Sortie","8","0",,,"0","2023-10-05","4:5",
"1685",,"BGARD-175VDCNO","Sortie","180","0",,,"0","2023-10-05","4:5",
"1686",,"BGARD-300VDCNO","Sortie","44","0",,,"0","2023-10-05","4:5",
"1687",,"VS27.1415","Sortie","1","0",,,"0","2023-10-05","4:6",
"1688",,"Cale","Sortie","2","0",,,"0","2023-10-05","6:0",
"1689",,"Cale","Sortie","1","0",,,"0","2023-10-05","6:16",
"1690",,"VC1815.003","Sortie","1","0",,,"0","2023-10-05","6:17",
"1691",,"Capsule-BL","Sortie","1","0",,,"0","2023-10-05","6:31",
"1692",,"VS27.1415","Sortie","1","0",,,"0","2023-10-05","6:34",
"1693",,"VS19.0808CA","Entrée","0","0",,,"0","2023-10-05","6:54",
"1694",,"Penture3""","Sortie","1","0",,,"0","2023-10-05","10:28",
"1695",,"2371GY-F-750","Sortie","1","0",,,"0","2023-10-05","11:16",
"1696",,"280-003","Sortie","450","0",,,"0","2023-10-05","11:17",
"1697",,"SSB48SM","Sortie","1","0",,,"0","2023-10-05","11:17",
"1698",,"BBARRO-3/4-NO","Sortie","25","0",,,"0","2023-10-05","12:59",
"1699",,"VS19.0808CA","Sortie","1","0",,,"0","2023-10-05","12:59",
"1631",,"BGARD-175VDCNO","Sortie","60","0",,,"0","2023-10-05","13:0",
"1701",,"VS27.1415","Sortie","1","0",,,"0","2023-10-05","13:0",
"1702",,"3013006","Sortie","1","0",,,"0","2023-10-05","13:18",
"1703",,"AQUALATCHNO","Sortie","1","0",,,"0","2023-10-05","13:18",
"1704",,"AQUALATCHNO","Entrée","0","0",,,"0","2023-10-05","14:30",
"1705",,"BGARD-175VDCNO","Sortie","120","0",,,"0","2023-10-10","4:2",
"1706",,"280-001","Sortie","350","0",,,"0","2023-10-10","4:12",
"1707",,"BGARD-175VDCNO","Sortie","60","0",,,"0","2023-10-10","8:47",
"1708",,"999-A37708","Sortie","3","0",,,"0","2023-10-10","8:55",
"1709",,"5545903","Sortie","1","0",,,"0","2023-10-10","8:55",
"1710",,"5640337","Entrée","0","0",,,"0","2023-10-10","9:44",
"1711",,"5640337","Entrée","0","0",,,"0","2023-10-10","10:26",
"1712",,"280-001","Sortie","350","0",,,"0","2023-10-10","10:37",
"1713",,"VS27.1415","Entrée","0","0",,,"0","2023-10-10","11:9",
"1714",,"VS27.1415","Réception","0","0",,,"0","2023-10-10","11:37",
"1715",,"VS27.1415","Entrée","0","0",,,"0","2023-10-10","13:2",
"1716",,"VS27.1415","Entrée","0","0",,,"0","2023-10-10","14:22",
"1717",,"BGARD-175VDCNO","Sortie","60","0",,,"0","2023-10-11","3:59",
"1718",,"BGARD-175VDCNP","Entrée","0","0",,,"0","2023-10-11","5:31",
"1719",,"VC1815.003","Sortie","1","0",,,"0","2023-10-11","5:43",
"1720",,"VC7589","Entrée","0","0",,,"0","2023-10-11","7:3",
"1721",,"80870-0001","Sortie","1","0",,,"0","2023-10-11","9:42",
"1722",,"RouleauCarton","Entrée","0","0",,,"0","2023-10-11","10:27",
"1723",,"2371GY-F-750","Sortie","1","0",,,"0","2023-10-12","4:7",
"1724",,"BGARD-175VDCNO","Sortie","60","0",,,"0","2023-10-12","4:7",
"1725",,"5545903","Sortie","2","0",,,"0","2023-10-12","4:8",
"1726",,"VS27.1415","Sortie","1","0",,,"0","2023-10-12","4:8",
"1727",,"BGARD-300VDCBL","Sortie","44","0",,,"0","2023-10-12","4:8",
"1728",,"Penture3""","Sortie","1","0",,,"0","2023-10-12","8:8",
"1729",,"PentureRessort","Sortie","1","0",,,"0","2023-10-12","8:8",
"1730",,"LOQNO","Sortie","1","0",,,"0","2023-10-12","8:13",
"1731",,"ÉquerreM-BL","Sortie","24","0",,,"0","2023-10-12","8:17",
"1732",,"VS27.1415","Entrée","0","0",,,"0","2023-10-12","8:59",
"1733",,"CGARD-175DCNO","Sortie","198","0",,,"0","2023-10-12","10:17",
"1734",,"CGARD-175DCAR","Entrée","0","0",,,"0","2023-10-12","10:46",
"1735",,"SSB48SM","Entrée","3","0",,,"0","2023-10-12","10:46",
"1736",,"280-001","Sortie","350","0",,,"0","2023-10-12","13:2",
"1737",,"280-003","Sortie","450","0",,,"0","2023-10-12","13:3",
"1738",,"VS27.1415","Entrée","0","0",,,"0","2023-10-12","15:0",
"1739",,"VS27.1415","Entrée","6","0",,,"0","2023-10-13","14:20",
"1740",,"VS27.1423 ","Entrée","3","0",,,"0","2023-10-13","14:20",
"1741",,"LOQNO","Entrée","5","0",,,"0","2023-10-13","14:21",
"1742",,"LOQNO","Mise à jour","8","0",,,"0","2023-10-13","14:21",
"1743",,"VS27.1415","Mise à jour","10","0",,,"0","2023-10-13","14:21",
"1744",,"VRJ61032.CO","Entrée","10","0",,,"0","2023-10-13","14:22",
"1745",,"SSSPIGOTSMS","Mise à jour","13","0",,,"0","2023-10-13","14:25",
"1746",,"SSSPIGOTSGB","Mise à jour","6","0",,,"0","2023-10-13","14:26",
"1747",,"SSGCH40116S","Mise à jour","4","0",,,"0","2023-10-13","14:26",
"1748",,"SSPFEB180","Mise à jour","9","0",,,"0","2023-10-13","14:27",
"1749",,"SSPFEBWALL","Entrée","5","0",,,"0","2023-10-13","14:27",
"1750",,"SSPFGL180S","Mise à jour","1","0",,,"0","2023-10-13","14:28",
"1751",,"SSWB1301116S","Mise à jour","3","0",,,,"2023-10-13","14:28",
"1752",,"5545903","Sortie","1","0",,,"0","2023-10-16","4:8",
"1753",,"BGARD-175VDCNO","Sortie","60","0",,,"0","2023-10-16","4:9",
"1754",,"VS27.1419","Sortie","1","0",,,"0","2023-10-16","4:10",
"1755",,"Capsule-NO","Sortie","2","0",,,"0","2023-10-16","4:10",
"1756",,"BGARD-300VDCBC","Sortie","48","0",,,"0","2023-10-16","4:10",
"1757",,"2371GY-F-750","Sortie","1","0",,,"0","2023-10-16","4:10",
"1758",,"BGARD-175VDCNO","Sortie","60","0",,,"0","2023-10-16","4:11",
"1759",,"CMCG-200-NO","Sortie","72","0",,,"0","2023-10-16","4:11",
"1760",,"VRJ61032.CO","Entrée","20","0",,,"0","2023-10-16","4:14",
"1761",,"VH30.1000","Sortie","50","0",,,"0","2023-10-16","4:14",
"1762",,"CGARD-300DCBC","Sortie","120","0",,,"0","2023-10-16","7:26",
"1763",,"CGARD-175DCAR","Entrée","0","0",,,"0","2023-10-16","8:16",
"1764",,"CGARD-175DCAR","Entrée","0","0",,,"0","2023-10-16","9:30",
"1765",,"280-001","Sortie","350","0",,,"0","2023-10-16","9:31",
"1766",,"280-001","Entrée","0","0",,,"0","2023-10-16","11:2",
"1767",,"5545903","Sortie","2","0",,,"0","2023-10-16","13:39",
"1768",,"Penture3""","Sortie","5","0",,,"0","2023-10-16","13:47",
"1769",,"Bec de cane","Sortie","2","0",,,"0","2023-10-16","13:50",
"1770",,"2371GY-F-750","Sortie","1","0",,,"0","2023-10-17","4:15",
"1771",,"5545903","Sortie","4","0",,,"0","2023-10-17","4:15",
"1772",,"BGARD-175VDCNO","Sortie","120","0",,,"0","2023-10-17","4:16",
"1773",,"VS27.1415","Sortie","1","0",,,"0","2023-10-17","4:16",
"1774",,"80870-0001","Sortie","2","0",,,"0","2023-10-17","4:16",
"1775",,"VS27.1411","Sortie","1","0",,,"0","2023-10-17","4:17",
"1776",,"VS19.0808CA","Entrée","0","0",,,"0","2023-10-17","6:30",
"1777",,"VS19.0808CA","Entrée","0","0",,,"0","2023-10-17","7:2",
"1778",,"VS19.0808CA","Entrée","0","0",,,"0","2023-10-17","7:49",
"1779",,"BBARRO-3/4-BL","Sortie","25","0",,,"0","2023-10-17","12:54",
"1780",,"SSGC411XX16S","Sortie","6","0",,,"0","2023-10-17","12:54",
"1781",,"SSGC431XX16S","Sortie","6","0",,,"0","2023-10-17","12:55",
"1782",,"LOQBL","Sortie","1","0",,,"0","2023-10-17","14:22",
"1783",,"VS27.1419","Sortie","3","0",,,"0","2023-10-18","4:9",
"1784",,"VS19.0808CA","Entrée","0","0",,,"0","2023-10-18","5:35",
"1785",,"Cale","Sortie","3","0",,,"0","2023-10-18","5:35",
"1786",,"Capsule-BR","Sortie","1","0",,,"0","2023-10-18","5:55",
"1787",,"Capsule-BR","Entrée","0","0",,,"0","2023-10-18","6:36",
"1788",,"VS20-0811CA","Sortie","1","0",,,"0","2023-10-18","6:37",
"1789",,"PentureRessort","Sortie","1","0",,,"0","2023-10-18","8:25",
"1790",,"Penture3""","Sortie","1","0",,,"0","2023-10-18","8:25",
"1791",,"Polytubing 12""","Entrée","2","0",,,"0","2023-10-18","8:27",
"1792",,"LOQNO","Sortie","1","0",,,"0","2023-10-18","8:37",
"1793",,"VS20.1015CA.V+","Mise à jour","0","0",,,"0","2023-10-19","4:16",
"1794",,"VS19.0808CA","Sortie","1","0",,,"0","2023-10-19","4:34",
"1795",,"280-001","Sortie","350","0",,,"0","2023-10-19","4:34",
"1796",,"BGARD-300VDCNO","Sortie","44","0",,,"0","2023-10-19","4:35",
"1797",,"5545903","Sortie","1","0",,,"0","2023-10-19","4:35",
"1798",,"BGARD-175VDCNO","Sortie","60","0",,,"0","2023-10-19","4:36",
"1799",,"VS27.1415","Sortie","1","0",,,"0","2023-10-19","4:36",
"1731",,"VS27.1415","Entrée","0","0",,,"0","2023-10-19","6:15",
"1801",,"Cale","Sortie","2","0",,,"0","2023-10-19","6:15",
"1802",,"VS27.1419","Sortie","1","0",,,"0","2023-10-19","6:21",
"1803",,"VC1815.003","Sortie","1","0",,,"0","2023-10-19","6:22",
"1804",,"VC7589","Entrée","0","0",,,"0","2023-10-19","6:37",
"1805",,"80870-0001","Sortie","1","0",,,"0","2023-10-19","7:3",
"1806",,"RouleauCarton","Entrée","0","0",,,"0","2023-10-19","9:25",
"1807",,"LOQNO","Sortie","1","0",,,"0","2023-10-19","9:32",
"1808",,"LOQNO","Réception","0","0",,,"0","2023-10-19","11:7",
"1809",,"280-001","Sortie","350","0",,,"0","2023-10-19","11:7",
"1810",,"280-001","Sortie","350","0",,,"0","2023-10-19","11:9",
"1811",,"Capsule-NO","Sortie","1","0",,,"0","2023-10-19","11:47",
"1812",,"LOQNO","Sortie","2","0",,,"0","2023-10-19","11:55",
"1813",,"PentureRessort","Sortie","1","0",,,"0","2023-10-19","11:59",
"1814",,"Penture3""","Sortie","1","0",,,"0","2023-10-19","11:59",
"1815",,"PGondG","Entrée","0","0",,,"0","2023-10-19","14:34",
"1816",,"SSSPIGOTSGB","Entrée","2","0",,,"0","2023-10-19","15:45",
"1817",,"SSPFEB180","Mise à jour","6","0",,,"0","2023-10-19","15:45",
"1818",,"SSPFEBWALL","Mise à jour","8","0",,,"0","2023-10-19","15:46",
"1819",,"SSSPIGOTSMS","Mise à jour","3","0",,,"0","2023-10-20","8:1",
"1820",,"PentureRessort","Sortie","1","0",,,"0","2023-10-23","8:4",
"1821",,"Penture3""","Sortie","1","0",,,"0","2023-10-23","8:4",
"1822",,"Ruban clair 48mm","Sortie","1","0",,,"0","2023-10-23","8:16",
"1823",,"LOQNO","Sortie","1","0",,,"0","2023-10-23","8:16",
"1824",,"LOQNO","Entrée","0","0",,,"0","2023-10-23","10:4",
"1825",,"2371GY-F-750","Sortie","1","0",,,"0","2023-10-24","4:3",
"1826",,"5545903","Sortie","2","0",,,"0","2023-10-24","4:4",
"1827",,"280-003","Sortie","450","0",,,"0","2023-10-24","4:4",
"1828",,"280-001","Sortie","350","0",,,"0","2023-10-24","4:4",
"1829",,"CMCG-200-NO","Sortie","80","0",,,"0","2023-10-24","4:5",
"1830",,"9741068","Sortie","1","0",,,"0","2023-10-24","4:6",
"1831",,"9741068","Mise à jour","1","0",,,"0","2023-10-24","4:9",
"1832",,"BBARRO-3/4-NO","Sortie","25","0",,,"0","2023-10-24","4:20",
"1833",,"BGARD-175VDCNP","Entrée","0","0",,,"0","2023-10-24","5:19",
"1834",,"80870-0001","Sortie","2","0",,,"0","2023-10-24","5:19",
"1835",,"RouleauCarton","Entrée","0","0",,,"0","2023-10-24","10:11",
"1836",,"PentureRessort","Entrée","7","0",,,"0","2023-10-24","14:15",
"1837",,"Penture3""","Entrée","15","0",,,"0","2023-10-24","14:16",
"1838",,"VS27.1419","Sortie","1","0",,,"0","2023-10-25","6:2",
"1839",,"VS19.0808CA","Entrée","0","0",,,"0","2023-10-25","6:35",
"1840",,"VS27.1415","Sortie","1","0",,,"0","2023-10-25","6:35",
"1841",,"VS19.0808CA","Entrée","0","0",,,"0","2023-10-25","8:9",
"1842",,"2371GY-F-750","Sortie","1","0",,,"0","2023-10-25","8:10",
"1843",,"3013006","Sortie","1","0",,,"0","2023-10-25","8:11",
"1844",,"BGARD-300VDCBL","Sortie","48","0",,,"0","2023-10-25","8:11",
"1845",,"BGARD-175VDCNO","Sortie","60","0",,,"0","2023-10-25","8:11",
"1846",,"5545903","Sortie","1","0",,,"0","2023-10-25","8:12",
"1847",,"VRJ61032.CO","Sortie","10","0",,,"0","2023-10-25","8:32",
"1848",,"BoutRet-NO","Sortie","10","0",,,"0","2023-10-25","8:32",
"1849",,"BoutRet-NO","Entrée","0","0",,,"0","2023-10-25","9:4",
"1850",,"2371GY-F-750","Entrée","14","0",,,"0","2023-10-25","11:29",
"1851",,"2371GY-F-750","Sortie","1","0",,,"0","2023-10-25","12:38",
"1852",,"LOQNO","Entrée","1","0",,,"0","2023-10-25","13:42",
"1853",,"Bec de cane","Sortie","1","0",,,"0","2023-10-26","10:18",
"1854",,"Capsule-NO","Sortie","2","0",,,"0","2023-10-26","11:30",
"1855",,"VC1815.003","Sortie","1","0",,,"0","2023-10-26","11:30",
"1856",,"SSGC411XX16S","Sortie","6","0",,,"0","2023-10-26","11:43",
"1857",,"SSGC431XX16S","Sortie","6","0",,,"0","2023-10-26","11:44",
"1858",,"SSGC431XX16S","Entrée","0","0",,,"0","2023-10-26","12:42",
"1859",,"Cale","Sortie","1","0",,,"0","2023-10-26","12:44",
"1860",,"BoutRet-BL","Sortie","11","0",,,"0","2023-10-26","12:53",
"1861",,"SSGC431XX16S","Mise à jour","0","0",,,"0","2023-10-26","13:18",
"1862",,"SSGC411XX16S","Mise à jour","24","0",,,"0","2023-10-26","13:18",
"1863",,"3013006","Entrée","2","0",,,"0","2023-10-26","14:25",
"1864",,"5545903","Entrée","54","0",,,"0","2023-10-26","14:26",
"1865",,"Ruban clair 48mm","Entrée","48","0",,,"0","2023-10-26","14:26",
"1866",,"9741068","Entrée","3","0",,,"0","2023-10-26","14:26",
"1867",,"SSSPIGOTSMS","Mise à jour","45","0",,,"0","2023-10-27","9:40",
"1868",,"280-001","Sortie","230","0",,,"0","2023-10-27","11:30",
"1869",,"999-A37708","Sortie","1","0",,,"0","2023-10-27","11:30",
"1870",,"5545903","Sortie","2","0",,,"0","2023-10-27","11:31",
"1871",,"VS27.1415","Sortie","1","0",,,"0","2023-10-27","11:32",
"1872",,"BGARD-175VDCNO","Sortie","60","0",,,"0","2023-10-27","11:32",
"1873",,"BGARD-175VDCNO","Mise à jour","1,200","0",,,"0","2023-10-27","11:34",
"1874",,"80870-0001","Sortie","1","0",,,"0","2023-10-30","5:51",
"1875",,"Cale","Sortie","1","0",,,"0","2023-10-30","6:13",
"1876",,"VC1815.003","Sortie","0","0",,,"0","2023-10-30","6:32",
"1877",,"VC7589","Entrée","0","0",,,"0","2023-10-30","9:35",
"1878",,"280-001","Sortie","350","0",,,"0","2023-10-30","10:45",
"1879",,"280-001","Mise à jour","3,610","0",,,"0","2023-10-30","10:45",
"1880",,"280-001","Mise à jour","2,800","0",,,"0","2023-10-30","10:46",
"1881",,"280-001","Entrée","0","0",,,"0","2023-10-30","14:33",
"1882",,"AttacheMurale-NO","Mise à jour","19","0",,,"0","2023-10-31","14:34",
"1883",,"VC1815.003","Mise à jour","9","0",,,"0","2023-10-31","14:36",
"1884",,"AQUALATCHNO","Mise à jour","10","0",,,"0","2023-10-31","14:37",
"1885",,"LOQNO","Entrée","8","0",,,"0","2023-10-31","14:37",
"1886",,"VS27.1415","Entrée","7","0",,,"0","2023-10-31","14:59",
"1887",,"BGARD-175VDCGC","Sortie","60","0",,,"0","2023-10-31","15:0",
"1888",,"CGARD-175DCGC","Sortie","198","0",,,"0","2023-10-31","15:1",
"1889",,"ÉquerreM-NP","Sortie","12","0",,,"0","2023-11-01","10:17",
"1890",,"SSB48SM","Sortie","1","0",,,"0","2023-11-02","7:13",
"1891",,"5545903","Sortie","2","0",,,"0","2023-11-02","7:13",
"1892",,"BGARD-300VDCNO","Sortie","44","0",,,"0","2023-11-02","7:13",
"1893",,"VS19.0808CA","Sortie","1","0",,,"0","2023-11-02","7:14",
"1894",,"80870-0001","Sortie","1","0",,,"0","2023-11-02","7:57",
"1895",,"RouleauCarton","Entrée","0","0",,,"0","2023-11-02","8:38",
"1896",,"VC1815.003","Sortie","1","0",,,"0","2023-11-02","8:38",
"1897",,"5545903","Sortie","2","0",,,"0","2023-11-02","8:39",
"1898",,"PentureRessort","Entrée","3","0",,,"0","2023-11-02","11:51",
"1899",,"Bec de cane","Entrée","10","0",,,"0","2023-11-02","11:56",
"1831",,"SSGC431XX16S","Entrée","32","0",,,"0","2023-11-02","12:3",
"1901",,"SSSPIGOTSMS-V1.1","Sortie","38","0",,,"0","2023-11-02","13:36",
"1902",,"SSSPIGOTSMS-V2","Entrée","19","0",,,"0","2023-11-02","13:36",
"1903",,"SSPFEBWALL","Entrée","2","0",,,"0","2023-11-02","13:37",
"1904",,"BGARD-175VDCBL","Sortie","120","0",,,"0","2023-11-06","5:25",
"1905",,"BGARD-175VDCNO","Sortie","120","0",,,"0","2023-11-06","5:25",
"1906",,"5545903","Sortie","1","0",,,"0","2023-11-06","5:25",
"1907",,"999-A37708","Sortie","1","0",,,"0","2023-11-06","5:26",
"1908",,"999-A37708","Mise à jour","14","0",,,"0","2023-11-06","5:26",
"1909",,"VS27.1419","Sortie","1","0",,,"0","2023-11-06","5:30",
"1910",,"VS27.1423 ","Sortie","1","0",,,"0","2023-11-06","5:30",
"1911",,"Capsule-BL","Sortie","2","0",,,"0","2023-11-06","5:30",
"1912",,"999-A37708","Sortie","1","0",,,"0","2023-11-06","6:37",
"1913",,"3040159","Entrée","0","0",,,"0","2023-11-06","7:27",
"1914",,"LOQNO","Sortie","1","0",,,"0","2023-11-06","9:39",
"1915",,"LOQNO","Entrée","0","0",,,"0","2023-11-06","11:12",
"1916",,"LOQNO","Entrée","0","0",,,"0","2023-11-06","12:35",
"1917",,"LOQNO","Entrée","0","0",,,"0","2023-11-06","13:19",
"1918",,"LOQNO","Entrée","0","0",,,"0","2023-11-06","14:8",
"1919",,"VC1815.003","Sortie","2","0",,,"0","2023-11-07","6:16",
"1920",,"VS27.1419","Entrée","9","0",,,"0","2023-11-07","6:17",
"1921",,"VS27.1419","Sortie","1","0",,,"0","2023-11-07","6:19",
"1922",,"VS27.1419","Sortie","1","0",,,"0","2023-11-07","6:24",
"1923",,"VS19.0808CA","Entrée","0","0",,,"0","2023-11-07","7:56",
"1924",,"CGARD-175DCAR","Sortie","162","0",,,"0","2023-11-07","10:40",
"1925",,"Capsule-NO","Mise à jour","15","0",,,"0","2023-11-07","11:15",
"1926",,"VS27.1411","Sortie","1","0",,,"0","2023-11-08","6:19",
"1927",,"VRJ61644","Sortie","10","0",,,"0","2023-11-08","6:20",
"1928",,"VRJ61644","Entrée","0","0",,,"0","2023-11-08","7:14",
"1929",,"ÉquerreM-NP","Mise à jour","302","0",,,"0","2023-11-08","7:14",
"1930",,"VS27.1415","Entrée","0","0",,,"0","2023-11-08","9:4",
"1931",,"CGARD-300DCBL","Sortie","120","0",,,"0","2023-11-08","9:10",
"1932",,"CGARD-175DCAR","Entrée","0","0",,,"0","2023-11-08","10:3",
"1933",,"280-001","Sortie","350","0",,,"0","2023-11-08","10:3",
"1934",,"AttacheMurale-NP","Mise à jour","106","0",,,,"2023-11-08","10:9",
"1935",,"VS17.1411CA","Mise à jour","3","0",,,"0","2023-11-08","10:41",
"1936",,"SSGC431XX16B","Mise à jour","11","0",,,"0","2023-11-08","10:50",
"1937",,"VS27.1419","Mise à jour","7","0",,,"0","2023-11-08","10:51",
"1938",,"VC7589","Mise à jour","250","0",,,"0","2023-11-08","10:55",
"1939",,"CGARD-300DCNO","Sortie","117","0",,,"0","2023-11-08","11:21",
"1940",,"5545903","Sortie","2","0",,,"0","2023-11-08","11:21",
"1941",,"280-001","Sortie","350","0",,,"0","2023-11-08","11:22",
"1942",,"PentureRessort","Sortie","3","0",,,"0","2023-11-08","11:30",
"1943",,"Penture3""","Sortie","3","0",,,"0","2023-11-08","11:30",
"1944",,"ArretBarriere","Sortie","1","0",,,"0","2023-11-08","11:42",
"1945",,"VS17.0809CA","Sortie","1","0",,,"0","2023-11-08","12:50",
"1946",,"VIS 20-0809V+","Entrée","0","0",,,"0","2023-11-08","14:27",
"1947",,"ArretBarriere","Sortie","1","0",,,"0","2023-11-08","15:26",
"1948",,"PentureRessort","Sortie","9","0",,,"0","2023-11-08","15:27",
"1949",,"Penture3""","Sortie","9","0",,,"0","2023-11-08","15:27",
"1950",,"Penture3""","Mise à jour","6","0",,,"0","2023-11-08","15:27",
"1951",,"2371GY-F-750","Sortie","1","0",,,"0","2023-11-08","15:28",
"1952",,"Capsule-NO","Sortie","1","0",,,"0","2023-11-09","5:55",
"1953",,"SSPFEBWALL","Sortie","6","0",,,"0","2023-11-09","12:53",
"1954",,"SSPFEB180","Sortie","2","0",,,"0","2023-11-09","12:55",
"1955",,"CGARD-175DCNO","Sortie","198","0",,,"0","2023-11-09","13:14",
"1956",,"VC7589","Sortie","1","0",,,"0","2023-11-09","13:32",
"1957",,"OUT-0037","Mise à jour","28","0",,,"0","2023-11-09","13:33",
"1958",,"VS31.10087CA.V","Sortie","1","0",,,"0","2023-11-09","14:21",
"1959",,"ArretBarriere","Sortie","1","0",,,"0","2023-11-09","15:23",
"1960",,"Penture3""","Sortie","1","0",,,"0","2023-11-09","15:37",
"1961",,"SSGC411XX16S","Sortie","2","0",,,"0","2023-11-13","9:55",
"1962",,"SSGC431XX16S","Sortie","2","0",,,"0","2023-11-13","9:55",
"1963",,"Capsule-CH","Sortie","1","0",,,"0","2023-11-13","9:55",
"1964",,"301SS","Mise à jour","135","0",,,,"2023-11-13","11:13",
"1965",,"ArretBarriere","Sortie","1","0",,,"0","2023-11-13","11:18",
"1966",,"VC7589","Sortie","6","0",,,"0","2023-11-14","10:18",
"1967",,"VC1815.003","Sortie","1","0",,,"0","2023-11-14","10:19",
"1968",,"VS27.1411","Sortie","1","0",,,"0","2023-11-14","10:20",
"1969",,"VS27.1415","Sortie","2","0",,,"0","2023-11-14","10:20",
"1970",,"VS27.1419","Sortie","1","0",,,"0","2023-11-14","10:21",
"1971",,"80870-0001","Sortie","1","0",,,"0","2023-11-14","12:32",
"1972",,"RouleauCarton","Entrée","0","0",,,"0","2023-11-14","13:10",
"1973",,"VS20.1015CA.V+","Mise à jour","1","0",,,"0","2023-11-15","5:23",
"1974",,"BGARD-300VDCNO","Sortie","36","0",,,"0","2023-11-15","14:28",
"1975",,"VRJ61644","Mise à jour","30","0",,,"0","2023-11-15","15:13",
"1976",,"AttacheMurale-BL","Sortie","2","0",,,"0","2023-11-16","14:16",
"1977",,"AttacheMurale-NP","Sortie","10","0",,,"0","2023-11-20","9:44",
"1978",,"280-001","Sortie","350","0",,,"0","2023-11-20","11:30",
"1979",,"VS19.0808CA","Sortie","1","0",,,"0","2023-11-20","11:34",
"1980",,"VS19.0808CA","Entrée","0","0",,,"0","2023-11-20","12:52",
"1981",,"BGARD-300VDCBL","Sortie","48","0",,,"0","2023-11-20","12:53",
"1982",,"5545903","Sortie","3","0",,,"0","2023-11-20","12:53",
"1983",,"5640337","Entrée","0","0",,,"0","2023-11-20","14:2",
"1984",,"VRJ61644","Sortie","10","0",,,"0","2023-11-20","14:21",
"1985",,"Capsule-AR","Sortie","1","0",,,"0","2023-11-21","10:35",
"1986",,"VC1815.003","Entrée","4","0",,,"0","2023-11-21","11:13",
"1987",,"VS27.1411","Entrée","2","0",,,"0","2023-11-21","11:15",
"1988",,"VS27.1419","Entrée","3","0",,,"0","2023-11-21","11:15",
"1989",,"VS27.1419","Entrée","0","0",,,"0","2023-11-21","13:49",
"1990",,"AttacheMurale-NO","Sortie","3","0",,,"0","2023-11-22","13:51",
"1991",,"SSGC411XX16S","Entrée","0","0",,,"0","2023-11-22","4:5",
"1992",,"SSGC411XX16S","Entrée","0","0",,,"0","2023-11-23","6:13",
"1993",,"VC1815.003","Sortie","1","0",,,"0","2023-11-23","6:14",
"1994",,"BGARD-175VDCNO","Sortie","60","0",,,"0","2023-11-23","6:14",
"1995",,"VS27.1415","Sortie","1","0",,,"0","2023-11-23","6:14",
"1996",,"5545903","Sortie","2","0",,,"0","2023-11-23","6:15",
"1997",,"5640337","Entrée","0","0",,,"0","2023-11-23","9:22",
"1998",,"5640337","Entrée","0","0",,,"0","2023-11-23","10:54",
"1999",,"280-001","Sortie","350","0",,,"0","2023-11-23","11:14",
"1929",,"280-001","Entrée","0","1",,"2024-02-15","0","2023-11-23","13:51",
"2001",,"999-A37708","Sortie","1","0",,,"0","2023-11-23","13:51",
"2002",,"3040159","Entrée","0","0",,,"0","2023-11-23","14:34",
"2003",,"VS27.1411","Sortie","1","0",,,"0","2023-11-27","6:31",
"2004",,"VS27.1419","Sortie","1","0",,,"0","2023-11-27","6:31",
"2005",,"Capsule-AR","Sortie","1","0",,,"0","2023-11-27","12:45",
"2006",,"LOQNO","Sortie","1","0",,,"0","2023-11-27","12:45",
"2007",,"BBARRO-3/4-NO","Sortie","25","0",,,"0","2023-11-27","12:45",
"2008",,"280-003","Sortie","400","0",,,"0","2023-11-27","12:46",
"2009",,"280-002","Sortie","400","0",,,"0","2023-11-27","12:46",
"2010",,"Capsule-BL","Sortie","1","0",,,"0","2023-11-27","12:46",
"2011",,"Capsule-NO","Sortie","2","0",,,"0","2023-11-27","12:47",
"2012",,"Capsule-BL","Sortie","1","0",,,"0","2023-11-27","12:47",
"2013",,"Capsule-NO","Sortie","1","0",,,"0","2023-11-27","12:47",
"2014",,"BBARRO-3/4-BL","Sortie","25","0",,,"0","2023-11-27","12:48",
"2015",,"VC7589","Sortie","5","0",,,"0","2023-11-27","12:48",
"2016",,"VC1815.003","Sortie","1","0",,,"0","2023-11-27","12:48",
"2017",,"BBARRO-3/4-NO","Sortie","25","0",,,"0","2023-11-28","12:3",
"2018",,"VS01.2211","Entrée","1","0",,,"0","2023-11-28","14:44",
"2019",,"VS27.1419","Sortie","1","0",,,"0","2023-11-28","5:56",
"2020",,"VC1815.003","Sortie","1","0",,,"0","2023-11-29","5:56",
"2021",,"BGARD-300VDCBL","Sortie","44","0",,,"0","2023-11-29","6:3",
"2022",,"HDPE","Mise à jour","117","0",,,,"2023-11-29","9:43",
"2023",,"HDPE","Entrée","0","0",,,"0","2023-11-29","10:23",
"2024",,"HDPE","Entrée","0","0",,,"0","2023-11-29","6:5",
"2025",,"AttacheMurale-BL","Entrée","1","0",,,"0","2023-11-30","6:5",
"2026",,"BBARRO-3/4-GM","Mise à jour","80","0",,,"0","2023-11-30","7:53",
"2027",,"Cale","Mise à jour","24","0",,,"0","2023-11-30","8:24",
"2028",,"80870-0001","Sortie","1","0",,,"0","2023-11-30","12:33",
"2029",,"SSGC411XX16S","Sortie","18","0",,,"0","2023-12-05","8:42",
"2030",,"SSGC431XX16S","Sortie","18","0",,,"0","2023-12-05","8:42",
"2031",,"80870-0001","Sortie","1","0",,,"0","2023-12-05","8:58",
"2032",,"RouleauCarton","Entrée","0","0",,,"0","2023-12-05","12:46",
"2033",,"5545903","Sortie","1","0",,,"0","2023-12-05","13:15",
"2034",,"VS19.0808CA","Sortie","1","0",,,"0","2023-12-06","8:4",
"2035",,"280-001","Sortie","350","0",,,"0","2023-12-07","8:5",
"2036",,"999-A37708","Sortie","1","0",,,"0","2023-12-07","8:5",
"2037",,"BGARD-300VDCNO","Sortie","44","0",,,"0","2023-12-07","8:5",
"2038",,"BGARD-175VDCNO","Sortie","60","0",,,"0","2023-12-07","8:5",
"2039",,"VS27.1415","Sortie","1","0",,,"0","2023-12-07","8:6",
"2040",,"Capsule-BL","Sortie","1","0",,,"0","2023-12-07","8:6",
"2041",,"Capsule-BR","Sortie","1","0",,,"0","2023-12-07","8:6",
"2042",,"BGARD-175VDCBL","Sortie","60","0",,,"0","2023-12-07","8:7",
"2043",,"5545903","Sortie","1","0",,,"0","2023-12-07","8:7",
"2044",,"BGARD-175VDCNO","Sortie","240","0",,,"0","2023-12-07","8:7",
"2045",,"2371GY-F-750","Sortie","1","0",,,"0","2023-12-07","8:7",
"2046",,"2371GY-F-750","Entrée","0","0",,,"0","2023-12-07","10:32",
"2047",,"AQUALATCHNO","Sortie","1","0",,,"0","2023-12-07","10:32",
"2048",,"AQUALATCHNO","Sortie","1","0",,,"0","2023-12-07","13:19",
"2049",,"BBARRO-3/4-NO","Sortie","25","0",,,"0","2023-12-07","13:20",
"2050",,"CGARD-175DCNO","Sortie","198","0",,,"0","2023-12-07","13:26",
"2051",,"VS19.0808CA","Sortie","1","0",,,"0","2023-12-12","15:35",
"2052",,"CMCG-200-NO","Sortie","50","0",,,"0","2023-12-12","15:35",
"2053",,"BGARD-175VDCNO","Sortie","60","0",,,"0","2023-12-12","15:46",
"2054",,"VS27.1415","Sortie","1","0",,,"0","2023-12-12","15:46",
"2055",,"5545903","Sortie","2","0",,,"0","2023-12-12","15:47",
"2056",,"VS26.1827","Sortie","2","0",,,"0","2023-12-12","15:47",
"2057",,"280-003","Sortie","500","0",,,"0","2023-12-12","15:48",
"2058",,"280-002","Sortie","400","0",,,"0","2023-12-12","15:48",
"2059",,"Capsule-BL","Sortie","2","0",,,"0","2023-12-12","15:48",
"2060",,"3013006","Sortie","1","0",,,"0","2023-12-12","15:49",
"2061",,"Cale","Sortie","1","0",,,"0","2023-12-13","5:41",
"2062",,"Cale","Entrée","0","0",,,"0","2023-12-13","7:43",
"2063",,"BBARRO-3/4-NO","Sortie","25","0",,,"0","2023-12-13","7:44",
"2064",,"VC7589","Sortie","1","0",,,"0","2023-12-14","7:48",
"2065",,"VC7589","Entrée","0","0",,,"0","2023-12-14","10:28",
"2066",,"VC7589","Sortie","2","0",,,"0","2023-12-18","8:39",
"2067",,"VS20.1015CA.V+","Sortie","1","0",,,"0","2023-12-18","8:43",
"2068",,"BBARRO-3/4-NO","Sortie","25","0",,,"0","2023-12-18","9:5",
"2069",,"BGARD-175VDCNP","Entrée","0","0",,,"0","2023-12-18","10:17",
"2070",,"VS19.0808CA","Sortie","1","0",,,"0","2023-12-18","12:34",
"2071",,"VS19.0808CA","Entrée","0","0",,,"0","2023-12-18","15:28",
"2072",,"Capsule-GM","Sortie","1","0",,,"0","2023-12-19","7:10",
"2073",,"Ruban clair 48mm","Sortie","2","0",,,"0","2023-12-19","7:11",
"2074",,"5545903","Sortie","2","0",,,"0","2023-12-19","7:11",
"2075",,"BGARD-175VDCGC","Sortie","28","0",,,"0","2023-12-19","7:11",
"2076",,"5545903","Sortie","2","0",,,"0","2023-12-19","7:11",
"2077",,"5640337","Entrée","0","0",,,"0","2023-12-19","9:6",
"2078",,"CMCG-200-NO","Sortie","30","0",,,"0","2023-12-19","8:37",
"2079",,"BBARRO-3/4-NO","Sortie","25","0",,,"0","2023-12-20","8:37",
"2080",,"BGARD-175VDCNP","Entrée","0","0",,,"0","2023-12-20","15:6",
"2081",,"CGARD-175DCNP","Mise à jour","2,426","0",,,,"2024-01-30","13:42",
"2082",,"VC7589","Sortie","235","0",,,"0","2024-02-07","13:29",
"2083",,"280-003","Sortie","500","0",,,"0","2024-02-07","13:30",
"2084",,"Capsule-NO","Sortie","1","0",,,"0","2024-02-07","13:30",
"2085",,"01-004-BOUT-CH","Sortie","6","0",,,"0","2024-02-07","13:31",
"2086",,"01-004-BOUT-BL","Sortie","6","0",,,"0","2024-02-07","13:31",
"2087",,"BGARD-175VDCNO","Sortie","60","0",,,"0","2024-02-07","13:32",
"2088",,"280-002","Sortie","400","0",,,"0","2024-02-07","13:32",
"2089",,"VS27.1419","Sortie","2","0",,,"0","2024-02-07","13:33",
"2090",,"VS27.1411","Sortie","1","0",,,"0","2024-02-07","13:33",
"2091",,"VC1815.003","Sortie","1","0",,,"0","2024-02-07","13:33",
"2092",,"CGARD-175DCNP","Sortie-Peinture","1,782","1","CGARD-175DCNO","2024-02-15","0","2024-02-15","13:15","14220"
"2093",,"BGARD-175VDCNP","Sortie-Peinture","2,640","1","BGARD-175VDCNO","2024-02-15","0","2024-02-15","13:16","14220"
"2094",,"CGARD-300DCNP","Sortie-Peinture","960","1","CGARD-300DCNO","2024-02-15","0","2024-02-15","13:17","14220"
"2095",,"BGARD-300VDCNP","Sortie-Peinture","1,136","1","BGARD-300VDCNO","2024-02-15","0","2024-02-15","13:17","14220"
"2096",,"BBARRO-3/4-NP","Sortie-Peinture","450","1","BBARRO-3/4-NO","2024-02-15","0","2024-02-15","13:18","14220"
"2097",,"BBARRO-1-3/4-NO","Mise à jour","47","0",,,,"2024-02-15","13:19",
"2098",,"CMCG-200-NP","Sortie-Peinture","200","1","CMCG-200-NO","2024-02-15","0","2024-02-15","13:20","14220"
"2099",,"PlaqueMC-NP","Sortie-Peinture","50","1","PlaqueMC-NO","2024-02-01","0","2024-02-15","13:20","14220"
"2100","2,100","AttacheMurale-NP","Sortie-Peinture","30","1","AttacheMurale-NO","2024-02-01","0","2024-02-15","13:21","14220"
"2101","2,101","PlaqueMC-NO","Sortie","100","0",,,"0","2024-02-15","14:7",
"2102","2,102","PlaqueMC-NP","Mise à jour","115","0",,,"0","2024-02-15","14:7",
"2103","2,103","9741068","Sortie","1","0",,,"0","2024-02-19","7:59",
"2104","2,104","AttacheMurale-BL","Sortie","2","0",,,"0","2024-02-19","8:0",
"2105","2,105","5545903","Sortie","2","0",,,"0","2024-02-19","8:0",
"2106","2,106","BGARD-175VDCNO","Sortie","240","0",,,"0","2024-02-19","8:1",
"2107","2,107","VS27.1415","Sortie","2","0",,,"0","2024-02-19","8:1",
"2108","2,108","BGARD-175VDCBL","Sortie","60","0",,,"0","2024-02-19","8:2",
"2109","2,109","280-002","Sortie","500","0",,,"0","2024-02-19","8:2",
"2110","2,110","999-A37708","Sortie","1","0",,,"0","2024-02-19","8:3",
"2111","2,111","VS19.0808CA","Sortie","1","0",,,"0","2024-02-19","8:3",
"2112","2,112","BGARD-175VDCGM","Sortie","30","0",,,"0","2024-02-19","8:4",
"2113","2,113","CGARD-175DCNO","Sortie","198","0",,,"0","2024-02-19","8:4",
"2114","2,114","80870-0001","Sortie","1","0",,,"0","2024-02-19","8:4",
"2115","2,115","CHXL28.0011","Entrée","12","0",,,"0","2024-02-27","13:2",
"2116","2,116","VRJ61644","Entrée","100","0",,,"0","2024-02-27","13:2",
"2117","2,117","VH30.1000","Entrée","1","0",,,"0","2024-02-27","13:3",
"2118","2,118","VC1815.003","Entrée","37","0",,,"0","2024-02-27","13:3",
"2119","2,119","VS26.1827","Entrée","1","0",,,"0","2024-02-27","13:3",
"2120","2,120","VS26.1831","Entrée","1","0",,,"0","2024-02-27","13:4",
"2121","2,121","VZNW.AQUA10.BK","Entrée","50","0",,,"0","2024-02-27","13:6",
"2122","2,122","VZNW.AQUA10.WH","Entrée","5","0",,,"0","2024-02-27","13:7",
"2123","2,123","VZ.SERCLES.NR","Entrée","45","0",,,"0","2024-02-27","13:9",
"2124","2,124","VZ.SERCLES.BL","Entrée","10","0",,,"0","2024-02-27","13:10",
"2125","2,125","VRJ61032.CO","Entrée","50","0",,,"0","2024-02-27","13:11",
"2126","2,126","VS19.0808CA","Entrée","23","0",,,"0","2024-02-27","13:11",
"2127","2,127","VS27.1411","Entrée","22","0",,,"0","2024-02-27","13:12",
"2128","2,128","VS27.1415","Entrée","72","0",,,"0","2024-02-27","13:14",
"2129","2,129","VS27.1419","Entrée","43","0",,,"0","2024-02-27","13:14",
"2130","2,130","VS27.1423 ","Mise à jour","2","0",,,"0","2024-02-27","13:19",
"2131","2,131","VS27.1423 ","Entrée","4","0",,,"0","2024-02-27","13:20",
"2132","2,132","VS27.1427","Entrée","1","0",,,"0","2024-02-27","13:22",
"2133","2,133","VS17.0809CA","Entrée","6","0",,,"0","2024-02-27","13:22",
"2134","2,134","VS01.2211","Entrée","1","0",,,"0","2024-02-27","13:23",
"2135","2,135","VRW7210TMG","Entrée","80","0",,,"0","2024-02-27","13:27",
"2136","2,136","VZPOSSD46SSBS","Entrée","2","0",,,"0","2024-02-27","13:46",
"2137","2,137","BGARD-175VDCNP","Entrée","0","0",,,"0","2024-03-04","11:10",
"2138","2,138","80870-0001","Sortie","2","0",,,"0","2024-03-07","11:16",
"2139","2,139","Capsule-NO","Sortie","2","0",,,"0","2024-03-07","11:17",
"2140","2,140","Cale","Sortie","1","0",,,"0","2024-03-07","11:17",
"2141","2,141","280-002","Sortie","400","0",,,"0","2024-03-07","11:17",
"2142","2,142","VS19.0808CA","Sortie","1","0",,,"0","2024-03-07","11:19",
"2143","2,143","280-002","Sortie","400","0",,,"0","2024-03-07","11:20",
"2144","2,144","BGARD-175VDCGC","Sortie","54","0",,,"0","2024-03-07","11:20",
"2145","2,145","BGARD-175VDCNO","Sortie","60","0",,,"0","2024-03-07","11:20",
"2146","2,146","BBARRO-3/4-NO","Sortie","50","0",,,"0","2024-03-07","11:21",
"2147","2,147","Cale","Sortie","1","0",,,"0","2024-03-07","11:23",
"2148","2,148","VS19.0808CA","Sortie","1","0",,,"0","2024-03-07","11:23",
"2149","2,149","VC1815.003","Sortie","1","0",,,"0","2024-03-07","11:23",
"2150","2,150","3013006","Sortie","1","0",,,"0","2024-03-07","13:8",
"2151","2,151","999-A37708","Sortie","1","0",,,"0","2024-03-07","13:8",
"2152","2,152","5545903","Sortie","6","0",,,"0","2024-03-07","13:8",
"2153","2,153","VRJ61644","Mise à jour","12,010","0",,,"0","2024-03-07","13:56",
"2154","2,154","VRJ61644","Mise à jour","10","0",,,"0","2024-03-07","13:56",
"2155","2,155","OUT-0037","Entrée","78","0",,,"0","2024-03-12","15:7",
"2156","2,156","CGARD-175DCNP","Sortie-Peinture","162","1","CGARD-175DCBC","2024-04-24","0","2024-03-18","12:59","14222"
"2157","2,157","BGARD-175VDCNP","Sortie-Peinture","240","1","BGARD-175VDCBC","2024-04-24","0","2024-03-18","13:0","14222"
"2158","2,158","CGARD-300DCNP","Sortie-Peinture","304","1","CGARD-300DCBC","2024-04-24","0","2024-03-18","13:0","14222"
"2159","2,159","BGARD-300VDCNP","Sortie-Peinture","340","1","BGARD-300VDCBC","2024-04-24","0","2024-03-18","13:53","14222"
"2160","2,160","BBARRO-3/4-NP","Sortie-Peinture","252","1","BBARRO-3/4-BC","2024-04-24","0","2024-03-18","13:54","14222"
"2161","2,161","CMCG-200-NP","Sortie-Peinture","42","1","CMCG-200-BR","2024-04-24","0","2024-03-18","13:54","14222"
"2162","2,162","PlaqueMC-NP","Sortie-Peinture","21","1","PlaqueMC-BR","2024-04-24","0","2024-03-18","13:55","14222"
"2163","2,163","AttacheMurale-NP","Sortie-Peinture","15","1","AttacheMurale-BR","2024-04-24","0","2024-03-18","13:55","14222"
"2164","2,164","CGARD-300DCNP","Sortie-Peinture","480","1","CGARD-300DCBL","2024-04-24","0","2024-03-18","14:1","14221"
"2165","2,165","BGARD-175VDCNP","Sortie-Peinture","1,080","1","BGARD-175VDCBL","2024-04-24","0","2024-03-18","14:1","14221"
"2166","2,166","BGARD-300VDCNP","Sortie-Peinture","624","1","BGARD-300VDCBL","2024-04-24","0","2024-03-18","14:2","14221"
"2167","2,167","BBARRO-3/4-NP","Sortie-Peinture","450","1","BBARRO-3/4-BL","2024-04-24","0","2024-03-18","14:2","14221"
"2168","2,168","CMCG-200-NP","Sortie-Peinture","50","1","CMCG-200-BL","2024-04-24","0","2024-03-18","14:3","14221"
"2169","2,169","PlaqueMC-NP","Sortie-Peinture","40","1","PlaqueMC-BL","2024-04-24","0","2024-03-18","14:3","14221"
"2170","2,170","AttacheMurale-NP","Sortie-Peinture","25","1","AttacheMurale-BL","2024-04-24","0","2024-03-18","14:3","14221"
"2171","2,171","CGARD-175DCNP","Sortie-Peinture","990","1","CGARD-175DCBL","2024-04-24","0","2024-03-18","14:46","14221"
"2172","2,172","BGARD-175VDCBC","Sortie","54","0",,,"0","2024-03-26","10:5",
"2173","2,173","CGARD-175DCBC","Sortie","325","0",,,"0","2024-03-26","10:6",
"2174","2,174","VS27.1415","Sortie","1","0",,,"0","2024-03-26","10:6",
"2175","2,175","280-002","Sortie","400","0",,,"0","2024-03-26","10:7",
"2176","2,176","BGARD-175VDCNO","Sortie","180","0",,,"0","2024-03-26","10:7",
"2177","2,177","VS19.0808CA","Sortie","1","0",,,"0","2024-03-26","10:8",
"2178","2,178","SSGC431XX16S","Sortie","5","0",,,"0","2024-03-26","10:8",
"2179","2,179","VC1815.003","Sortie","1","0",,,"0","2024-03-26","10:9",
"2180","2,180","VS17.0809CA","Sortie","1","0",,,"0","2024-03-26","10:9",
"2181","2,181","2371GY-F-750","Sortie","1","0",,,"0","2024-03-26","10:9",
"2182","2,182","BGARD-175VDCBL","Sortie","44","0",,,"0","2024-03-26","10:10",
"2183","2,183","VS27.1415","Sortie","1","0",,,"0","2024-03-26","10:10",
"2184","2,184","VS27.1415","Sortie","1","0",,,"0","2024-03-26","10:11",
"2185","2,185","CGARD-175DCNO","Sortie","198","0",,,"0","2024-03-26","10:11",
"2186","2,186","BGARD-175VDCNO","Sortie","180","0",,,"0","2024-03-26","10:11",
"2187","2,187","5545903","Sortie","2","0",,,"0","2024-03-26","10:12",
"2188","2,188","VS27.1419","Sortie","1","0",,,"0","2024-03-26","10:14",
"2189","2,189","VS27.1411","Sortie","1","0",,,"0","2024-03-26","10:14",
"2190","2,190","5545903","Mise à jour","20","0",,,"0","2024-04-16","10:13",
"2191","2,191","AttacheMurale-NP","Mise à jour","1","0",,,"0","2024-04-16","13:36",
"2192","2,192","280-002","Sortie","400","0",,,"0","2024-04-16","13:37",
"2193","2,193","Capsule-NO","Sortie","2","0",,,"0","2024-04-16","13:37",
"2194","2,194","BBARRO-3/4-NO","Sortie","50","0",,,"0","2024-04-16","13:38",
"2195","2,195","VS27.1419","Sortie","1","0",,,"0","2024-04-16","13:38",
"2196","2,196","280-002","Sortie","400","0",,,"0","2024-04-16","13:38",
"2197","2,197","CMCG-200-NO","Sortie","160","0",,,"0","2024-04-16","13:39",
"2198","2,198","80870-0001","Sortie","2","0",,,"0","2024-04-16","13:39",
"2199","2,199","2371GY-F-750","Sortie","1","0",,,"0","2024-04-16","13:40",
"2200","2,200","BoutRet-BR","Sortie","5","0",,,"0","2024-04-16","13:40",
"2201","2,201","BBARRO-3/4-BC","Sortie","25","0",,,"0","2024-04-16","13:40",
"2202","2,202","VS27.1415","Sortie","1","0",,,"0","2024-04-16","13:41",
"2203","2,203","BGARD-175VDCNO","Sortie","60","0",,,"0","2024-04-17","6:30",
"2204","2,204","Penture3""","Sortie","2","0",,,"0","2024-04-17","6:31",
"2205","2,205","Capsule-BR","Sortie","1","0",,,"0","2024-04-17","6:31",
"2206","2,206","Capsule-NO","Sortie","1","0",,,"0","2024-04-17","6:31",
"2207","2,207","VRW7210TMG","Sortie","1","0",,,"0","2024-04-17","6:35",
"2208","2,208","999-A37708","Sortie","1","0",,,"0","2024-04-17","6:36",
"2209","2,209","BGARD-300VDCNO","Sortie","44","0",,,"0","2024-04-17","6:36",
"2210","2,210","CGARD-300DCBL","Sortie","120","0",,,"0","2024-04-17","6:36",
"2211","2,211","Cale","Sortie","1","0",,,"0","2024-04-17","6:37",
"2212","2,212","80870-0001","Sortie","1","0",,,"0","2024-04-17","6:37",
"2213","2,213","LOQNO","Sortie","1","0",,,"0","2024-04-17","6:38",
"2214","2,214","Bec de cane","Sortie","2","0",,,"0","2024-04-17","6:38",
"2215","2,215","Capsule-NO","Sortie","1","0",,,"0","2024-04-17","6:39",
"2216","2,216","2371GY-F-750","Sortie","1","0",,,"0","2024-04-17","6:40",
"2217","2,217","280-002","Sortie","500","0",,,"0","2024-04-17","6:40",
"2218","2,218","Capsule-NO","Sortie","1","0",,,"0","2024-04-17","6:40",
"2219","2,219","Capsule-BR","Sortie","1","0",,,"0","2024-04-17","6:40",
"2220","2,220","CGARD-175DCNO","Sortie","198","0",,,"0","2024-04-17","6:41",
"2221","2,221","VS27.1419","Sortie","1","0",,,"0","2024-04-17","6:41",
"2222","2,222","LOQNO","Sortie","1","0",,,"0","2024-04-17","6:41",
"2223","2,223","Capsule-NO","Sortie","1","0",,,"0","2024-04-17","6:42",
"2224","2,224","VRW7210TMG","Sortie","1","0",,,"0","2024-04-17","6:42",
"2225","2,225","VRW7210TMG","Sortie","1","0",,,"0","2024-04-17","6:46",
"2226","2,226","VRW7210TMG","Entrée","0","0",,,"0","2024-04-17","9:10",
"2227","2,227","80870-0001","Sortie","1","0",,,"0","2024-04-17","9:10",
"2228","2,228","5545903","Sortie","2","0",,,"0","2024-04-17","10:41",
"2229","2,229","5640337","Entrée","0","0",,,"0","2024-04-17","11:16",
"2230","2,230","LOQNO","Sortie","1","0",,,"0","2024-04-17","11:16",
"2231","2,231","VS27.1415","Sortie","1","0",,,"0","2024-04-17","11:19",
"2232","2,232","VS27.1419","Sortie","1","0",,,"0","2024-04-17","11:22",
"2233","2,233","VZPOSSD46SSBS-NO","Mise à jour","30","0",,,,"2024-04-17","13:0",
"2234","2,234","VZPOSSD4SSBS-GC","Mise à jour","10","0",,,,"2024-04-17","13:1",
"2235","2,235","VZPOSSD46SSBS-BL","Mise à jour","50","0",,,,"2024-04-17","13:3",
"2236","2,236","VZPOSSD46SSBS-BC","Mise à jour","10","0",,,,"2024-04-17","13:4",
"2237","2,237","VS19.0808CA","Sortie","1","0",,,"0","2024-04-18","6:40",
"2238","2,238","VS19.0808CA","Entrée","0","0",,,"0","2024-04-18","8:10",
"2239","2,239","VS19.0808CA","Entrée","0","0",,,"0","2024-04-18","8:10",
"2240","2,240","LOQNO","Sortie","1","0",,,"0","2024-04-18","8:10",
"2241","2,241","Bec de cane","Sortie","1","0",,,"0","2024-04-18","8:10",
"2242","2,242","Bec de cane","Entrée","0","0",,,"0","2024-04-18","9:3",
"2243","2,243","280-002","Sortie","500","0",,,"0","2024-04-18","9:4",
"2244","2,244","280-002","Entrée","0","0",,,"0","2024-04-18","10:9",
"2245","2,245","Ruban clair 48mm","Sortie","1","0",,,"0","2024-04-18","10:9",
"2246","2,246","Ruban clair 48mm","Entrée","0","0",,,"0","2024-04-18","10:40",
"2247","2,247","3013006","Sortie","1","0",,,"0","2024-04-18","10:40",
"2248","2,248","Capsule-BL","Sortie","1","0",,,"0","2024-04-18","13:0",
"2249","2,249","2371GY-F-750","Sortie","1","0",,,"0","2024-04-18","13:28",
"2250","2,250","2371GY-F-750","Sortie","1","0",,,"0","2024-04-18","13:28",
"2251","2,251","BGARD-300VDCBC","Mise à jour","382","0",,,"0","2024-04-18","14:19",
"2252","2,252","BGARD-300VDCBL","Mise à jour","800","0",,,"0","2024-04-18","14:19",
"2253","2,253","BGARD-300VDCGC","Mise à jour","136","0",,,"0","2024-04-18","14:19",
"2254","2,254","BGARD-300VDCNO","Mise à jour","460","0",,,"0","2024-04-18","14:20",
"2255","2,255","BGARD-300VDCNO","Mise à jour","1,488","0",,,"0","2024-04-18","14:26",
"2256","2,256","AQUALATCHNO","Sortie","1","0",,,"0","2024-04-23","13:5",
"2257","2,257","AQUALATCHNO","Entrée","0","0",,,"0","2024-04-23","14:16",
"2258","2,258","80870-0001","Sortie","1","0",,,"0","2024-04-23","14:16",
"2259","2,259","RouleauCarton","Entrée","0","0",,,"0","2024-04-23","14:49",
"2260","2,260","999-A37708","Sortie","3","0",,,"0","2024-04-23","14:50",
"2261","2,261","VC1815.003","Sortie","1","0",,,"0","2024-04-23","15:8",
"2262","2,262","VC1815.003","Entrée","0","0",,,"0","2024-04-23","7:4",
"2263","2,263","280-003","Sortie","500","0",,,"0","2024-05-08","5:13",
"2264","2,264","AttacheMurale-CH","Sortie","2","0",,,"0","2024-05-08","5:13",
"2265","2,265","VS27.1419","Sortie","1","0",,,"0","2024-05-08","5:14",
"2266","2,266","280-002","Sortie","500","0",,,"0","2024-05-08","5:15",
"2267","2,267","280-002","Sortie","500","0",,,"0","2024-05-08","5:15",
"2268","2,268","280-001","Mise à jour","0","0",,,"0","2024-05-08","5:16",
"2269","2,269","VS27.1411","Sortie","1","0",,,"0","2024-05-08","5:16",
"2270","2,270","CGARD-175DCBL","Sortie","198","0",,,"0","2024-05-08","5:16",
"2271","2,271","BGARD-300VDCBL","Sortie","56","0",,,"0","2024-05-08","5:18",
"2272","2,272","VZ.SERCLES.BL","Sortie","1","0",,,"0","2024-05-08","5:18",
"2273","2,273","LOQNO","Sortie","2","0",,,"0","2024-05-08","5:18",
"2274","2,274","VS27.1415","Sortie","1","0",,,"0","2024-05-08","5:19",
"2275","2,275","5545903","Sortie","1","0",,,"0","2024-05-08","5:19",
"2276","2,276","5640337","Sortie","2","0",,,"0","2024-05-08","5:19",
"2277","2,277","AQUALATCHNO","Sortie","1","0",,,"0","2024-05-08","5:20",
"2278","2,278","AQUALATCHBL","Sortie","1","0",,,"0","2024-05-08","5:20",
"2279","2,279","Capsule-NO","Sortie","1","0",,,"0","2024-05-08","5:20",
"2280","2,280","BGARD-175VDCNO","Sortie","60","0",,,"0","2024-05-08","5:21",
"2281","2,281","5545903","Sortie","2","0",,,"0","2024-05-08","5:21",
"2282","2,282","VZ.SERCLES.NR","Sortie","1","0",,,"0","2024-05-08","5:21",
"2283","2,283","CGARD-175DCNO","Sortie","198","0",,,"0","2024-05-08","5:22",
"2284","2,284","BGARD-300VDCNO","Sortie","48","0",,,"0","2024-05-08","5:22",
"2285","2,285","5545903","Sortie","2","0",,,"0","2024-05-08","5:22",
"2286","2,286","VS19.0808CA","Sortie","2","0",,,"0","2024-05-08","5:23",
"2287","2,287","OUT-0037","Sortie","3","0",,,"0","2024-05-08","5:23",
"2288","2,288","BGARD-175VDCBL","Sortie","60","0",,,"0","2024-05-08","5:23",
"2289","2,289","BGARD-175VDCGC","Sortie","54","0",,,"0","2024-05-08","5:24",
"2290","2,290","Capsule-NO","Sortie","1","0",,,"0","2024-05-08","5:24",
"2291","2,291","VS27.1415","Sortie","1","0",,,"0","2024-05-08","5:24",
"2292","2,292","VS27.1419","Sortie","2","0",,,"0","2024-05-08","5:25",
"2293","2,293","VS27.1423 ","Sortie","2","0",,,"0","2024-05-08","5:25",
"2294","2,294","BGARD-175VDCNO","Sortie","60","0",,,"0","2024-05-08","5:25",
"2295","2,295","VS27.1415","Sortie","1","0",,,"0","2024-05-08","5:26",
"2296","2,296","VRW7210TMG","Sortie","1","0",,,"0","2024-05-08","5:31",
"2297","2,297","VRW7210TMG","Sortie","2","0",,,"0","2024-05-08","5:31",
"2298","2,298","Capsule-BR","Sortie","1","0",,,"0","2024-05-08","5:32",
"2299","2,299","BBARRO-3/4-NO","Sortie","25","0",,,"0","2024-05-08","5:32",
"2300","2,300","BBARRO-3/4-BC","Mise à jour","12","0",,,,"2024-05-08","5:51",
"2301","2,301","BBARRO-3/4-BL","Mise à jour","31","0",,,,"2024-05-08","5:57",
"2302","2,302","BBARRO-3/4-NO","Mise à jour","29","0",,,,"2024-05-08","6:2",
"2303","2,303","BBARRO-3/4-CH","Mise à jour","7","0",,,,"2024-05-08","6:2",
"2304","2,304","BBARRO-3/4-AR","Mise à jour","9","0",,,,"2024-05-08","6:3",
"2305","2,305","80870-0001","Sortie","1","0",,,"0","2024-05-09","9:22",
"2306","2,306","VS19.0808CA","Sortie","1","0",,,"0","2024-05-09","11:18",
"2307","2,307","Cale","Sortie","1","0",,,"0","2024-05-13","13:28",
"2308","2,308","5545903","Sortie","2","0",,,"0","2024-05-13","13:28",
"2309","2,309","Cale","Sortie","1","0",,,"0","2024-05-13","13:29",
"2310","2,310","BGARD-175VDCNO","Sortie","120","0",,,"0","2024-05-13","13:30",
"2311","2,311","VS27.1415","Sortie","1","0",,,"0","2024-05-13","13:32",
"2312","2,312","CGARD-175DCNO","Sortie","198","0",,,"0","2024-05-13","13:33",
"2313","2,313","Capsule-BL","Sortie","1","0",,,"0","2024-05-13","13:33",
"2314","2,314","BGARD-175VDCBC","Sortie","60","0",,,"0","2024-05-13","13:33",
"2315","2,315","999-A37708","Sortie","1","0",,,"0","2024-05-13","13:34",
"2316","2,316","BGARD-175VDCNO","Sortie","120","0",,,"0","2024-05-13","13:34",
"2317","2,317","BGARD-300VDCNO","Sortie","48","0",,,"0","2024-05-13","13:34",
"2318","2,318","VS27.1415","Sortie","1","0",,,"0","2024-05-13","13:35",
"2319","2,319","VC1815.003","Sortie","1","0",,,"0","2024-05-13","13:38",
"2320","2,320","CGARD-175DCGM","Mise à jour","487","0",,,"0","2024-05-13","15:4",
"2321","2,321","BGARD-300VDCGM","Entrée","252","0",,,"0","2024-05-13","15:27",
"2322","2,322","Capsule-BR","Mise à jour","7","0",,,"0","2024-05-13","15:35",
"2323","2,323","Capsule-BL","Mise à jour","14","0",,,"0","2024-05-13","15:36",
"2324","2,324","2371GY-F-750","Sortie","1","0",,,"0","2024-05-14","10:5",
"2325","2,325","SSGC431XX16S","Mise à jour","4","0",,,"0","2024-05-14","11:5",
"2326","2,326","SSSPIGOTSMS-V1.1","Mise à jour","6","0",,,"0","2024-05-14","11:6",
"2327","2,327","VRW7210TMG","Sortie","1","0",,,"0","2024-05-21","7:30",
"2328","2,328","BBARRO-3/4-NO","Sortie","2","0",,,"0","2024-05-21","7:31",
"2329","2,329","CGARD-175DCNO","Sortie","198","0",,,"0","2024-05-21","7:31",
"2330","2,330","BGARD-175VDCNO","Sortie","240","0",,,"0","2024-05-21","7:32",
"2331","2,331","VS27.1423 ","Sortie","1","0",,,"0","2024-05-21","7:32",
"2332","2,332","VS27.1419","Sortie","1","0",,,"0","2024-05-21","7:32",
"2333","2,333","BGARD-175VDCGM","Sortie","26","0",,,"0","2024-05-21","7:33",
"2334","2,334","VS20.0809CAV+","Sortie","1","0",,,"0","2024-05-21","7:33",
"2335","2,335","AQUALATCHNO","Sortie","2","0",,,"0","2024-05-21","7:33",
"2336","2,336","BBARRO-3/4-NO","Sortie","2","0",,,"0","2024-05-21","7:34",
"2337","2,337","5545903","Sortie","1","0",,,"0","2024-05-21","7:34",
"2338","2,338","VS27.1415","Sortie","1","0",,,"0","2024-05-21","7:35",
"2339","2,339","CMCG-200-NO","Sortie","26","0",,,"0","2024-05-21","7:35",
"2340","2,340","5545903","Sortie","2","0",,,"0","2024-05-21","7:35",
"2341","2,341","VS19.0808CA","Sortie","1","0",,,"0","2024-05-21","7:36",
"2342","2,342","999-A37708","Sortie","1","0",,,"0","2024-05-21","7:36",
"2343","2,343","SSGC411XX16S","Entrée","30","0",,,"0","2024-05-21","13:18",
"2344","2,344","SSGC431XX16S","Entrée","30","0",,,"0","2024-05-21","13:19",
"2345","2,345","SSGC431XX16B","Entrée","20","0",,,"0","2024-05-21","13:19",
"2346","2,346","SSGC411XX16B","Entrée","20","0",,,"0","2024-05-21","13:20",
"2347","2,347","SSSPIGOTSMS-V1.1","Mise à jour","25","0",,,"0","2024-05-21","13:20",
"2348","2,348","SSPFGL180S","Mise à jour","2","0",,,"0","2024-05-21","13:23",
"2349","2,349","SSPFEBWALL","Mise à jour","1","0",,,"0","2024-05-21","13:24",
"2350","2,350","SSWB1301116S","Mise à jour","2","0",,,,"2024-05-21","13:24",
"2351","2,351","Capsule-AR","Mise à jour","20","0",,,"0","2024-05-21","13:25",
"2352","2,352","01-004-BOUT-AR","Mise à jour","30","0",,,,"2024-05-21","13:26",
"2353","2,353","999-A37708","Mise à jour","16","0",,,"0","2024-05-21","13:28",
"2354","2,354","CGARD-300DCNP","Mise à jour","840","0",,,"0","2024-05-21","13:29",
"2355","2,355","BGARD-175VDCNP","Mise à jour","149","0",,,"0","2024-05-21","13:29",
"2356","2,356","CMCG-200-NP","Mise à jour","18","0",,,"0","2024-05-21","13:30",
"2357","2,357","PlaqueMC-NP","Mise à jour","135","0",,,"0","2024-05-21","13:30",
"2358","2,358","BGARD-300VDCNO","Mise à jour","991","0",,,"0","2024-05-21","13:32",
"2359","2,359","BGARD-300VDCBL","Mise à jour","568","0",,,"0","2024-05-21","13:33",
"2360","2,360","BGARD-300VDCNP","Mise à jour","840","0",,,"0","2024-05-21","13:34",
"2361","2,361","BBARRO-3/4-NP","Mise à jour","17,473","0",,,"0","2024-05-21","13:34",
"2362","2,362","BGARD-300VDCGM","Mise à jour","126","0",,,"0","2024-05-21","13:36",
"2363","2,363","BGARD-175VDCGM","Mise à jour","480","0",,,"0","2024-05-21","13:36",
"2364","2,364","CGARD-300DCGC","Mise à jour","480","0",,,"0","2024-05-21","13:37",
"2365","2,365","CGARD-300DCBC","Mise à jour","240","0",,,,"2024-05-21","13:37",
"2366","2,366","CGARD-300DCNO","Mise à jour","1,542","0",,,"0","2024-05-21","13:39",
"2367","2,367","CGARD-175DCBL","Mise à jour","792","0",,,"0","2024-05-21","13:39",
"2368","2,368","CGARD-175DCNO","Mise à jour","990","0",,,"0","2024-05-21","13:40",
"2369","2,369","BGARD-175VDCBL","Mise à jour","1,200","0",,,"0","2024-05-21","13:41",
"2370","2,370","BGARD-175VDCNO","Mise à jour","1,200","0",,,"0","2024-05-21","13:41",
"2371","2,371","BGARD-300VDCNO","Mise à jour","434","0",,,"0","2024-05-21","13:42",
"2372","2,372","AQUALATCHNO","Mise à jour","49","0",,,"0","2024-05-21","13:47",
"2373","2,373","LOQNO","Mise à jour","46","0",,,"0","2024-05-21","13:47",
"2374","2,374","ÉquerreM-NP","Mise à jour","96","0",,,"0","2024-05-21","13:48",
"2375","2,375","01-004-BOUT-NP","Mise à jour","85","0",,,"0","2024-05-21","13:49",
"2376","2,376","280-003","Mise à jour","9,000","0",,,"0","2024-05-21","13:49",
"2377","2,377","280-001","Entrée","6,000","0",,,"0","2024-05-21","13:50",
"2378","2,378","3013018","Mise à jour","3","0",,,"0","2024-05-21","13:50",
"2379","2,379","3013006","Mise à jour","5","0",,,"0","2024-05-21","13:50",
"2380","2,380","999-A11040","Mise à jour","9","0",,,"0","2024-05-21","13:54",
"2381","2,381","PentureRessort","Mise à jour","18","0",,,"0","2024-05-21","13:55",
"2382","2,382","Penture3""","Mise à jour","15","0",,,"0","2024-05-21","13:55",
"2383","2,383","VS20.0809CAV+","Mise à jour","1","0",,,"0","2024-05-21","13:56",
"2384","2,384","VS15.1607","Mise à jour","0","0",,,,"2024-05-21","14:31",
"2385","2,385","VS17.1411CA","Mise à jour","2","0",,,"0","2024-05-21","14:50",
"2386","2,386","VS26.1827","Mise à jour","2","0",,,"0","2024-05-21","14:50",
"2387","2,387","VS26.1833","Mise à jour","1","0",,,,"2024-05-21","14:52",
"2388","2,388","80870-0001","Mise à jour","55","0",,,"0","2024-05-21","14:54",
"2389","2,389","VS27.1411","Mise à jour","27","0",,,"0","2024-05-21","14:54",
"2390","2,390","VS27.1419","Mise à jour","42","0",,,"0","2024-05-21","14:56",
"2391","2,391","VS27.1415","Mise à jour","69","0",,,"0","2024-05-21","14:56",
"2392","2,392","VS27.1423 ","Mise à jour","4","0",,,"0","2024-05-21","14:56",
"2393","2,393","VS19.0808CA","Mise à jour","15","0",,,"0","2024-05-21","14:57",
"2394","2,394","VRW7210TMG","Mise à jour","72","0",,,"0","2024-05-21","14:57",
"2395","2,395","VZPOSSD4SSBS-GC","Mise à jour","19","0",,,,"2024-05-21","14:58",
"2396","2,396","VZPOSSD46SSBS-NO","Mise à jour","28","0",,,,"2024-05-21","14:59",
"2397","2,397","VS01.2211","Mise à jour","2","0",,,"0","2024-05-21","15:0",
"2398","2,398","MALU48","Mise à jour","56","0",,,"0","2024-05-21","15:0",
"2399","2,399","BGARD-300VDCGM","Mise à jour","203","0",,,"0","2024-05-21","15:1",
"2400","2,400","BGARD-175VDCGC","Mise à jour","162","0",,,"0","2024-05-21","15:1",
"2401","2,401","BGARD-300VDCBC","Mise à jour","388","0",,,"0","2024-05-21","15:3",
"2402","2,402","AttacheMurale-BR","Mise à jour","6","0",,,,"2024-05-21","15:5",
"2403","2,403","ÉquerreM-NO","Mise à jour","30","0",,,"0","2024-05-21","15:7",
"2404","2,404","ÉquerreM-BL","Mise à jour","23","0",,,"0","2024-05-21","15:7",
"2405","2,405","OUT-0037","Mise à jour","98","0",,,"0","2024-05-21","15:8",
"2406","2,406","01-004-BOUT-BL","Mise à jour","16","0",,,"0","2024-05-21","15:9",
"2407","2,407","AttacheMurale-BL","Mise à jour","10","0",,,"0","2024-05-21","15:9",
"2408","2,408","CMCG-200-BL","Mise à jour","337","0",,,"0","2024-05-21","15:10",
"2409","2,409","AttacheMurale-GM","Mise à jour","43","0",,,,"2024-05-21","15:11",
"2410","2,410","CMCG-200-GM","Mise à jour","50","0",,,"0","2024-05-21","15:11",
"2411","2,411","BBARRO-3/4-GM","Mise à jour","90","0",,,,"2024-05-21","15:11",
"2412","2,412","01-004-BOUT-NO","Mise à jour","56","0",,,"0","2024-05-21","15:12",
"2413","2,413","CMCG-200-NO","Mise à jour","354","0",,,"0","2024-05-21","15:13",
"2414","2,414","AttacheMurale-NO","Mise à jour","12","0",,,"0","2024-05-21","15:13",
"2415","2,415","PlaqueMC-NO","Mise à jour","116","0",,,"0","2024-05-21","15:14",
"2416","2,416","AQUALATCHBL","Mise à jour","6","0",,,"0","2024-05-21","15:15",
"2417","2,417","VZ.SERCLES.BL","Mise à jour","11","0",,,"0","2024-05-21","15:15",
"2418","2,418","Capsule-CH","Mise à jour","19","0",,,"0","2024-05-21","15:16",
"2419","2,419","PGondD","Mise à jour","8","0",,,"0","2024-05-21","15:17",
"2420","2,420","PGondG","Mise à jour","8","0",,,"0","2024-05-21","15:17",
"2421","2,421","999-A37708","Sortie","1","0",,,"0","2024-05-22","11:27",
"2422","2,422","999-A37708","Entrée","0","0",,,"0","2024-05-22","14:10",
"2423","2,423","999-A37708","Entrée","0","0",,,"0","2024-05-22","15:53",
"2424","2,424","PentureRessort","Sortie","2","0",,,"0","2024-05-22","10:32",
"2425","2,425","Capsule-BL","Sortie","1","0",,,"0","2024-05-24","8:43",
"2426","2,426","CGARD-175DCNO","Sortie","198","0",,,"0","2024-05-24","8:44",
"2427","2,427","BGARD-175VDCNO","Sortie","60","0",,,"0","2024-05-24","8:45",
"2428","2,428","BGARD-175VDCGC","Sortie","54","0",,,"0","2024-05-24","8:46",
"2429","2,429","BGARD-300VDCBC","Sortie","28","0",,,"0","2024-05-24","8:46",
"2430","2,430","BGARD-175VDCBL","Sortie","60","0",,,"0","2024-05-24","8:47",
"2431","2,431","VS27.1415","Sortie","1","0",,,"0","2024-05-24","8:48",
"2432","2,432","BBARRO-3/4-AR","Sortie","1","0",,,"0","2024-05-24","8:49",
"2433","2,433","LOQNO","Sortie","1","0",,,"0","2024-05-24","8:49",
"2434","2,434","AQUALATCHBL","Sortie","1","0",,,"0","2024-05-24","8:49",
"2435","2,435","Penture3""","Sortie","2","0",,,"0","2024-05-24","8:50",
"2436","2,436","PentureRessort","Sortie","1","0",,,"0","2024-05-24","8:50",
"2437","2,437","CMCG-200-NO","Sortie","56","0",,,"0","2024-05-24","8:51",
"2438","2,438","5545903","Sortie","3","0",,,"0","2024-05-24","8:52",
"2439","2,439","5545903","Mise à jour","41","0",,,"0","2024-05-24","8:54",
"2440","2,440","VS19.0808CA","Sortie","1","0",,,"0","2024-05-24","8:54",
"2441","2,441","BGARD-300VDCGC","Mise à jour","232","0",,,"0","2024-05-24","8:55",
"2442","2,442","BGARD-300VDCGM","Mise à jour","278","0",,,"0","2024-05-24","8:56",
"2443","2,443","BGARD-300VDCNO","Mise à jour","1,063","0",,,"0","2024-05-24","8:56",
"2444","2,444","BGARD-300VDCNP","Mise à jour","884","0",,,"0","2024-05-24","8:56",
"2445","2,445","CGARD-300DCGC","Mise à jour","240","0",,,"0","2024-05-24","8:57",
"2446","2,446","ÉquerreM-NO","Sortie","30","0",,,"0","2024-05-27","7:45",
"2447","2,447","280-001","Sortie","1,000","0",,,"0","2024-05-27","10:49",
"2448","2,448","VS27.1415","Entrée","0","0",,,"0","2024-05-27","13:0",
"2449","2,449","2371GY-F-750","Sortie","1","0",,,"0","2024-05-28","8:18",
"2450","2,450","VS19.0808CA","Sortie","1","0",,,"0","2024-05-30","8:34",
"2451","2,451","VC1815.003","Sortie","1","0",,,"0","2024-06-03","6:13",
"2452","2,452","VRW7210TMG","Sortie","1","0",,,"0","2024-06-03","6:22",
"2453","2,453","Penture3""","Sortie","1","0",,,"0","2024-06-04","13:26",
"2454","2,454","PentureRessort","Sortie","1","0",,,"0","2024-06-04","13:26",
"2455","2,455","AQUALATCHNO","Sortie","1","0",,,"0","2024-06-04","13:26",
"2456","2,456","280-001","Sortie","500","0",,,"0","2024-06-04","13:27",
"2457","2,457","BGARD-175VDCNO","Sortie","180","0",,,"0","2024-06-04","13:27",
"2458","2,458","5545903","Sortie","1","0",,,"0","2024-06-04","13:27",
"2459","2,459","5545903","Sortie","2","0",,,"0","2024-06-04","13:28",
"2460","2,460","5545903","Sortie","3","0",,,"0","2024-06-04","13:28",
"2461","2,461","VS27.1415","Sortie","1","0",,,"0","2024-06-04","13:28",
"2462","2,462","BGARD-300VDCBL","Sortie","24","0",,,"0","2024-06-04","13:29",
"2463","2,463","CGARD-300DCNO","Sortie","120","0",,,"0","2024-06-04","13:29",
"2464","2,464","VS19.0808CA","Sortie","1","0",,,"0","2024-06-04","13:29",
"2465","2,465","Cale","Sortie","1","0",,,"0","2024-06-04","13:30",
"2466","2,466","Cale","Entrée","0","0",,,"0","2024-06-04","13:56",
"2467","2,467","PentureRessort","Sortie","1","0",,,"0","2024-06-04","13:56",
"2468","2,468","Penture3""","Sortie","1","0",,,"0","2024-06-04","13:56",
"2469","2,469","AQUALATCHNO","Sortie","2","0",,,"0","2024-06-04","14:3",
"2470","2,470","AQUALATCHNO","Entrée","0","0",,,"0","2024-06-04","15:17",
"2471","2,471","VS19.0808CA","Sortie","1","0",,,"0","2024-06-04","15:18",
"2472","2,472","VS19.0808CA","Entrée","0","0",,,"0","2024-06-04","6:39",
"2473","2,473","MALU48","Sortie","5","0",,,"0","2024-06-05","6:39",
"2474","2,474","MALU42","Entrée","0","0",,,"0","2024-06-05","10:58",
"2475","2,475","CMCG-200-GM","Mise à jour","24","0",,,"0","2024-06-05","10:59",
"2476","2,476","VS27.1415","Sortie","1","0",,,"0","2024-06-05","10:59",
"2477","2,477","BGARD-175VDCNO","Sortie","60","0",,,"0","2024-06-05","11:28",
"2478","2,478","LOQNO","Sortie","2","0",,,"0","2024-06-05","11:28",
"2479","2,479","CGARD-175DCGM","Sortie","52","0",,,"0","2024-06-05","11:28",
"2480","2,480","Capsule-BL","Sortie","2","0",,,"0","2024-06-05","11:28",
"2481","2,481","Capsule-BR","Sortie","1","0",,,"0","2024-06-05","11:29",
"2482","2,482","VS27.1419","Sortie","2","0",,,"0","2024-06-05","11:29",
"2483","2,483","VS27.1411","Sortie","2","0",,,"0","2024-06-05","11:29",
"2484","2,484","VS27.1415","Sortie","1","0",,,"0","2024-06-05","11:30",
"2485","2,485","CGARD-175DCNO","Sortie","198","0",,,"0","2024-06-05","11:31",
"2486","2,486","BGARD-175VDCGM","Sortie","60","0",,,"0","2024-06-05","11:31",
"2487","2,487","BGARD-175VDCNP","Sortie","60","0",,,"0","2024-06-05","11:32",
"2488","2,488","VRW7210TMG","Sortie","1","0",,,"0","2024-06-05","11:33",
"2489","2,489","280-003","Sortie","450","0",,,"0","2024-06-05","11:33",
"2490","2,490","Capsule-GM","Sortie","1","0",,,"0","2024-06-05","11:33",
"2491","2,491","VC1815.003","Sortie","1","0",,,"0","2024-06-05","11:33",
"2492","2,492","BGARD-175VDCNO","Sortie","60","0",,,"0","2024-06-05","11:34",
"2493","2,493","BGARD-300VDCBL","Sortie","24","0",,,"0","2024-06-05","11:34",
"2494","2,494","VS27.1415","Sortie","0","0",,,"0","2024-06-05","11:34",
"2495","2,495","LOQNO","Sortie","1","0",,,"0","2024-06-05","11:34",
"2496","2,496","BGARD-300VDCNO","Sortie","44","0",,,"0","2024-06-05","11:35",
"2497","2,497","3013006","Sortie","1","0",,,"0","2024-06-05","11:35",
"2498","2,498","5545903","Sortie","2","0",,,"0","2024-06-05","11:35",
"2499","2,499","999-A37708","Sortie","1","0",,,"0","2024-06-05","11:35",
"2500","2,500","999-A37708","Entrée","0","0",,,"0","2024-06-05","12:43",
"2501","2,501","MALU48","Sortie","5","0",,,"0","2024-06-05","12:43",
"2502","2,502","LOQNO","Sortie","1","0",,,"0","2024-06-05","12:57",
"2503","2,503","280-001","Sortie","500","0",,,"0","2024-06-05","13:35",
"2504","2,504","VS27.1415","Entrée","0","0",,,"0","2024-06-05","14:2",
"2505","2,505","Penture3""","Sortie","1","0",,,"0","2024-06-05","14:3",
"2506","2,506","Ruban clair 48mm","Sortie","1","0",,,"0","2024-06-05","14:10",
"2507","2,507","Ruban clair 48mm","Entrée","0","0",,,"0","2024-06-05","15:26",
"2508","2,508","Cale","Sortie","2","0",,,"0","2024-06-06","8:6",
"2509","2,509","PentureRessort","Sortie","1","0",,,"0","2024-06-06","11:32",
"2510","2,510","BGARD-175VDCNO","Sortie","60","0",,,"0","2024-06-06","14:53",
"2511","2,511","BGARD-175VDCBL","Sortie","60","0",,,"0","2024-06-06","14:53",
"2512","2,512","BGARD-300VDCBL","Sortie","24","0",,,"0","2024-06-06","14:54",
"2513","2,513","VS27.1415","Sortie","1","0",,,"0","2024-06-06","14:54",
"2514","2,514","VS27.1415","Sortie","1","0",,,"0","2024-06-06","14:54",
"2515","2,515","VRJ61644","Sortie","1","0",,,"0","2024-06-06","14:55",
"2516","2,516","BGARD-300VDCGC","Sortie","44","0",,,"0","2024-06-06","14:55",
"2517","2,517","MALU48","Sortie","6","0",,,"0","2024-06-06","14:56",
"2518","2,518","301SS","Sortie","5","0",,,"0","2024-06-06","14:56",
"2519","2,519","VRW7210TMG","Sortie","1","0",,,"0","2024-06-06","14:57",
"2520","2,520","VZPOSSD46SSBS-BL","Sortie","5","0",,,"0","2024-06-06","14:58",
"2521","2,521","ÉquerreM-NO","Entrée","200","0",,,"0","2024-06-07","8:27",
"2522","2,522","BGARD-300VDCNO","Sortie","44","0",,,"0","2024-06-07","8:28",
"2523","2,523","BGARD-175VDCBL","Entrée","840","0",,,"0","2024-06-07","12:11",
"2524","2,524","BGARD-175VDCNO","Entrée","2,640","0",,,"0","2024-06-07","12:11",
"2525","2,525","BGARD-175VDCNP","Entrée","1,046","0",,,"0","2024-06-07","12:12",
"2526","2,526","BGARD-300VDCBL","Entrée","469","0",,,"0","2024-06-07","12:12",
"2527","2,527","BGARD-300VDCNO","Entrée","441","0",,,"0","2024-06-07","12:12",
"2528","2,528","BGARD-300VDCNP","Entrée","696","0",,,"0","2024-06-07","12:12",
"2529","2,529","CGARD-175DCBL","Entrée","1,117","0",,,"0","2024-06-07","12:13",
"2530","2,530","CGARD-175DCNO","Entrée","600","0",,,"0","2024-06-07","12:13",
"2531","2,531","CGARD-175DCNP","Entrée","947","0",,,"0","2024-06-07","12:13",
"2532","2,532","CGARD-300DCBL","Entrée","120","0",,,"0","2024-06-07","12:13",
"2533","2,533","CGARD-300DCNO","Entrée","360","0",,,"0","2024-06-07","12:14",
"2534","2,534","CGARD-300DCNP","Entrée","600","0",,,"0","2024-06-07","12:14",
"2535","2,535","CMCG-200-NP","Entrée","230","0",,,"0","2024-06-07","12:15",
"2536","2,536","CMCG-200-NO","Entrée","300","0",,,"0","2024-06-07","12:15",
"2537","2,537","CMCG-200-BL","Entrée","138","0",,,"0","2024-06-07","12:15",
"2523","2,523","AttacheMurale-GM","Mise à jour","4","0",,,,"2024-06-07","5:38",
"2538","2,538","VS27.1419","Sortie","1","0",,,"0","2024-06-10","5:51",
"2539","2,539","5545903","Sortie","1","0",,,"0","2024-06-10","7:26",
"2540","2,540","CMCG-200-NO","Sortie","98","0",,,"0","2024-06-10","7:40",
"2541","2,541","01-004-BOUT-NP","Entrée","0","0",,,"0","2024-06-10","10:20",
"2542","2,542","01-004-BOUT-NP","Entrée","0","0",,,"0","2024-06-10","10:20",
"2543","2,543","PentureRessort","Sortie","1","0",,,"0","2024-06-10","10:40",
"2544","2,544","Penture3""","Sortie","1","0",,,"0","2024-06-10","10:40",
"2545","2,545","AQUALATCHBL","Sortie","1","0",,,"0","2024-06-10","10:47",
"2546","2,546","AQUALATCHBL","Mise à jour","5","0",,,"0","2024-06-10","10:49",
"2547","2,547","AQUALATCHNO","Entrée","0","0",,,"0","2024-06-10","15:58",
"2548","2,548","BBARRO-3/4-NO","Sortie","1","0",,,"0","2024-06-11","5:38",
"2549","2,549","CGARD-175DCGC","Sortie","325","0",,,"0","2024-06-11","5:46",
"2550","2,550","CGARD-175DCNO","Sortie","198","0",,,"0","2024-06-11","5:47",
"2551","2,551","VRW7210TMG","Sortie","1","0",,,"0","2024-06-11","5:48",
"2552","2,552","BGARD-300VDCAR","Entrée","0","0",,,"0","2024-06-11","6:30",
"2553","2,553","PentureRessort","Sortie","1","0",,,"0","2024-06-11","6:31",
"2554","2,554","LOQNO","Sortie","1","0",,,"0","2024-06-11","6:34",
"2555","2,555","LOQNO","Entrée","0","0",,,"0","2024-06-11","7:0",
"2556","2,556","SSGC411XX16S","Mise à jour","28","0",,,"0","2024-06-11","10:51",
"2557","2,557","SSGC431XX16S","Mise à jour","30","0",,,"0","2024-06-11","10:51",
"2556","2,556","AQUALATCHNO","Sortie","1","0",,,"0","2024-06-11","11:58",
"2558","2,558","AQUALATCHNO","Entrée","0","0",,,"0","2024-06-11","12:40",
"2559","2,559","999-A37708","Sortie","1","0",,,"0","2024-06-11","12:40",
"2560","2,560","3040159","Entrée","0","0",,,"0","2024-06-11","15:21",
"2561","2,561","LOQNO","Sortie","1","0",,,"0","2024-06-11","15:22",
"2562","2,562","2371GY-F-750","Sortie","1","0",,,"0","2024-06-11","5:18",
"2563","2,563","BGARD-300VDCBL","Sortie","24","0",,,"0","2024-06-12","5:18",
"2564","2,564","BGARD-300VDCNO","Sortie","44","0",,,"0","2024-06-12","5:19",
"2565","2,565","VRW7210TMG","Sortie","1","0",,,"0","2024-06-12","5:23",
"2566","2,566","Capsule-GM","Sortie","1","0",,,"0","2024-06-12","6:12",
"2567","2,567","VS27.1419","Sortie","1","0",,,"0","2024-06-12","6:12",
"2568","2,568","VS19.0808CA","Entrée","0","0",,,"0","2024-06-12","6:39",
"2569","2,569","VS19.0808CA","Sortie","1","0",,,"0","2024-06-12","6:39",
"2570","2,570","VS19.0808CA","Entrée","0","0",,,"0","2024-06-12","7:38",
"2571","2,571","AQUALATCHNO","Sortie","1","0",,,"0","2024-06-12","8:2",
"2572","2,572","PentureRessort","Sortie","1","0",,,"0","2024-06-12","8:3",
"2573","2,573","Penture3""","Sortie","1","0",,,"0","2024-06-12","8:3",
"2574","2,574","PGondG","Entrée","0","0",,,"0","2024-06-12","8:48",
"2575","2,575","ÉquerreM-NO","Sortie","8","0",,,"0","2024-06-12","9:9",
"2576","2,576","ÉquerreM-BL","Mise à jour","28","0",,,"0","2024-06-12","9:9",
"2577","2,577","VS27.1415","Entrée","0","0",,,"0","2024-06-12","9:58",
"2578","2,578","280-001","Mise à jour","1,000","0",,,"0","2024-06-12","10:7",
"2579","2,579","Penture3""","Sortie","3","0",,,"0","2024-06-12","13:20",
"2580","2,580","ArretBarriere","Sortie","1","0",,,"0","2024-06-12","13:35",
"2581","2,581","Penture3""","Sortie","1","0",,,"0","2024-06-12","13:50",
"2582","2,582","5545903","Sortie","3","0",,,"0","2024-06-12","13:50",
"2583","2,583","PentureRessort","Sortie","1","0",,,"0","2024-06-12","14:7",
"2584","2,584","Penture3""","Sortie","1","0",,,"0","2024-06-12","14:8",
"2585","2,585","LOQNO","Sortie","2","0",,,"0","2024-06-12","14:16",
"2586","2,586","LOQNO","Entrée","0","0",,,"0","2024-06-12","15:29",
"2587","2,587","LOQBL","Sortie","1","0",,,"0","2024-06-12","15:29",
"2588","2,588","PentureRessort","Mise à jour","4","0",,,"0","2024-06-13","10:30",
"2589","2,589","Penture3""","Sortie","3","0",,,"0","2024-06-13","10:30",
"2590","2,590","CapTrack-VF-NO","Sortie","10","0",,,"0","2024-06-17","11:49",
"2591","2,591","CapMain-VF-NO","Sortie","10","0",,,"0","2024-06-17","11:49",
"2592","2,592","CapMain-VF-NO","Sortie","8","0",,,"0","2024-06-17","12:3",
"2593","2,593","CapTrack-VF-NO","Sortie","8","0",,,"0","2024-06-17","12:3",
"2594","2,594","CapMain-VF-NO","Entrée","0","0",,,"0","2024-06-17","12:39",
"2595","2,595","Capsule-NO","Entrée","13","0",,,"0","2024-06-17","12:39",
"2596","2,596","Capsule-CH","Mise à jour","19","0",,,"0","2024-06-17","12:51",
"2597","2,597","Capsule-CH","Mise à jour","18","0",,,"0","2024-06-17","12:51",
"2598","2,598","Capsule-BR","Mise à jour","17","0",,,"0","2024-06-17","13:1",
"2599","2,599","Capsule-BL","Mise à jour","33","0",,,"0","2024-06-17","13:17",
"2600","2,600","Capsule-GM","Mise à jour","19","0",,,"0","2024-06-17","13:21",
"2601","2,601","VZ.PENTF.NR","Sortie","1","0",,,"0","2024-06-17","13:47",
"2602","2,602","301SS","Sortie","1","0",,,"0","2024-06-17","13:47",
"2603","2,603","301SS","Mise à jour","115","0",,,"0","2024-06-17","13:54",
"2604","2,604","VS17.0809CA","Sortie","1","0",,,"0","2024-06-17","5:43",
"2605","2,605","CapMain-VF-NO","Sortie","2","0",,,"0","2024-06-18","6:42",
"2606","2,606","CapTrack-VF-NO","Sortie","2","0",,,"0","2024-06-18","6:42",
"2607","2,607","CapMain-VF-NO","Entrée","0","0",,,"0","2024-06-18","7:41",
"2608","2,608","SSGC411XX16S","Mise à jour","18","0",,,"0","2024-06-18","8:33",
"2609","2,609","SSGC431XX16S","Mise à jour","18","0",,,"0","2024-06-18","8:34",
"2610","2,610","SSGC431XX16S","Entrée","0","0",,,"0","2024-06-18","8:58",
"2611","2,611","SSGCH40116S","Mise à jour","10","0",,,"0","2024-06-18","8:59",
"2612","2,612","BGARD-175VDCNO","Sortie","120","0",,,"0","2024-06-18","9:0",
"2613","2,613","BGARD-175VDCAR","Sortie","60","0",,,"0","2024-06-18","9:0",
"2614","2,614","LOQNO","Sortie","1","0",,,"0","2024-06-18","9:0",
"2615","2,615","80870-0001","Sortie","1","0",,,"0","2024-06-18","9:1",
"2616","2,616","Capsule-NO","Sortie","1","0",,,"0","2024-06-18","9:1",
"2617","2,617","AQUALATCHBL","Sortie","1","0",,,"0","2024-06-18","9:1",
"2618","2,618","AQUALATCHNO","Sortie","1","0",,,"0","2024-06-18","9:2",
"2619","2,619","LOQNO","Sortie","1","0",,,"0","2024-06-18","9:2",
"2620","2,620","Cale","Sortie","2","0",,,"0","2024-06-18","9:2",
"2621","2,621","VS27.1411","Sortie","2","0",,,"0","2024-06-18","9:2",
"2622","2,622","BGARD-300VDCNO","Sortie","28","0",,,"0","2024-06-18","9:3",
"2623","2,623","BGARD-175VDCNO","Sortie","60","0",,,"0","2024-06-18","9:3",
"2624","2,624","VS27.1415","Sortie","1","0",,,"0","2024-06-18","9:4",
"2625","2,625","VS27.1423 ","Sortie","2","0",,,"0","2024-06-18","9:4",
"2626","2,626","VS27.1415","Sortie","1","0",,,"0","2024-06-18","9:4",
"2627","2,627","280-003","Sortie","450","0",,,"0","2024-06-18","9:5",
"2628","2,628","CapMain-VF-NO","Sortie","6","0",,,"0","2024-06-18","10:54",
"2629","2,629","CapTrack-VF-NO","Entrée","6","0",,,"0","2024-06-18","10:54",
"2630","2,630","CGARD-175DCAR","Entrée","0","0",,,"0","2024-06-18","12:43",
"2631","2,631","VZ.PENTF.NR","Sortie","1","0",,,"0","2024-06-18","12:43",
"2632","2,632","LOQNO","Sortie","1","0",,,"0","2024-06-18","12:43",
"2633","2,633","LOQNO","Entrée","0","0",,,"0","2024-06-18","14:13",
"2634","2,634","AQUALATCHNO","Sortie","1","0",,,"0","2024-06-18","14:14",
"2635","2,635","VZ.PENTF.NR","Sortie","1","0",,,"0","2024-06-18","14:14",
"2636","2,636","PGondG","Entrée","0","0",,,"0","2024-06-18","14:57",
"2637","2,637","VS27.1423 ","Sortie","1","0",,,"0","2024-06-19","6:16",
"2638","2,638","5545903","Sortie","3","0",,,"0","2024-06-19","6:17",
"2639","2,639","BGARD-175VDCNO","Sortie","120","0",,,"0","2024-06-19","6:17",
"2640","2,640","Capsule-NO","Sortie","1","0",,,"0","2024-06-19","6:17",
"2641","2,641","PlaqueMC-NO","Sortie","1","0",,,"0","2024-06-19","9:6",
"2642","2,642","LOQNO","Sortie","1","0",,,"0","2024-06-19","9:7",
"2643","2,643","LOQNO","Sortie","1","0",,,"0","2024-06-19","9:21",
"2644","2,644","VZ.PENTF.NR","Sortie","1","0",,,"0","2024-06-19","9:22",
"2645","2,645","PGondG","Entrée","0","0",,,"0","2024-06-19","10:37",
"2646","2,646","PGondG","Entrée","0","0",,,"0","2024-06-19","11:27",
"2647","2,647","999-A37708","Sortie","1","0",,,"0","2024-06-19","11:35",
"2648","2,648","VZPOSSD4SSBS-GC","Sortie","1","0",,,"0","2024-06-19","11:36",
"2649","2,649","SSB48SM","Entrée","0","0",,,"0","2024-06-19","11:58",
"2650","2,650","CGARD-175DCNO","Sortie","198","0",,,"0","2024-06-19","12:38",
"2651","2,651","SSGC411XX16S","Sortie","4","0",,,"0","2024-06-19","13:34",
"2652","2,652","SSGC431XX16S","Mise à jour","12","0",,,"0","2024-06-19","13:34",
"2651","2,651","AQUALATCHNO","Entrée","1","0",,,"0","2024-06-19","14:35",
"2653","2,653","VZ.PENTF.NR","Sortie","1","0",,,"0","2024-06-19","14:35",
"2654","2,654","CapMain-VF-NO","Sortie","2","0",,,"0","2024-06-19","14:46",
"2655","2,655","CapTrack-VF-NO","Sortie","2","0",,,"0","2024-06-19","14:47",
"2656","2,656","CapMain-VF-NO","Sortie","2","0",,,"0","2024-06-19","14:49",
"2657","2,657","CapMain-VF-NO","Sortie","2","0",,,"0","2024-06-19","14:51",
"2658","2,658","CapMain-VF-NO","Sortie","2","0",,,"0","2024-06-20","8:51",
"2659","2,659","CapTrack-VF-NO","Sortie","2","0",,,"0","2024-06-20","8:51",
"2660","2,660","CapMain-VF-NO","Sortie","10","0",,,"0","2024-06-20","8:0",
"2661","2,661","CapTrack-VF-NO","Sortie","10","0",,,"0","2024-06-21","8:1",
"2662","2,662","VZ.PENTF.NR","Sortie","1","0",,,"0","2024-06-21","5:43",
"2663","2,663","AQUALATCHNO","Sortie","1","0",,,"0","2024-06-25","5:43",
"2664","2,664","LOQNO","Sortie","1","0",,,"0","2024-06-25","6:2",
"2665","2,665","VZ.PENTF.NR","Sortie","1","0",,,"0","2024-06-25","6:2",
"2666","2,666","PGondG","Entrée","0","0",,,"0","2024-06-25","7:14",
"2667","2,667","VZ.PENTF.NR","Sortie","1","0",,,"0","2024-06-25","8:47",
"2668","2,668","CapMain-VF-NO","Sortie","8","0",,,"0","2024-06-25","9:53",
"2669","2,669","CapTrack-VF-NO","Sortie","8","0",,,"0","2024-06-25","9:54",
"2670","2,670","CapMain-VF-NO","Entrée","0","0",,,"0","2024-06-25","11:48",
"2671","2,671","VS27.1415","Sortie","1","0",,,"0","2024-06-25","11:49",
"2672","2,672","Cale","Sortie","1","0",,,"0","2024-06-25","11:49",
"2673","2,673","Cale","Mise à jour","10","0",,,"0","2024-06-25","11:50",
"2674","2,674","LOQNO","Sortie","1","0",,,"0","2024-06-25","11:55",
"2675","2,675","VZ.PENTF.NR","Sortie","1","0",,,"0","2024-06-25","11:55",
"2676","2,676","VZ.PENTF.NR","Sortie","1","0",,,"0","2024-06-25","12:57",
"2677","2,677","LOQNO","Sortie","1","0",,,"0","2024-06-25","12:57",
"2678","2,678","CGARD-175DCBL","Sortie","198","0",,,"0","2024-06-25","13:19",
"2679","2,679","CGARD-175DCAR","Entrée","0","0",,,"0","2024-06-25","13:49",
"2680","2,680","LOQNO","Sortie","1","0",,,"0","2024-06-25","13:49",
"2681","2,681","VZ.PENTF.NR","Sortie","1","0",,,"0","2024-06-25","13:49",
"2682","2,682","VZ.PENTF.NR","Entrée","1","0",,,"0","2024-06-25","13:55",
"2683","2,683","LOQNO","Entrée","1","0",,,"0","2024-06-25","13:56",
"2684","2,684","BBARRO-3/4-BL","Sortie","1","0",,,"0","2024-06-25","14:56",
"2685","2,685","BGARD-175VDCNP","Entrée","0","0",,,"0","2024-06-25","15:4",
"2686","2,686","AQUALATCHNO","Sortie","1","0",,,"0","2024-06-25","15:4",
"2687","2,687","VZ.PENTF.NR","Sortie","1","0",,,"0","2024-06-25","15:5",
"2688","2,688","LOQBL","Mise à jour","10","0",,,"0","2024-06-26","7:52",
"2689","2,689","CapMain-VF-NO","Sortie","2","0",,,"0","2024-06-26","8:53",
"2690","2,690","CapTrack-VF-NO","Sortie","2","0",,,"0","2024-06-26","8:53",
"2691","2,691","2371GY-F-750","Sortie","1","0",,,"0","2024-06-26","10:9",
"2692","2,692","CapMain-VF-NO","Sortie","4","0",,,"0","2024-06-26","10:17",
"2693","2,693","CapTrack-VF-NO","Sortie","4","0",,,"0","2024-06-26","10:17",
"2694","2,694","CapMain-VF-NO","Entrée","0","0",,,"0","2024-06-26","11:28",
"2695","2,695","VS27.1419","Sortie","1","0",,,"0","2024-06-26","14:24",
"2696","2,696","VRW7210TMG","Sortie","1","0",,,"0","2024-06-27","5:37",
"2697","2,697","VZ.PENTF.BL","Sortie","1","0",,,"0","2024-06-27","5:45",
"2698","2,698","AQUALATCHBL","Sortie","1","0",,,"0","2024-06-27","5:45",
"2699","2,699","VS27.1415","Sortie","2","0",,,"0","2024-06-27","14:3",
"2700","2,700","BGARD-175VDCNO","Sortie","300","0",,,"0","2024-06-27","14:4",
"2701","2,701","BGARD-175VDCGC","Sortie","54","0",,,"0","2024-06-27","14:4",
"2702","2,702","BGARD-175VDCGC","Mise à jour","108","0",,,"0","2024-06-27","14:5",
"2703","2,703","Capsule-NO","Sortie","2","0",,,"0","2024-06-27","14:6",
"2704","2,704","BGARD-300VDCNO","Sortie","48","0",,,"0","2024-06-27","14:6",
"2705","2,705","BGARD-175VDCGM","Sortie","60","0",,,"0","2024-06-27","14:7",
"2706","2,706","BGARD-175VDCGM","Mise à jour","300","0",,,"0","2024-06-27","14:8",
"2707","2,707","2371GY-F-750","Sortie","1","0",,,"0","2024-06-27","14:9",
"2708","2,708","VS19.0808CA","Sortie","1","0",,,"0","2024-06-27","14:9",
"2709","2,709","BGARD-300VDCBL","Sortie","28","0",,,"0","2024-06-27","14:9",
"2710","2,710","BGARD-175VDCBL","Sortie","60","0",,,"0","2024-06-27","14:10",
"2711","2,711","VZPOSSD46SSBS-NO","Sortie","1","0",,,"0","2024-06-27","14:10",
"2712","2,712","3013006","Sortie","1","0",,,"0","2024-06-27","14:11",
"2713","2,713","5545903","Sortie","1","0",,,"0","2024-06-27","14:11",
"2714","2,714","5545903","Sortie","3","0",,,"0","2024-06-27","14:16",
"2715","2,715","2371GY-F-750","Sortie","1","0",,,"0","2024-06-27","8:20",
"2716","2,716","CapMain-VF-NO","Sortie","2","0",,,"0","2024-06-28","9:16",
"2717","2,717","CapTrack-VF-NO","Sortie","2","0",,,"0","2024-06-28","9:16",
"2718","2,718","VS27.1415","Sortie","1","0",,,"0","2024-06-28","9:56",
"2719","2,719","VS27.1411","Sortie","1","0",,,"0","2024-06-28","9:56",
"2720","2,720","Capsule-NO","Sortie","1","0",,,"0","2024-06-28","9:56",
"2721","2,721","BGARD-175VDCNO","Sortie","60","0",,,"0","2024-06-28","9:57",
"2722","2,722","CapMain-VF-NO","Sortie","2","0",,,"0","2024-06-28","10:7",
"2723","2,723","CapTrack-VF-NO","Sortie","2","0",,,"0","2024-06-28","10:7",
"2724","2,724","CapMain-VF-NO","Sortie","2","0",,,"0","2024-06-28","10:39",
"2725","2,725","CapTrack-VF-NO","Sortie","2","0",,,"0","2024-06-28","10:40",
"2726","2,726","CapMain-VF-NO","Sortie","2","0",,,"0","2024-06-28","11:1",
"2727","2,727","CapTrack-VF-NO","Sortie","2","0",,,"0","2024-06-28","11:1",
"2728","2,728","CapMain-VF-NO","Sortie","2","0",,,"0","2024-06-28","11:40",
"2729","2,729","CapTrack-VF-NO","Sortie","2","0",,,"0","2024-06-28","11:40",
"2730","2,730","CapMain-VF-NO","Sortie","4","0",,,"0","2024-06-28","14:19",
"2731","2,731","CapTrack-VF-NO","Sortie","4","0",,,"0","2024-06-28","14:19",
"2732","2,732","AQUALATCHNO","Sortie","1","0",,,"0","2024-06-28","5:44",
"2733","2,733","VZ.PENTF.NR","Sortie","1","0",,,"0","2024-07-02","5:44",
"2734","2,734","Penture3""","Entrée","8","0",,,"0","2024-07-02","5:46",
"2735","2,735","VS15.1607","Entrée","5","0",,,"0","2024-07-02","5:46",
"2736","2,736","PGondG","Entrée","0","0",,,"0","2024-07-02","6:17",
"2737","2,737","VS27.1411","Sortie","1","0",,,"0","2024-07-02","6:17",
"2738","2,738","VS19.0808CA","Entrée","0","0",,,"0","2024-07-02","6:31",
"2739","2,739","VZ.PENTF.NR","Sortie","2","0",,,"0","2024-07-02","6:32",
"2740","2,740","AQUALATCHNO","Sortie","2","0",,,"0","2024-07-02","6:32",
"2741","2,741","AQUALATCHNO","Entrée","0","0",,,"0","2024-07-02","7:19",
"2742","2,742","9741068","Sortie","1","0",,,"0","2024-07-02","10:12",
"2743","2,743","VRW7210TMG","Sortie","2","0",,,"0","2024-07-02","5:35",
"2744","2,744","AttacheMurale-NO","Sortie","7","0",,,"0","2024-07-03","5:47",
"2745","2,745","SSGC411XX16S","Entrée","0","0",,,"0","2024-07-03","6:10",
"2746","2,746","VZ.SERCLES.NR","Sortie","1","0",,,"0","2024-07-03","6:11",
"2747","2,747","AQUALATCHBL","Sortie","1","0",,,"0","2024-07-03","6:47",
"2748","2,748","VZ.PENTF.BL","Sortie","1","0",,,"0","2024-07-03","6:47",
"2749","2,749","Cale","Sortie","1","0",,,"0","2024-07-03","7:2",
"2750","2,750","BGARD-175VDCNO","Sortie","60","0",,,"0","2024-07-03","7:3",
"2751","2,751","VZ.PENTF.NR","Sortie","2","0",,,"0","2024-07-03","7:7",
"2752","2,752","VZ.SERCLES.NR","Sortie","2","0",,,"0","2024-07-03","7:7",
"2753","2,753","BBARRO-3/4-BL","Sortie","1","0",,,"0","2024-07-03","7:9",
"2754","2,754","BBARRO-3/4-NO","Sortie","1","0",,,"0","2024-07-03","7:10",
"2755","2,755","CGARD-175DCNO","Sortie","198","0",,,"0","2024-07-03","7:14",
"2756","2,756","CGARD-175DCAR","Entrée","0","0",,,"0","2024-07-03","7:45",
"2757","2,757","VS27.1415","Sortie","1","0",,,"0","2024-07-03","7:46",
"2758","2,758","VS19.0808CA","Entrée","0","0",,,"0","2024-07-03","8:20",
"2759","2,759","CapMain-VF-NO","Sortie","2","0",,,"0","2024-07-03","10:23",
"2760","2,760","CapTrack-VF-NO","Sortie","2","0",,,"0","2024-07-03","10:23",
"2761","2,761","CapMain-VF-NO","Sortie","2","0",,,"0","2024-07-03","10:26",
"2762","2,762","CapTrack-VF-NO","Sortie","2","0",,,"0","2024-07-03","10:26",
"2763","2,763","VS19.0808CA","Sortie","1","0",,,"0","2024-07-03","13:0",
"2764","2,764","CapMain-VF-NO","Sortie","2","0",,,"0","2024-07-03","14:4",
"2765","2,765","CapTrack-VF-NO","Sortie","2","0",,,"0","2024-07-03","14:4",
"2766","2,766","AQUALATCHNO","Sortie","1","0",,,"0","2024-07-03","16:13",
"2767","2,767","VZ.PENTF.NR","Sortie","1","0",,,"0","2024-07-03","16:13",
"2768","2,768","VS27.1419","Sortie","1","0",,,"0","2024-07-03","16:13",
"2769","2,769","2371GY-F-750","Sortie","1","0",,,"0","2024-07-05","13:12",
"2770","2,770","BGARD-175VDCNO","Sortie","240","0",,,"0","2024-07-05","13:12",
"2771","2,771","VS27.1415","Sortie","1","0",,,"0","2024-07-05","13:12",
"2772","2,772","CGARD-300DCBL","Sortie","120","0",,,"0","2024-07-05","13:14",
"2773","2,773","Capsule-BL","Sortie","2","0",,,"0","2024-07-05","13:14",
"2774","2,774","VS27.1411","Sortie","1","0",,,"0","2024-07-05","13:14",
"2775","2,775","VS27.1415","Sortie","1","0",,,"0","2024-07-05","13:14",
"2776","2,776","VS27.1419","Sortie","1","0",,,"0","2024-07-05","13:15",
"2777","2,777","Capsule-BL","Sortie","1","0",,,"0","2024-07-05","13:15",
"2778","2,778","Capsule-NO","Sortie","1","0",,,"0","2024-07-05","13:15",
"2779","2,779","280-003","Sortie","450","0",,,"0","2024-07-05","13:16",
"2780","2,780","01-004-BOUT-NO","Sortie","6","0",,,"0","2024-07-05","13:16",
"2781","2,781","BGARD-300VDCBL","Sortie","28","0",,,"0","2024-07-05","13:17",
"2782","2,782","999-A37708","Sortie","1","0",,,"0","2024-07-05","13:17",
"2783","2,783","5545903","Sortie","2","0",,,"0","2024-07-05","13:19",
"2784","2,784","AQUALATCHBL","Sortie","2","0",,,"0","2024-07-05","14:26",
"2785","2,785","VRJ61644","Sortie","1","0",,,"0","2024-07-08","5:37",
"2786","2,786","VRJ61032.CO","Sortie","10","0",,,"0","2024-07-08","5:37",
"2787","2,787","VRJ61644","Entrée","0","0",,,"0","2024-07-08","6:28",
"2788","2,788","280-001","Mise à jour","2,700","0",,,"0","2024-07-08","7:34",
"2789","2,789","280-001","Sortie","300","0",,,"0","2024-07-08","7:34",
"2790","2,790","280-003","Mise à jour","1,350","0",,,"0","2024-07-08","7:35",
"2791","2,791","VC1815.003","Sortie","1","0",,,"0","2024-07-08","10:5",
"2792","2,792","ArretBarriere","Sortie","1","0",,,"0","2024-07-08","10:31",
"2793","2,793","BBARRO-3/4-NO","Sortie","1","0",,,"0","2024-07-08","10:32",
"2794","2,794","CapMain-VF-NO","Sortie","6","0",,,"0","2024-07-08","10:45",
"2795","2,795","CapTrack-VF-NO","Sortie","6","0",,,"0","2024-07-08","10:45",
"2796","2,796","BBARRO-3/4-NO","Sortie","1","0",,,"0","2024-07-08","13:51",
"2797","2,797","VZ.PENTF.BL","Sortie","2","0",,,"0","2024-07-08","14:44",
"2797","2,797","CapMain-VF-NO","Sortie","4","0",,,"0","2024-07-08","14:48",
"2798","2,798","CapTrack-VF-NO","Sortie","4","0",,,"0","2024-07-08","14:48",
"2799","2,799","VRW7210TMG","Sortie","1","0",,,"0","2024-07-08","14:58",
"2800","2,800","Cale","Sortie","1","0",,,"0","2024-07-08","14:58",
"2801","2,801","280-001","Mise à jour","4,638","0",,,"0","2024-07-08","15:6",
"2802","2,802","280-002","Entrée","600","0",,,"0","2024-07-08","15:35",
"2803","2,803","SSGC411XX16S","Mise à jour","8","0",,,"0","2024-07-08","15:41",
"2804","2,804","SSGC431XX16S","Sortie","4","0",,,"0","2024-07-08","15:41",
"2805","2,805","VS27.1415","Sortie","1","0",,,"0","2024-07-08","4:58",
"2806","2,806","2371GY-F-750","Entrée","14","0",,,"0","2024-07-09","8:37",
"2807","2,807","5545903","Sortie","2","0",,,"0","2024-07-09","8:37",
"2808","2,808","AQUALATCHBL","Entrée","8","0",,,"0","2024-07-09","8:54",
"2809","2,809","VS27.1423 ","Entrée","4","0",,,"0","2024-07-09","8:57",
"2810","2,810","VRJ61644","Sortie","1","0",,,"0","2024-07-09","8:59",
"2811","2,811","VRJ61644","Sortie","9","0",,,"0","2024-07-09","8:59",
"2812","2,812","CMCG-200-BL","Mise à jour","397","0",,,"0","2024-07-09","10:6",
"2813","2,813","CMCG-200-NO","Mise à jour","398","0",,,"0","2024-07-09","10:7",
"2814","2,814","CGARD-175DCNO","Sortie","200","0",,,"0","2024-07-09","10:21",
"2815","2,815","Capsule-NO","Sortie","1","0",,,"0","2024-07-09","10:27",
"2816","2,816","Capsule-BR","Entrée","0","0",,,"0","2024-07-09","12:58",
"2817","2,817","280-001","Sortie","138","0",,,"0","2024-07-09","12:58",
"2818","2,818","280-001","Entrée","0","0",,,"0","2024-07-09","14:17",
"2819","2,819","280-001","Entrée","0","0",,,"0","2024-07-09","14:17",
"2820","2,820","VS27.1415","Sortie","1","0",,,"0","2024-07-10","9:12",
"2821","2,821","VS27.1419","Sortie","1","0",,,"0","2024-07-10","9:12",
"2822","2,822","VZ.PENTF.NR","Sortie","1","0",,,"0","2024-07-10","9:17",
"2823","2,823","AQUALATCHNO","Sortie","1","0",,,"0","2024-07-10","9:18",
"2824","2,824","CapMain-VF-NO","Sortie","2","0",,,"0","2024-07-10","9:18",
"2825","2,825","CapTrack-VF-NO","Sortie","2","0",,,"0","2024-07-10","9:18",
"2826","2,826","CapMain-VF-NO","Entrée","0","0",,,"0","2024-07-10","10:3",
"2827","2,827","CapMain-VF-NO","Sortie","4","0",,,"0","2024-07-10","10:14",
"2828","2,828","CapTrack-VF-NO","Sortie","4","0",,,"0","2024-07-10","10:14",
"2829","2,829","CapMain-VF-NO","Entrée","0","0",,,"0","2024-07-10","10:43",
"2830","2,830","VS19.0808CA","Sortie","1","0",,,"0","2024-07-10","11:30",
"2831","2,831","SSGC431XX16S","Sortie","5","0",,,"0","2024-07-10","11:48",
"2832","2,832","80870-0001","Sortie","2","0",,,"0","2024-07-10","12:3",
"2833","2,833","RouleauCarton","Entrée","0","0",,,"0","2024-07-10","12:32",
"2834","2,834","280-001","Sortie","300","0",,,"0","2024-07-10","12:42",
"2835","2,835","280-001","Entrée","0","0",,,"0","2024-07-10","12:58",
"2836","2,836","VS17.0809CA","Sortie","1","0",,,"0","2024-07-10","13:42",
"2837","2,837","BGARD-175VDCNO","Sortie","300","0",,,"0","2024-07-10","13:42",
"2838","2,838","BGARD-175VDCBL","Sortie","60","0",,,"0","2024-07-10","13:43",
"2839","2,839","01-004-BOUT-BL","Sortie","2","0",,,"0","2024-07-10","13:43",
"2840","2,840","2371GY-F-750","Sortie","1","0",,,"0","2024-07-10","13:44",
"2841","2,841","BGARD-300VDCGC","Sortie","44","0",,,"0","2024-07-10","13:44",
"2842","2,842","Capsule-NO","Sortie","1","0",,,"0","2024-07-10","13:44",
"2843","2,843","VRW7210TMG","Sortie","1","0",,,"0","2024-07-10","13:44",
"2844","2,844","VC1815.003","Sortie","1","0",,,"0","2024-07-15","7:52",
"2845","2,845","SSGC411XX16S","Entrée","28","0",,,"0","2024-07-15","8:7",
"2846","2,846","SSGC431XX16S","Entrée","28","0",,,"0","2024-07-15","8:7",
"2847","2,847","Cale","Sortie","1","0",,,"0","2024-07-15","9:24",
"2848","2,848","Capsule-BR","Sortie","1","0",,,"0","2024-07-15","9:24",
"2849","2,849","Capsule-BL","Sortie","1","0",,,"0","2024-07-15","9:24",
"2850","2,850","Capsule-NO","Sortie","1","0",,,"0","2024-07-15","9:24",
"2851","2,851","Capsule-CH","Sortie","1","0",,,"0","2024-07-15","9:24",
"2852","2,852","Capsule-AR","Sortie","1","0",,,"0","2024-07-15","9:25",
"2853","2,853","VS27.1419","Sortie","1","0",,,"0","2024-07-15","9:25",
"2854","2,854","VS27.1415","Sortie","1","0",,,"0","2024-07-15","9:25",
"2855","2,855","VS27.1423 ","Sortie","1","0",,,"0","2024-07-15","9:25",
"2856","2,856","Penture3""","Sortie","1","0",,,"0","2024-07-15","9:47",
"2857","2,857","PGondG","Entrée","0","0",,,"0","2024-07-15","11:7",
"2858","2,858","VZ.PENTF.BL","Sortie","1","0",,,"0","2024-07-15","11:7",
"2859","2,859","AQUALATCHBL","Sortie","1","0",,,"0","2024-07-15","11:7",
"2860","2,860","CapMain-VF-NO","Sortie","2","0",,,"0","2024-07-15","13:7",
"2861","2,861","CapTrack-VF-NO","Sortie","2","0",,,"0","2024-07-15","13:7",
"2862","2,862","CGARD-175DCNO","Sortie","200","0",,,"0","2024-07-15","15:6",
"2863","2,863","Bec de cane","Sortie","2","0",,,"0","2024-07-15","8:12",
"2864","2,864","Penture3""","Sortie","4","0",,,"0","2024-07-16","8:12",
"2865","2,865","301SS","Sortie","5","0",,,"0","2024-07-16","8:16",
"2866","2,866","BBARRO-3/4-NO","Sortie","1","0",,,"0","2024-07-16","10:32",
"2867","2,867","80870-0001","Sortie","2","0",,,"0","2024-07-17","5:0",
"2868","2,868","9741068","Sortie","1","0",,,"0","2024-07-17","5:0",
"2869","2,869","5640337","Entrée","0","0",,,"0","2024-07-17","6:29",
"2870","2,870","VZ.PENTF.BL","Sortie","4","0",,,"0","2024-07-17","6:29",
"2871","2,871","5545903","Sortie","2","0",,,"0","2024-07-17","6:34",
"2872","2,872","5640337","Entrée","0","0",,,"0","2024-07-17","8:20",
"2873","2,873","BGARD-175VDCNO","Sortie","120","0",,,"0","2024-07-17","11:0",
"2874","2,874","VS27.1415","Sortie","2","0",,,"0","2024-07-17","11:1",
"2875","2,875","BGARD-175VDCGC","Sortie","54","0",,,"0","2024-07-17","11:3",
"2876","2,876","999-A37708","Sortie","2","0",,,"0","2024-07-17","11:3",
"2877","2,877","280-001","Sortie","300","0",,,"0","2024-07-17","11:3",
"2878","2,878","VS27.1411","Sortie","1","0",,,"0","2024-07-17","11:4",
"2879","2,879","2371GY-F-750","Sortie","1","0",,,"0","2024-07-17","11:5",
"2880","2,880","VZ.SERCLES.NR","Sortie","3","0",,,"0","2024-07-17","11:5",
"2881","2,881","AQUALATCHNO","Sortie","1","0",,,"0","2024-07-17","11:6",
"2882","2,882","AQUALATCHBL","Sortie","1","0",,,"0","2024-07-17","11:6",
"2883","2,883","VZ.PENTF.NR","Sortie","4","0",,,"0","2024-07-17","11:11",
"2884","2,884","VZ.PENTF.BL","Sortie","1","0",,,"0","2024-07-17","11:11",
"2885","2,885","01-004-BOUT-BL","Sortie","2","0",,,"0","2024-07-17","11:12",
"2886","2,886","5545903","Sortie","2","0",,,"0","2024-07-17","11:12",
"2887","2,887","280-001","Sortie","300","0",,,"0","2024-07-17","11:12",
"2888","2,888","VS19.0808CA","Sortie","1","0",,,"0","2024-07-17","11:13",
"2889","2,889","BGARD-175VDCBL","Sortie","60","0",,,"0","2024-07-17","11:14",
"2890","2,890","BGARD-300VDCBL","Sortie","28","0",,,"0","2024-07-17","11:14",
"2891","2,891","BGARD-300VDCNO","Sortie","50","0",,,"0","2024-07-17","11:14",
"2892","2,892","Capsule-BR","Sortie","2","0",,,"0","2024-07-17","11:15",
"2893","2,893","5545903","Sortie","2","0",,,"0","2024-07-17","11:15",
"2894","2,894","VZPOSSD46SSBS-BC","Sortie","2","0",,,"0","2024-07-17","11:16",
"2895","2,895","VZPOSSD4SSBS-GC","Sortie","1","0",,,"0","2024-07-17","11:16",
"2896","2,896","VRW7210TMG","Sortie","1","0",,,"0","2024-07-17","12:47",
"2897","2,897","CGARD-300DCNO","Sortie","120","0",,,"0","2024-07-17","12:47",
"2898","2,898","301SS","Sortie","5","0",,,"0","2024-07-17","12:56",
"2899","2,899","VRJ61644","Entrée","0","0",,,"0","2024-07-17","13:27",
"2900","2,900","280-001","Sortie","300","0",,,"0","2024-07-17","13:27",
"2901","2,901","80870-0001","Sortie","1","0",,,"0","2024-07-18","9:25",
"2902","2,902","Cale","Sortie","1","0",,,"0","2024-07-18","9:25",
"2903","2,903","Cale","Sortie","1","0",,,"0","2024-07-18","9:26",
"2904","2,904","ArretBarriere","Sortie","1","0",,,"0","2024-07-18","9:26",
"2905","2,905","AQUALATCHBL","Sortie","1","0",,,"0","2024-07-18","9:27",
"2906","2,906","AQUALATCHNO","Entrée","0","0",,,"0","2024-07-18","10:12",
"2907","2,907","VZ.PENTF.NR","Entrée","10","0",,,"0","2024-07-18","10:12",
"2908","2,908","VZ.PENTF.BL","Entrée","10","0",,,"0","2024-07-18","10:12",
"2909","2,909","VZ.SERCLES.NR","Sortie","2","0",,,"0","2024-07-18","10:28",
"2910","2,910","VZ.PENTF.NR","Sortie","1","0",,,"0","2024-07-18","10:28",
"2911","2,911","Capsule-CH","Sortie","1","0",,,"0","2024-07-18","10:28",
"2912","2,912","BGARD-175VDCBL","Sortie","60","0",,,"0","2024-07-18","10:29",
"2913","2,913","BGARD-175VDCNP","Entrée","0","0",,,"0","2024-07-18","11:37",
"2914","2,914","VZ.PENTF.NR","Sortie","1","0",,,"0","2024-07-18","11:37",
"2915","2,915","VZ.SERCLES.NR","Sortie","1","0",,,"0","2024-07-18","11:38",
"2916","2,916","VZ.PENTF.NR","Mise à jour","28","0",,,"0","2024-07-18","12:8",
"2917","2,917","AQUALATCHNO","Mise à jour","15","0",,,"0","2024-07-18","12:8",
"2918","2,918","VZ.SERCLES.NR","Mise à jour","18","0",,,"0","2024-07-18","12:8",
"2919","2,919","VZ.SERCLES.BL","Mise à jour","5","0",,,"0","2024-07-18","12:8",
"2920","2,920","OUT-0037","Mise à jour","85","0",,,,"2024-07-18","12:43",
"2921","2,921","SSGC411XX16B","Mise à jour","2","0",,,"0","2024-07-18","12:50",
"2922","2,922","SSGC431XX16B","Mise à jour","3","0",,,"0","2024-07-18","12:51",
"2916","2,916","VZ.SERCLES.NR","Entrée","0","0",,,"0","2024-07-18","13:38",
"2923","2,923","VZ.PENTF.NR","Sortie","1","0",,,"0","2024-07-18","13:38",
"2924","2,924","VZ.PENTF.NR","Sortie","3","0",,,"0","2024-07-18","13:39",
"2925","2,925","PGondG","Entrée","0","0",,,"0","2024-07-18","14:11",
"2926","2,926","VZ.PENTF.NR","Sortie","1","0",,,"0","2024-07-18","14:11",
"2927","2,927","VZ.SERCLES.NR","Sortie","1","0",,,"0","2024-07-18","14:11",
"2928","2,928","CGARD-175DCBL","Sortie","200","0",,,"0","2024-07-18","14:31",
"2929","2,929","CGARD-175DCAR","Entrée","0","0",,,"0","2024-07-18","14:52",
"2930","2,930","SSGC411XX16S","Mise à jour","8","0",,,"0","2024-07-19","8:42",
"2931","2,931","SSGC431XX16S","Mise à jour","3","0",,,"0","2024-07-19","8:42",
"2932","2,932","SSGC431XX16B","Mise à jour","5","0",,,"0","2024-07-19","8:42",
"2933","2,933","SSPFEBWALL","Mise à jour","0","0",,,"0","2024-07-19","8:45",
"2934","2,934","5545903","Sortie","1","0",,,"0","2024-08-05","10:39",
"2935","2,935","VZ.PENTF.NR","Sortie","1","0",,,"0","2024-08-05","10:40",
"2936","2,936","VC1815.003","Sortie","1","0",,,"0","2024-08-05","10:40",
"2937","2,937","AQUALATCHNO","Sortie","1","0",,,"0","2024-08-05","10:40",
"2938","2,938","CapMain-VF-NO","Sortie","12","0",,,"0","2024-08-05","10:40",
"2939","2,939","CapTrack-VF-NO","Sortie","12","0",,,"0","2024-08-05","10:40",
"2940","2,940","CapMain-VF-NO","Sortie","6","0",,,"0","2024-08-06","7:21",
"2941","2,941","CapTrack-VF-NO","Sortie","6","0",,,"0","2024-08-06","7:21",
"2942","2,942","280-001","Sortie","300","0",,,"0","2024-08-06","7:22",
"2943","2,943","Cale","Sortie","1","0",,,"0","2024-08-06","7:22",
"2944","2,944","Capsule-CH","Sortie","1","0",,,"0","2024-08-06","7:22",
"2945","2,945","Penture3""","Sortie","3","0",,,"0","2024-08-06","7:23",
"2946","2,946","VZPOSSD46SSBS-NO","Sortie","1","0",,,"0","2024-08-06","9:3",
"2947","2,947","VS27.1423 ","Sortie","1","0",,,"0","2024-08-07","9:31",
"2948","2,948","2371GY-F-750","Sortie","1","0",,,"0","2024-08-07","9:31",
"2949","2,949","AQUALATCHNO","Sortie","2","0",,,"0","2024-08-07","9:32",
"2950","2,950","BGARD-175VDCNO","Sortie","60","0",,,"0","2024-08-07","9:32",
"2951","2,951","VZ.PENTF.NR","Sortie","3","0",,,"0","2024-08-07","9:33",
"2952","2,952","5545903","Sortie","2","0",,,"0","2024-08-07","9:33",
"2953","2,953","VRW7210TMG","Sortie","2","0",,,"0","2024-08-07","13:48",
"2954","2,954","Cale","Sortie","1","0",,,"0","2024-08-07","13:48",
"2955","2,955","VRJ61644","Sortie","1","0",,,"0","2024-08-07","14:40",
"2956","2,956","PlaqueMC-NO","Mise à jour","115","0",,,,"2024-08-08","13:57",
"2957","2,957","ÉquerreM-NP","Mise à jour","345","0",,,"0","2024-08-08","14:51",
"2958","2,958","CapMain-VF-NO","Sortie","6","0",,,"0","2024-08-08","7:11",
"2959","2,959","CapTrack-VF-NO","Sortie","6","0",,,"0","2024-08-09","7:11",
"2960","2,960","CapMain-VF-NO","Sortie","8","0",,,"0","2024-08-09","7:20",
"2961","2,961","CapTrack-VF-NO","Sortie","8","0",,,"0","2024-08-09","7:21",
"2962","2,962","CapMain-VF-NO","Sortie","6","0",,,"0","2024-08-09","7:21",
"2963","2,963","Capsule-BR","Sortie","1","0",,,"0","2024-08-09","7:33",
"2964","2,964","Capsule-BL","Sortie","1","0",,,"0","2024-08-09","7:34",
"2965","2,965","Capsule-AR","Sortie","1","0",,,"0","2024-08-09","7:34",
"2966","2,966","Capsule-NO","Sortie","1","0",,,"0","2024-08-09","7:34",
"2967","2,967","Capsule-CH","Sortie","1","0",,,"0","2024-08-09","7:34",
"2968","2,968","80870-0001","Sortie","1","0",,,"0","2024-08-09","7:35",
"2969","2,969","280-001","Sortie","300","0",,,"0","2024-08-09","7:35",
"2970","2,970","5640337","Sortie","1","0",,,"0","2024-08-09","7:40",
"2971","2,971","5545903","Sortie","1","0",,,"0","2024-08-09","12:12",
"2972","2,972","280-001","Sortie","300","0",,,"0","2024-08-09","12:13",
"2973","2,973","999-A37708","Sortie","1","0",,,"0","2024-08-09","12:13",
"2974","2,974","BGARD-175VDCNO","Sortie","60","0",,,"0","2024-08-09","12:13",
"2975","2,975","Capsule-BL","Sortie","1","0",,,"0","2024-08-09","12:14",
"2976","2,976","AQUALATCHNO","Sortie","1","0",,,"0","2024-08-09","12:14",
"2977","2,977","VS27.1419","Sortie","1","0",,,"0","2024-08-09","12:15",
"2978","2,978","301SS","Sortie","5","0",,,"0","2024-08-09","12:15",
"2979","2,979","VS27.1415","Sortie","1","0",,,"0","2024-08-09","12:16",
"2980","2,980","VS19.0808CA","Sortie","1","0",,,"0","2024-08-09","12:16",
"2981","2,981","AQUALATCHNO","Sortie","2","0",,,"0","2024-08-09","12:16",
"2982","2,982","VZ.PENTF.NR","Sortie","2","0",,,"0","2024-08-09","12:17",
"2983","2,983","BGARD-300VDCNO","Sortie","24","0",,,"0","2024-08-09","12:19",
"2984","2,984","80870-0001","Sortie","1","0",,,"0","2024-08-12","7:56",
"2985","2,985","CapMain-VF-NO","Sortie","6","0",,,"0","2024-08-12","8:37",
"2986","2,986","CapTrack-VF-NO","Sortie","6","0",,,"0","2024-08-12","8:37",
"2987","2,987","CapMain-VF-NO","Entrée","0","0",,,"0","2024-08-12","11:42",
"2988","2,988","CGARD-175DCNO","Sortie","200","0",,,"0","2024-08-12","11:42",
"2989","2,989","AQUALATCHNO","Sortie","1","0",,,"0","2024-08-12","11:43",
"2990","2,990","BGARD-175VDCNO","Sortie","120","0",,,"0","2024-08-12","11:44",
"2991","2,991","BGARD-300VDCBC","Sortie","24","0",,,"0","2024-08-12","11:44",
"2992","2,992","CapMain-VF-NO","Sortie","6","0",,,"0","2024-08-12","11:49",
"2993","2,993","CapTrack-VF-NO","Sortie","6","0",,,"0","2024-08-12","11:49",
"2994","2,994","CapMain-VF-NO","Sortie","2","0",,,"0","2024-08-12","11:56",
"2995","2,995","CapTrack-VF-NO","Sortie","2","0",,,"0","2024-08-12","11:57",
"2996","2,996","BGARD-175VDCNP","Sortie-Peinture","600","1","BGARD-175VDCNO","2024-08-30","0","2024-08-12","13:43","14268"
"2997","2,997","CGARD-175DCNP","Sortie-Peinture","848","1","CGARD-175DCNO","2024-08-30","0","2024-08-12","13:43","14268"
"2998","2,998","ÉquerreM-NP","Sortie-Peinture","300","1","ÉquerreM-NO","2024-08-30","0","2024-08-12","13:44","14268"
"2999","2,999","AttacheMurale-NP","Mise à jour","500","0",,,"0","2024-08-12","13:44",
"3000","3,000","AttacheMurale-NP","Sortie-Peinture","300","1","AttacheMurale-NO","2024-08-30","0","2024-08-12","13:44","14268"
"3001","3,001","280-002","Sortie","300","0",,,"0","2024-08-12","15:41",
"3002","3,002","280-002","Entrée","0","0",,,"0","2024-08-12","5:5",
"3003","3,003","VZ.SERCLES.NR","Sortie","1","0",,,"0","2024-08-13","5:28",
"3004","3,004","VZ.PENTF.NR","Sortie","1","0",,,"0","2024-08-13","5:29",
"3005","3,005","VS27.1423 ","Sortie","1","0",,,"0","2024-08-13","5:29",
"3006","3,006","Ruban clair 48mm","Sortie","1","0",,,"0","2024-08-13","5:34",
"3007","3,007","Ruban clair 48mm","Entrée","0","0",,,"0","2024-08-13","5:55",
"3008","3,008","VS27.1415","Sortie","1","0",,,"0","2024-08-13","5:56",
"3009","3,009","VZ.PENTF.NR","Sortie","1","0",,,"0","2024-08-13","6:0",
"3010","3,010","AQUALATCHNO","Sortie","1","0",,,"0","2024-08-13","6:0",
"3011","3,011","AQUALATCHNO","Entrée","0","0",,,"0","2024-08-13","6:27",
"3012","3,012","VS27.1423 ","Entrée","3","0",,,"0","2024-08-13","6:27",
"3013","3,013","VS19.0808CA","Entrée","0","0",,,"0","2024-08-13","8:47",
"3014","3,014","80870-0001","Sortie","1","0",,,"0","2024-08-13","9:16",
"3015","3,015","VS27.1415","Sortie","1","0",,,"0","2024-08-13","9:16",
"3016","3,016","5545903","Sortie","1","0",,,"0","2024-08-13","9:17",
"3017","3,017","BGARD-300VDCGC","Sortie","48","0",,,"0","2024-08-13","9:17",
"3018","3,018","2371GY-F-750","Sortie","1","0",,,"0","2024-08-13","9:17",
"3019","3,019","BGARD-300VDCNO","Sortie","48","0",,,"0","2024-08-13","9:18",
"3020","3,020","VZ.SERCLES.NR","Sortie","1","0",,,"0","2024-08-13","10:59",
"3021","3,021","VZ.SERCLES.NR","Mise à jour","16","0",,,"0","2024-08-13","11:0",
"3022","3,022","VZ.SERCLES.BL","Sortie","1","0",,,"0","2024-08-13","11:0",
"3023","3,023","VZ.SERCLES.NR","Entrée","0","0",,,"0","2024-08-13","11:22",
"3024","3,024","Cale","Entrée","17","0",,,"0","2024-08-13","11:23",
"3025","3,025","AQUALATCHNO","Sortie","1","0",,,"0","2024-08-13","12:4",
"3026","3,026","AQUALATCHNO","Mise à jour","15","0",,,"0","2024-08-13","12:5",
"3027","3,027","AQUALATCHNO","Sortie","1","0",,,"0","2024-08-13","12:54",
"3028","3,028","VZ.PENTF.NR","Sortie","1","0",,,"0","2024-08-13","12:54",
"3029","3,029","PGondG","Entrée","0","0",,,"0","2024-08-13","13:17",
"3030","3,030","PGondG","Entrée","0","0",,,"0","2024-08-13","14:51",
"3031","3,031","VS27.1415","Mise à jour","44","0",,,"0","2024-08-13","14:54",
"3032","3,032","280-001","Sortie","300","0",,,"0","2024-08-13","15:24",
"3033","3,033","280-001","Mise à jour","13,350","0",,,"0","2024-08-13","5:1",
"3034","3,034","280-001","Sortie","300","0",,,"0","2024-08-14","6:31",
"3035","3,035","280-001","Entrée","0","0",,,"0","2024-08-14","7:10",
"3036","3,036","VS19.0808CA","Sortie","1","0",,,"0","2024-08-14","7:10",
"3037","3,037","VS17.0809CA","Sortie","1","0",,,"0","2024-08-14","7:10",
"3038","3,038","CapMain-VF-NO","Sortie","6","0",,,"0","2024-08-14","10:48",
"3039","3,039","CapTrack-VF-NO","Sortie","6","0",,,"0","2024-08-14","10:49",
"3040","3,040","CapMain-VF-NO","Entrée","0","0",,,"0","2024-08-14","11:46",
"3041","3,041","VZDD.TCGS3","Mise à jour","30","0",,,,"2024-08-14","11:47",
"3042","3,042","CapMain-VF-NO","Sortie","2","0",,,"0","2024-08-14","7:45",
"3043","3,043","CapMain-VF-NO","Sortie","2","0",,,"0","2024-08-15","7:45",
"3044","3,044","CapTrack-VF-NO","Sortie","4","0",,,"0","2024-08-15","7:45",
"3045","3,045","CapMain-VF-NO","Sortie","4","0",,,"0","2024-08-15","10:58",
"3046","3,046","CapTrack-VF-NO","Sortie","4","0",,,"0","2024-08-15","10:58",
"3047","3,047","CapMain-VF-NO","Sortie","4","0",,,"0","2024-08-16","8:16",
"3048","3,048","CapTrack-VF-NO","Sortie","4","0",,,"0","2024-08-16","8:16",
"3049","3,049","Penture3""","Entrée","10","0",,,"0","2024-08-16","9:58",
"3050","3,050","BGARD-175VDCBL","Sortie","60","0",,,"0","2024-08-16","10:5",
"3051","3,051","BGARD-300VDCBL","Sortie","24","0",,,"0","2024-08-16","10:6",
"3052","3,052","5545903","Sortie","1","0",,,"0","2024-08-16","10:6",
"3053","3,053","VS27.1423 ","Sortie","2","0",,,"0","2024-08-16","10:6",
"3054","3,054","Capsule-BL","Sortie","1","0",,,"0","2024-08-16","10:7",
"3055","3,055","5545903","Sortie","4","0",,,"0","2024-08-16","10:7",
"3056","3,056","VZPOSSD46SSBS-NO","Sortie","2","0",,,"0","2024-08-16","10:8",
"3057","3,057","VZ.PENTF.NR","Sortie","1","0",,,"0","2024-08-16","10:8",
"3058","3,058","AQUALATCHNO","Sortie","1","0",,,"0","2024-08-16","10:8",
"3059","3,059","Capsule-CH","Sortie","1","0",,,"0","2024-08-16","10:9",
"3060","3,060","BGARD-175VDCNO","Sortie","120","0",,,"0","2024-08-16","10:11",
"3061","3,061","VRJ61644","Sortie","1","0",,,"0","2024-08-16","10:11",
"3050","3,050","VZ.PENTF.BL","Mise à jour","18","0",,,"0","2024-08-16","11:20",
"3062","3,062","VZ.PENTF.BL","Entrée","10","0",,,"0","2024-08-16","11:21",
"3063","3,063","VZ.PENTF.BL","Mise à jour","38","0",,,"0","2024-08-16","11:23",
"3064","3,064","VZ.PENTF.NR","Mise à jour","16","0",,,"0","2024-08-16","11:26",
"3065","3,065","VZ.PENTF.NR","Entrée","30","0",,,"0","2024-08-16","11:30",
"3066","3,066","VZ.PENTF.NR","Sortie","3","0",,,"0","2024-08-19","5:29",
"3067","3,067","AQUALATCHNO","Sortie","3","0",,,"0","2024-08-19","5:29",
"3068","3,068","CapMain-VF-NO","Sortie","4","0",,,"0","2024-08-19","6:4",
"3069","3,069","CapTrack-VF-NO","Sortie","4","0",,,"0","2024-08-19","6:4",
"3070","3,070","VZ.PENTF.NR","Sortie","1","0",,,"0","2024-08-19","11:8",
"3071","3,071","VZ.SERCLES.NR","Sortie","1","0",,,"0","2024-08-19","11:8",
"3072","3,072","VZ.SERCLES.NR","Entrée","0","0",,,"0","2024-08-19","11:54",
"3073","3,073","VZ.SERCLES.NR","Entrée","0","0",,,"0","2024-08-19","12:52",
"3074","3,074","VZ.PENTF.NR","Sortie","2","0",,,"0","2024-08-19","12:52",
"3075","3,075","301SS","Sortie","5","0",,,"0","2024-08-19","12:53",
"3076","3,076","CGARD-300DCNO","Sortie","120","0",,,"0","2024-08-19","12:59",
"3077","3,077","CGARD-175DCAR","Entrée","0","0",,,"0","2024-08-19","15:28",
"3078","3,078","CapMain-VF-NO","Sortie","4","0",,,"0","2024-08-19","5:55",
"3079","3,079","CapTrack-VF-NO","Sortie","4","0",,,"0","2024-08-20","5:55",
"3080","3,080","VZ.PENTF.NR","Sortie","1","0",,,"0","2024-08-20","9:11",
"3081","3,081","AQUALATCHNO","Sortie","1","0",,,"0","2024-08-20","9:11",
"3082","3,082","CapMain-VF-NO","Sortie","4","0",,,"0","2024-08-20","9:25",
"3083","3,083","CapTrack-VF-NO","Sortie","4","0",,,"0","2024-08-20","9:25",
"3084","3,084","CapMain-VF-NO","Entrée","0","0",,,"0","2024-08-20","10:5",
"3085","3,085","AQUALATCHNO","Sortie","3","0",,,"0","2024-08-20","10:36",
"3086","3,086","AQUALATCHBL","Sortie","1","0",,,"0","2024-08-20","10:36",
"3087","3,087","VZ.PENTF.BL","Sortie","1","0",,,"0","2024-08-20","10:37",
"3088","3,088","VZ.PENTF.NR","Sortie","3","0",,,"0","2024-08-20","10:37",
"3089","3,089","VS27.1419","Sortie","1","0",,,"0","2024-08-20","10:37",
"3090","3,090","BBARRO-3/4-NO","Sortie","1","0",,,"0","2024-08-20","10:37",
"3091","3,091","2371GY-F-750","Sortie","1","0",,,"0","2024-08-20","10:38",
"3092","3,092","VS27.1415","Sortie","1","0",,,"0","2024-08-20","10:38",
"3093","3,093","Cale","Sortie","1","0",,,"0","2024-08-20","10:38",
"3094","3,094","999-A37708","Sortie","1","0",,,"0","2024-08-20","10:39",
"3095","3,095","80870-0001","Sortie","1","0",,,"0","2024-08-20","10:39",
"3096","3,096","5545903","Sortie","1","0",,,"0","2024-08-20","10:40",
"3097","3,097","VC1815.003","Sortie","1","0",,,"0","2024-08-20","10:40",
"3098","3,098","BGARD-175VDCNO","Sortie","120","0",,,"0","2024-08-20","10:41",
"3099","3,099","CapMain-VF-NO","Sortie","4","0",,,"0","2024-08-20","13:0",
"3100","3,100","CapTrack-VF-NO","Sortie","4","0",,,"0","2024-08-20","13:0",
"3101","3,101","Capsule-BL","Sortie","1","0",,,"0","2024-08-20","13:59",
"3102","3,102","SSGC411XX16B","Entrée","12","0",,,"0","2024-08-20","14:12",
"3103","3,103","SSGC431XX16B","Entrée","12","0",,,"0","2024-08-20","14:13",
"3104","3,104","SSPFEB180","Entrée","7","0",,,"0","2024-08-20","14:19",
"3105","3,105","SSGC411XX16S","Entrée","26","0",,,"0","2024-08-20","14:24",
"3106","3,106","SSGC431XX16S","Entrée","31","0",,,"0","2024-08-20","14:27",
"3107","3,107","280-001","Sortie","300","0",,,"0","2024-08-21","5:18",
"3108","3,108","SSGC411XX16S","Sortie","26","0",,,"0","2024-08-21","6:27",
"3109","3,109","SSGC431XX16S","Sortie","26","0",,,"0","2024-08-21","6:27",
"3110","3,110","SSGC431XX16S","Entrée","0","0",,,"0","2024-08-21","7:22",
"3111","3,111","OUT-0037","Sortie","4","0",,,"0","2024-08-21","9:13",
"3112","3,112","VZ.PENTF.BL","Sortie","2","0",,,"0","2024-08-21","13:42",
"3113","3,113","AQUALATCHBL","Sortie","1","0",,,"0","2024-08-21","13:42",
"3114","3,114","Bec de cane","Sortie","1","0",,,"0","2024-08-21","13:45",
"3115","3,115","SSPFEB180","Sortie","1","0",,,"0","2024-08-21","14:3",
"3116","3,116","SSPFEB180","Entrée","0","0",,,"0","2024-08-21","15:9",
"3117","3,117","AQUALATCHNO","Sortie","1","0",,,"0","2024-08-21","15:9",
"3118","3,118","VZ.SERCLES.NR","Sortie","1","0",,,"0","2024-08-21","15:24",
"3119","3,119","CapMain-VF-NO","Sortie","12","0",,,"0","2024-08-21","13:26",
"3120","3,120","CapTrack-VF-NO","Sortie","12","0",,,"0","2024-08-22","13:26",
"3121","3,121","Capsule-BR","Sortie","1","0",,,"0","2024-08-22","10:11",
"3122","3,122","Capsule-BL","Sortie","1","0",,,"0","2024-08-23","10:11",
"3123","3,123","280-001","Sortie","450","0",,,"0","2024-08-23","10:12",
"3124","3,124","BGARD-175VDCNO","Sortie","120","0",,,"0","2024-08-23","10:12",
"3125","3,125","VS27.1415","Sortie","2","0",,,"0","2024-08-23","10:12",
"3126","3,126","Cale","Sortie","1","0",,,"0","2024-08-23","10:12",
"3127","3,127","2371GY-F-750","Sortie","1","0",,,"0","2024-08-23","10:13",
"3128","3,128","VS19.0808CA","Sortie","1","0",,,"0","2024-08-23","10:13",
"3129","3,129","BGARD-175VDCNO","Sortie","180","0",,,"0","2024-08-23","10:14",
"3130","3,130","BGARD-175VDCBL","Sortie","60","0",,,"0","2024-08-23","10:14",
"3131","3,131","VS27.1415","Sortie","1","0",,,"0","2024-08-23","10:14",
"3132","3,132","VRW7210TMG","Sortie","1","0",,,"0","2024-08-23","10:22",
"3133","3,133","VRW7210TMG","Entrée","0","0",,,"0","2024-08-23","15:24",
"3134","3,134","BBARRO-3/4-NO","Sortie","1","0",,,"0","2024-08-25","4:59",
"3135","3,135","BGARD-175VDCNP","Entrée","0","0",,,"0","2024-08-26","6:4",
"3136","3,136","AQUALATCHNO","Sortie","1","0",,,"0","2024-08-26","6:4",
"3137","3,137","AQUALATCHNO","Sortie","2","0",,,"0","2024-08-26","6:4",
"3138","3,138","Cale","Sortie","1","0",,,"0","2024-08-26","6:18",
"3139","3,139","CapMain-VF-NO","Sortie","54","0",,,"0","2024-08-26","7:23",
"3140","3,140","CapTrack-VF-NO","Sortie","54","0",,,"0","2024-08-26","7:23",
"3141","3,141","3013006","Sortie","1","0",,,"0","2024-08-26","8:11",
"3142","3,142","280-001","Sortie","300","0",,,"0","2024-08-26","8:12",
"3143","3,143","5545903","Mise à jour","36","0",,,"0","2024-08-26","8:14",
"3144","3,144","5640337","Mise à jour","8","0",,,"0","2024-08-26","8:14",
"3145","3,145","5640337","Sortie","1","0",,,"0","2024-08-26","8:15",
"3146","3,146","5640337","Entrée","0","0",,,"0","2024-08-26","8:42",
"3147","3,147","VZDD.TCGS3","Entrée","46","0",,,"0","2024-08-26","8:43",
"3148","3,148","VS19.0808CA","Sortie","1","0",,,"0","2024-08-26","11:40",
"3149","3,149","SSGC411XX16B","Sortie","12","0",,,"0","2024-08-26","11:45",
"3150","3,150","SSGC431XX16B","Sortie","12","0",,,"0","2024-08-26","11:46",
"3151","3,151","SSSPIGOTSGB","Sortie","6","0",,,"0","2024-08-26","11:47",
"3152","3,152","VZ.PENTF.NR","Sortie","1","0",,,"0","2024-08-26","13:45",
"3153","3,153","AQUALATCHNO","Sortie","1","0",,,"0","2024-08-26","13:45",
"3154","3,154","AQUALATCHNO","Entrée","0","0",,,"0","2024-08-26","14:17",
"3155","3,155","280-001","Sortie","300","0",,,"0","2024-08-26","15:23",
"3156","3,156","VZ.PENTF.BL","Sortie","2","0",,,"0","2024-08-27","8:37",
"3157","3,157","AQUALATCHBL","Sortie","2","0",,,"0","2024-08-27","8:38",
"3158","3,158","999-A37708","Sortie","1","0",,,"0","2024-08-27","9:29",
"3159","3,159","OUT-0037","Sortie","4","0",,,"0","2024-08-27","10:40",
"3160","3,160","999-A37708","Sortie","1","0",,,"0","2024-08-27","10:41",
"3161","3,161","BGARD-300VDCBL","Sortie","24","0",,,"0","2024-08-27","10:41",
"3162","3,162","BGARD-175VDCBC","Sortie","60","0",,,"0","2024-08-27","10:42",
"3163","3,163","BGARD-175VDCNO","Sortie","60","0",,,"0","2024-08-27","10:42",
"3164","3,164","VS27.1415","Sortie","1","0",,,"0","2024-08-27","10:43",
"3165","3,165","VS27.1415","Entrée","0","0",,,"0","2024-08-27","10:47",
"3166","3,166","BGARD-175VDCGC","Sortie","54","0",,,"0","2024-08-27","10:47",
"3167","3,167","301SS","Sortie","15","0",,,"0","2024-08-27","10:52",
"3168","3,168","Penture3""","Sortie","1","0",,,"0","2024-08-27","10:56",
"3169","3,169","CGARD-175DCBL","Sortie","117","0",,,"0","2024-08-27","11:2",
"3170","3,170","CGARD-300DCBL","Sortie","120","0",,,"0","2024-08-27","11:4",
"3171","3,171","VRJ61644","Sortie","28","0",,,"0","2024-08-27","11:46",
"3172","3,172","VS27.1423 ","Mise à jour","4","0",,,"0","2024-08-27","11:56",
"3173","3,173","VZ.PENTF.NR","Sortie","2","0",,,"0","2024-08-27","12:1",
"3174","3,174","AQUALATCHNO","Sortie","1","0",,,"0","2024-08-27","12:1",
"3175","3,175","BBARRO-3/4-NO","Sortie","1","0",,,"0","2024-08-27","12:2",
"3176","3,176","VZDD.TCGS3","Sortie","15","0",,,"0","2024-08-27","12:6",
"3177","3,177","ArretBarriere","Entrée","0","0",,,"0","2024-08-27","13:2",
"3178","3,178","SSSPIGOTSMS-V1.1","Mise à jour","6","0",,,"0","2024-08-27","13:32",
"3179","3,179","SSSPIGOTSMS-V2","Mise à jour","4","0",,,,"2024-08-27","13:32",
"3180","3,180","SSPFGL180S","Mise à jour","3","0",,,"0","2024-08-27","13:35",
"3181","3,181","999-A37708","Sortie","1","0",,,"0","2024-08-27","14:2",
"3182","3,182","BGARD-175VDCNO","Sortie","60","0",,,"0","2024-08-27","14:2",
"3183","3,183","2371GY-F-750","Sortie","1","0",,,"0","2024-08-27","14:3",
"3184","3,184","AttacheMurale-NP","Mise à jour","170","0",,,"0","2024-08-27","14:31",
"3185","3,185","VZPOSSD46SSBS-NO","Sortie","1","0",,,"0","2024-08-27","15:4",
"3186","3,186","VZPOSSD46SSBS-NO","Mise à jour","22","0",,,"0","2024-08-27","5:7",
"3187","3,187","VS27.1419","Sortie","1","0",,,"0","2024-08-28","5:15",
"3188","3,188","VS19.0808CA","Entrée","0","0",,,"0","2024-08-28","6:26",
"3189","3,189","BoutRet-BL","Sortie","1","0",,,"0","2024-08-28","12:43",
"3190","3,190","BoutRet-NO","Entrée","0","0",,,"0","2024-08-28","13:29",
"3191","3,191","SSGC411XX16S","Entrée","12","0",,,"0","2024-08-28","15:2",
"3192","3,192","SSGC431XX16S","Entrée","12","0",,,"0","2024-08-28","15:2",
"3193","3,193","5545903","Sortie","4","0",,,"0","2024-08-28","15:4",
"3194","3,194","BGARD-175VDCNO","Sortie","60","0",,,"0","2024-08-28","15:5",
"3195","3,195","BoutRet-BL","Sortie","1","0",,,"0","2024-08-28","15:7",
"3196","3,196","AQUALATCHNO","Entrée","10","0",,,"0","2024-08-29","10:24",
"3197","3,197","AQUALATCHBL","Entrée","1","0",,,"0","2024-08-29","10:24",
"3198","3,198","AttacheMurale-NP","Sortie","4","0",,,"0","2024-08-30","10:31",
"3199","3,199","VRW7210TMG","Sortie","2","0",,,"0","2024-08-30","11:6",
"3200","3,200","Capsule-NO","Sortie","2","0",,,"0","2024-08-30","11:6",
"3201","3,201","CGARD-175DCNO","Sortie","200","0",,,"0","2024-08-30","11:7",
"3202","3,202","AttacheMurale-NO","Sortie","12","0",,,"0","2024-08-30","11:8",
"3203","3,203","01-004-BOUT-NP","Sortie","4","0",,,"0","2024-08-30","11:51",
"3204","3,204","01-004-BOUT-BL","Mise à jour","0","0",,,"0","2024-08-30","11:52",
"3205","3,205","CGARD-175DCAR","Mise à jour","0","0",,,"0","2024-08-30","13:51",
"3206","3,206","CGARD-300DCGM","Mise à jour","51","0",,,,"2024-08-30","14:6",
"3207","3,207","5545903","Sortie","1","0",,,"0","2024-09-03","7:46",
"3208","3,208","AQUALATCHBL","Sortie","1","0",,,"0","2024-09-03","8:4",
"3209","3,209","VZ.PENTF.BL","Sortie","1","0",,,"0","2024-09-03","8:4",
"3210","3,210","Penture3""","Mise à jour","17","0",,,"0","2024-09-03","8:36",
"3211","3,211","PGondG","Entrée","0","0",,,"0","2024-09-03","9:55",
"3212","3,212","VZ.PENTF.NR","Sortie","3","0",,,"0","2024-09-03","9:55",
"3213","3,213","AQUALATCHNO","Sortie","3","0",,,"0","2024-09-03","9:55",
"3214","3,214","VZ.PENTF.NR","Mise à jour","29","0",,,"0","2024-09-03","9:57",
"3215","3,215","PGondG","Entrée","0","0",,,"0","2024-09-03","10:34",
"3216","3,216","CGARD-175DCNO","Sortie","200","0",,,"0","2024-09-03","10:34",
"3217","3,217","CGARD-175DCAR","Entrée","0","0",,,"0","2024-09-03","12:37",
"3218","3,218","SSGC431XX16S","Sortie","8","0",,,"0","2024-09-03","12:37",
"3219","3,219","SSGC411XX16S","Sortie","8","0",,,"0","2024-09-03","12:37",
"3220","3,220","VS27.1411","Sortie","1","0",,,"0","2024-09-03","15:26",
"3221","3,221","280-001","Sortie","300","0",,,"0","2024-09-03","15:26",
"3222","3,222","80870-0001","Sortie","1","0",,,"0","2024-09-03","15:26",
"3223","3,223","999-A37708","Sortie","1","0",,,"0","2024-09-03","15:26",
"3224","3,224","VZ.PENTF.NR","Sortie","1","0",,,"0","2024-09-03","15:27",
"3225","3,225","AQUALATCHNO","Sortie","1","0",,,"0","2024-09-03","15:27",
"3226","3,226","280-001","Sortie","300","0",,,"0","2024-09-03","15:28",
"3227","3,227","VS19.0808CA","Sortie","1","0",,,"0","2024-09-03","15:28",
"3228","3,228","AQUALATCHNO","Sortie","2","0",,,"0","2024-09-03","15:28",
"3229","3,229","VS27.1415","Sortie","1","0",,,"0","2024-09-03","15:28",
"3230","3,230","280-002","Sortie","300","0",,,"0","2024-09-03","15:28",
"3231","3,231","BGARD-175VDCNO","Sortie","60","0",,,"0","2024-09-03","15:30",
"3232","3,232","BGARD-175VDCNO","Sortie","60","0",,,"0","2024-09-03","15:30",
"3233","3,233","BGARD-175VDCBL","Sortie","60","0",,,"0","2024-09-03","15:30",
"3234","3,234","280-001","Sortie","450","0",,,"0","2024-09-03","7:42",
"3235","3,235","280-001","Entrée","0","0",,,"0","2024-09-04","8:2",
"3236","3,236","VZ.PENTF.BL","Sortie","1","0",,,"0","2024-09-04","8:3",
"3237","3,237","AQUALATCHBL","Sortie","1","0",,,"0","2024-09-04","8:3",
"3238","3,238","BBARRO-3/4-BL","Sortie","1","0",,,"0","2024-09-04","8:4",
"3239","3,239","Capsule-BL","Sortie","1","0",,,"0","2024-09-04","10:57",
"3240","3,240","VZ.PENTF.BL","Sortie","3","0",,,"0","2024-09-04","13:23",
"3241","3,241","VZ.SERCLES.BL","Sortie","3","0",,,"0","2024-09-04","13:23",
"3242","3,242","VZ.SERCLES.NR","Entrée","0","0",,,"0","2024-09-04","15:19",
"3243","3,243","2371GY-F-750","Sortie","2","0",,,"0","2024-09-04","15:20",
"3244","3,244","BGARD-175VDCBL","Sortie","60","0",,,"0","2024-09-04","15:21",
"3245","3,245","ÉquerreM-NO","Sortie","8","0",,,"0","2024-09-04","15:21",
"3246","3,246","VZPOSSD46SSBS-NO","Sortie","1","0",,,"0","2024-09-04","15:22",
"3247","3,247","BGARD-175VDCNO","Sortie","60","0",,,"0","2024-09-04","15:22",
"3248","3,248","VRW7210TMG","Sortie","1","0",,,"0","2024-09-05","8:50",
"3249","3,249","Cale","Sortie","2","0",,,"0","2024-09-05","8:50",
"3250","3,250","Cale","Entrée","1","0",,,"0","2024-09-05","8:52",
"3251","3,251","VRW7210TMG","Entrée","1","0",,,"0","2024-09-05","8:52",
"3252","3,252","VRJ61032.CO","Sortie","10","0",,,"0","2024-09-09","4:57",
"3253","3,253","AQUALATCHNO","Sortie","1","0",,,"0","2024-09-09","5:17",
"3254","3,254","VZ.PENTF.NR","Sortie","1","0",,,"0","2024-09-09","5:17",
"3255","3,255","CapTrack-VF-NO","Sortie","2","0",,,"0","2024-09-09","6:57",
"3256","3,256","CapMain-VF-NO","Sortie","2","0",,,"0","2024-09-09","6:57",
"3257","3,257","AttacheMurale-NO","Mise à jour","35","0",,,"0","2024-09-09","7:9",
"3258","3,258","CapMain-VF-NO","Sortie","4","0",,,"0","2024-09-09","7:14",
"3259","3,259","CapTrack-VF-NO","Sortie","4","0",,,"0","2024-09-09","7:14",
"3260","3,260","SSGC411XX16S","Entrée","30","0",,,"0","2024-09-09","7:34",
"3261","3,261","SSGC431XX16S","Entrée","28","0",,,"0","2024-09-09","7:36",
"3262","3,262","VS27.1419","Sortie","1","0",,,"0","2024-09-09","7:48",
"3263","3,263","VS27.1415","Sortie","1","0",,,"0","2024-09-09","7:49",
"3264","3,264","5640337","Sortie","1","0",,,"0","2024-09-09","7:49",
"3265","3,265","80870-0001","Sortie","2","0",,,"0","2024-09-09","7:50",
"3266","3,266","CMCG-200-BL","Mise à jour","362","0",,,"0","2024-09-09","8:2",
"3267","3,267","AQUALATCHNO","Sortie","1","0",,,"0","2024-09-09","11:26",
"3268","3,268","VZ.PENTF.NR","Sortie","1","0",,,"0","2024-09-09","11:27",
"3269","3,269","PGondG","Entrée","0","0",,,"0","2024-09-09","11:29",
"3270","3,270","CMCG-200-BR","Sortie","9","0",,,"0","2024-09-09","11:30",
"3271","3,271","BGARD-175VDCNO","Sortie","120","0",,,"0","2024-09-09","11:30",
"3272","3,272","999-A37708","Sortie","1","0",,,"0","2024-09-09","11:30",
"3273","3,273","5545903","Sortie","2","0",,,"0","2024-09-09","11:31",
"3274","3,274","VZ.PENTF.BL","Sortie","1","0",,,"0","2024-09-09","11:54",
"3275","3,275","VZ.SERCLES.BL","Sortie","1","0",,,"0","2024-09-09","11:54",
"3276","3,276","VZ.SERCLES.NR","Entrée","0","0",,,"0","2024-09-09","12:50",
"3277","3,277","SSGCH40116S","Sortie","4","0",,,"0","2024-09-09","14:16",
"3278","3,278","SSGC411XX16S","Sortie","1","0",,,"0","2024-09-09","14:16",
"3279","3,279","SSGC431XX16S","Sortie","1","0",,,"0","2024-09-09","14:17",
"3280","3,280","VZ.PENTF.NR","Sortie","1","0",,,"0","2024-09-09","14:18",
"3281","3,281","AQUALATCHNO","Sortie","1","0",,,"0","2024-09-09","14:19",
"3282","3,282","999-A37708","Entrée","12","0",,,"0","2024-09-09","14:30",
"3283","3,283","VS27.1415","Sortie","1","0",,,"0","2024-09-09","15:13",
"3284","3,284","5545903","Sortie","2","0",,,"0","2024-09-09","15:25",
"3285","3,285","5640337","Sortie","1","0",,,"0","2024-09-10","7:58",
"3286","3,286","5640337","Entrée","0","0",,,"0","2024-09-10","9:15",
"3287","3,287","2371GY-F-750","Sortie","1","0",,,"0","2024-09-10","9:15",
"3288","3,288","BGARD-175VDCNO","Sortie","60","0",,,"0","2024-09-10","9:15",
"3289","3,289","BGARD-175VDCNP","Entrée","0","0",,,"0","2024-09-10","9:29",
"3290","3,290","VS27.1411","Sortie","1","0",,,"0","2024-09-10","10:4",
"3291","3,291","VRW7210TMG","Sortie","2","0",,,"0","2024-09-10","10:5",
"3292","3,292","BGARD-300VDCNO","Sortie","37","0",,,"0","2024-09-10","10:31",
"3293","3,293","BGARD-175VDCNP","Entrée","0","0",,,"0","2024-09-10","11:13",
"3294","3,294","VS27.1423 ","Mise à jour","5","0",,,"0","2024-09-10","11:14",
"3295","3,295","VS17.0809CA","Mise à jour","7","0",,,"0","2024-09-10","11:14",
"3296","3,296","CGARD-175DCNO","Mise à jour","449","0",,,"0","2024-09-10","11:47",
"3297","3,297","VZ.SERCLES.NR","Mise à jour","20","0",,,"0","2024-09-10","13:6",
"3298","3,298","CapTrack-VF-NO","Sortie","30","0",,,"0","2024-09-10","13:9",
"3299","3,299","CapMain-VF-NO","Sortie","30","0",,,"0","2024-09-10","13:9",
"3300","3,300","CapMain-VF-NO","Entrée","0","0",,,"0","2024-09-10","7:57",
"3301","3,301","280-001","Sortie","300","0",,,"0","2024-09-11","7:57",
"3302","3,302","Cale","Sortie","1","0",,,"0","2024-09-11","7:58",
"3303","3,303","Cale","Entrée","0","0",,,"0","2024-09-11","8:48",
"3304","3,304","VZ.PENTF.NR","Sortie","1","0",,,"0","2024-09-11","13:16",
"3305","3,305","VZ.SERCLES.NR","Sortie","1","0",,,"0","2024-09-11","13:17",
"3306","3,306","AQUALATCHNO","Sortie","1","0",,,"0","2024-09-11","13:26",
"3307","3,307","VZ.PENTF.NR","Sortie","1","0",,,"0","2024-09-11","13:41",
"3308","3,308","PGondG","Entrée","0","0",,,"0","2024-09-11","14:27",
"3309","3,309","AQUALATCHNO","Entrée","23","0",,,"0","2024-09-11","15:9",
"3310","3,310","VZ.SERCLES.NR","Entrée","20","0",,,"0","2024-09-11","15:10",
"3309","3,309","VS27.1419","Entrée","2","0",,,"0","2024-09-11","14:18",
"3311","3,311","VS27.1415","Entrée","2","0",,,"0","2024-09-12","14:18",
"3312","3,312","SSGC411XX16S","Sortie","30","0",,,"0","2024-09-13","12:10",
"3313","3,313","SSGC431XX16S","Sortie","30","0",,,"0","2024-09-13","12:10",
"3314","3,314","2371GY-F-750","Sortie","1","0",,,"0","2024-09-16","9:2",
"3315","3,315","280-001","Sortie","450","0",,,"0","2024-09-16","9:2",
"3316","3,316","280-001","Sortie","300","0",,,"0","2024-09-16","9:3",
"3317","3,317","CGARD-175DCNO","Sortie","200","0",,,"0","2024-09-16","9:3",
"3318","3,318","VS27.1415","Sortie","1","0",,,"0","2024-09-16","9:4",
"3319","3,319","3013006","Sortie","1","0",,,"0","2024-09-16","9:4",
"3319","3,319","Capsule-BL","Sortie","1","0",,,"0","2024-09-16","9:5",
"3320","3,320","VRJ61644","Sortie","1","0",,,"0","2024-09-16","9:5",
"3321","3,321","VRJ61644","Sortie","9","0",,,"0","2024-09-16","9:5",
"3322","3,322","80870-0001","Sortie","1","0",,,"0","2024-09-16","9:5",
"3323","3,323","VS17.0809CA","Sortie","1","0",,,"0","2024-09-16","9:6",
"3324","3,324","CapMain-VF-NO","Sortie","10","0",,,"0","2024-09-16","11:12",
"3325","3,325","CapTrack-VF-NO","Sortie","10","0",,,"0","2024-09-16","11:12",
"3326","3,326","BoutRet-NO","Mise à jour","16","0",,,"0","2024-09-16","11:32",
"3327","3,327","BoutRet-BL","Mise à jour","21","0",,,"0","2024-09-16","11:32",
"3328","3,328","BoutRet-GC","Mise à jour","19","0",,,,"2024-09-16","11:32",
"3329","3,329","BoutRet-AR","Mise à jour","18","0",,,,"2024-09-16","11:32",
"3330","3,330","VRJ61032.CO","Mise à jour","40","0",,,"0","2024-09-16","11:36",
"3331","3,331","MALU48","Sortie","3","0",,,"0","2024-09-17","4:58",
"3332","3,332","VZ.PENTF.NR","Sortie","1","0",,,"0","2024-09-17","7:17",
"3333","3,333","AQUALATCHNO","Sortie","1","0",,,"0","2024-09-17","7:18",
"3334","3,334","MALU48","Sortie","4","0",,,"0","2024-09-17","7:34",
"3335","3,335","MALU42","Entrée","0","0",,,"0","2024-09-17","8:43",
"3336","3,336","VZ.PENTF.NR","Sortie","2","0",,,"0","2024-09-17","8:44",
"3337","3,337","VZ.SERCLES.NR","Sortie","2","0",,,"0","2024-09-17","8:44",
"3338","3,338","CGARD-175DCGM","Sortie","78","0",,,"0","2024-09-17","8:46",
"3339","3,339","CGARD-175DCAR","Entrée","0","0",,,"0","2024-09-17","10:21",
"3340","3,340","Cale","Sortie","1","0",,,"0","2024-09-17","10:21",
"3341","3,341","SSGC411XX16S","Sortie","2","0",,,"0","2024-09-17","10:21",
"3342","3,342","SSGC431XX16S","Sortie","2","0",,,"0","2024-09-17","10:21",
"3343","3,343","SSGC411XX16S","Entrée","9","0",,,"0","2024-09-17","10:22",
"3344","3,344","SSGC431XX16S","Mise à jour","9","0",,,"0","2024-09-17","10:22",
"3345","3,345","SSGC411XX16S","Entrée","0","0",,,"0","2024-09-17","10:56",
"3346","3,346","5545903","Sortie","1","0",,,"0","2024-09-17","11:50",
"3347","3,347","5545903","Sortie","1","0",,,"0","2024-09-17","11:50",
"3348","3,348","Ruban clair 48mm","Sortie","1","0",,,"0","2024-09-17","11:51",
"3349","3,349","999-A37708","Sortie","1","0",,,"0","2024-09-17","11:51",
"3350","3,350","BGARD-175VDCNO","Sortie","60","0",,,"0","2024-09-17","11:51",
"3351","3,351","Capsule-NO","Sortie","1","0",,,"0","2024-09-17","11:52",
"3352","3,352","Capsule-NO","Entrée","50","0",,,"0","2024-09-17","11:53",
"3353","3,353","CGARD-175DCBL","Sortie","200","0",,,"0","2024-09-17","11:53",
"3354","3,354","VC1815.003","Sortie","1","0",,,"0","2024-09-17","14:7",
"3355","3,355","BGARD-175VDCNO","Sortie","60","0",,,"0","2024-09-17","14:58",
"3356","3,356","BGARD-300VDCAR","Sortie","44","0",,,"0","2024-09-17","14:58",
"3357","3,357","BGARD-300VDCBC","Sortie","24","0",,,"0","2024-09-17","14:58",
"3358","3,358","VS27.1415","Sortie","1","0",,,"0","2024-09-17","14:58",
"3359","3,359","PGondG","Mise à jour","7","0",,,"0","2024-09-17","15:4",
"3360","3,360","PGondD","Sortie","1","0",,,"0","2024-09-17","15:4",
"3361","3,361","VS27.1423 ","Sortie","1","0",,,"0","2024-09-18","8:40",
"3362","3,362","VS19.0808CA","Sortie","1","0",,,"0","2024-09-18","8:40",
"3363","3,363","CapTrack-VF-NO","Sortie","30","0",,,"0","2024-09-18","8:45",
"3364","3,364","CapMain-VF-NO","Sortie","30","0",,,"0","2024-09-18","8:45",
"3365","3,365","CapMain-VF-NO","Sortie","14","0",,,"0","2024-09-18","9:22",
"3366","3,366","CapTrack-VF-NO","Sortie","14","0",,,"0","2024-09-18","9:22",
"3367","3,367","CapTrack-VF-NO","Mise à jour","758","0",,,"0","2024-09-18","9:23",
"3368","3,368","CapMain-VF-NO","Entrée","0","0",,,"0","2024-09-18","9:49",
"3369","3,369","CapMain-VF-NO","Sortie","14","0",,,"0","2024-09-18","9:50",
"3370","3,370","CapTrack-VF-NO","Sortie","10","0",,,"0","2024-09-18","9:50",
"3371","3,371","CapTrack-VF-NO","Sortie","1","0",,,"0","2024-09-18","9:58",
"3372","3,372","BGARD-300VDCGM","Sortie","15","0",,,"0","2024-09-18","10:0",
"3373","3,373","BGARD-175VDCNP","Entrée","0","0",,,"0","2024-09-18","10:20",
"3374","3,374","BGARD-175VDCNP","Entrée","0","0",,,"0","2024-09-18","15:39",
"3375","3,375","VZPOSSD46SSBS-NO","Sortie","1","0",,,"0","2024-09-19","14:57",
"3376","3,376","5545903","Sortie","2","0",,,"0","2024-09-19","14:58",
"3377","3,377","999-A37708","Sortie","1","0",,,"0","2024-09-19","14:58",
"3378","3,378","VS27.1423 ","Sortie","1","0",,,"0","2024-09-19","14:59",
"3379","3,379","VS27.1423 ","Sortie","1","0",,,"0","2024-09-19","14:59",
"3380","3,380","Capsule-NO","Sortie","2","0",,,"0","2024-09-19","15:0",
"3381","3,381","Cale","Sortie","1","0",,,"0","2024-09-19","15:0",
"3382","3,382","2371GY-F-750","Sortie","1","0",,,"0","2024-09-19","15:0",
"3383","3,383","9741068","Mise à jour","3","0",,,"0","2024-09-19","15:1",
"3384","3,384","VS27.1423 ","Mise à jour","4","0",,,"0","2024-09-19","15:2",
"3385","3,385","SSPFEB180","Mise à jour","1","0",,,,"2024-09-19","15:35",
"3386","3,386","SSGC431XX16S","Mise à jour","13","0",,,"0","2024-09-19","15:35",
"3387","3,387","SSPFEBWALLS","Mise à jour","1","0",,,,"2024-09-19","15:36",
"3388","3,388","SSGCH40116S","Mise à jour","6","0",,,"0","2024-09-19","15:37",
"3389","3,389","SSGCH40116S","Mise à jour",,"0",,,"0","2024-09-19","15:38",
"3390","3,390","SSSPIGOTSMS-V1.1","Mise à jour","0","0",,,"0","2024-09-19","15:38",
"3391","3,391","SSPFGL180S","Mise à jour","0","0",,,"0","2024-09-19","15:39",
"3392","3,392","SSPFEB180GB","Mise à jour","0","0",,,,"2024-09-19","15:39",
"3393","3,393","SSSPIGOTSMS-V2","Mise à jour","2","0",,,,"2024-09-19","15:40",
"3394","3,394","Ruban clair 48mm","Mise à jour","39","0",,,"0","2024-09-19","15:41",
"3395","3,395","999-A11040","Mise à jour","7","0",,,"0","2024-09-19","15:41",
"3396","3,396","3013018","Mise à jour","1","0",,,"0","2024-09-19","15:42",
"3397","3,397","3013006","Mise à jour","5","0",,,"0","2024-09-19","15:42",
"3398","3,398","AQUALATCHNO","Mise à jour","19","0",,,"0","2024-09-19","15:44",
"3399","3,399","VZ.PENTF.BL","Mise à jour","0","0",,,"0","2024-09-19","15:45",
"3400","3,400","VZ.PENTF.NR","Mise à jour","21","0",,,"0","2024-09-19","15:45",
"3401","3,401","OUT-0037","Mise à jour","67","0",,,"0","2024-09-19","15:46",
"3402","3,402","CMCG-200-GM","Mise à jour","0","0",,,"0","2024-09-19","15:49",
"3403","3,403","01-004-BOUT-NO","Mise à jour","48","0",,,"0","2024-09-19","15:50",
"3404","3,404","01-004-BOUT-AR","Mise à jour","28","0",,,,"2024-09-19","15:50",
"3405","3,405","BGARD-175VDCNO","Sortie","120","0",,,"0","2024-09-19","15:51",
"3406","3,406","AttacheMurale-NP","Mise à jour","182","0",,,"0","2024-09-19","15:51",
"3407","3,407","AttacheMurale-NO","Mise à jour","290","0",,,"0","2024-09-19","15:52",
"3408","3,408","VZ.PENTF.NR","Sortie","2","0",,,"0","2024-09-20","9:0",
"3409","3,409","VZ.SERCLES.NR","Sortie","1","0",,,"0","2024-09-20","9:1",
"3410","3,410","VZ.PENTF.NR","Sortie","2","0",,,"0","2024-09-20","10:10",
"3411","3,411","AQUALATCHNO","Mise à jour","18","0",,,,"2024-09-20","10:12",
"3412","3,412","VZDD.TCGS3","Sortie","1","0",,,"0","2024-09-20","10:14",
"3413","3,413","AQUALATCHNO","Mise à jour","19","0",,,,"2024-09-20","10:30",
"3414","3,414","VZ.PENTF.NR","Mise à jour","18","0",,,"0","2024-09-20","10:30",
"3415","3,415","VZDD.TCGS3","Mise à jour","61","0",,,"0","2024-09-20","10:31",
"3416","3,416","CGARD-300DCBC","Sortie","120","0",,,"0","2024-09-20","10:35",
"3417","3,417","BBARRO-3/4-BC","Sortie","1","0",,,"0","2024-09-20","10:40",
"3418","3,418","Cale","Entrée","9","0",,,"0","2024-09-23","10:13",
"3419","3,419","BGARD-300VDCBL","Sortie","48","0",,,"0","2024-09-23","10:14",
"3420","3,420","ÉquerreM-BL","Sortie","16","0",,,"0","2024-09-23","7:51",
"3421","3,421","ÉquerreM-NP","Entrée","0","0",,,"0","2024-09-24","9:12",
"3422","3,422","VZ.PENTF.NR","Sortie","2","0",,,"0","2024-09-24","10:42",
"3423","3,423","AQUALATCHNO","Sortie","2","0",,,"0","2024-09-24","10:42",
"3424","3,424","ArretBarriere","Sortie","10","0",,,"0","2024-09-24","10:47",
"3425","3,425","2371GY-F-750","Sortie","1","0",,,"0","2024-09-24","10:47",
"3426","3,426","SSB48SM","Sortie","1","0",,,"0","2024-09-24","10:51",
"3427","3,427","280-001","Sortie","300","0",,,"0","2024-09-24","10:51",
"3428","3,428","5545903","Sortie","2","0",,,"0","2024-09-24","10:51",
"3429","3,429","BGARD-175VDCGM","Sortie","60","0",,,"0","2024-09-24","10:52",
"3430","3,430","VRW7210TMG","Sortie","2","0",,,"0","2024-09-24","10:52",
"3431","3,431","VS27.1415","Sortie","1","0",,,"0","2024-09-24","10:53",
"3432","3,432","BGARD-175VDCNO","Sortie","119","0",,,"0","2024-09-24","10:53",
"3433","3,433","BGARD-175VDCNP","Entrée","0","0",,,"0","2024-09-24","11:44",
"3434","3,434","VZ.PENTF.NR","Sortie","1","0",,,"0","2024-09-24","11:45",
"3435","3,435","AQUALATCHNO","Sortie","1","0",,,"0","2024-09-24","11:45",
"3436","3,436","VZ.PENTF.NR","Sortie","1","0",,,"0","2024-09-24","13:5",
"3437","3,437","VZ.SERCLES.NR","Sortie","1","0",,,"0","2024-09-24","13:6",
"3438","3,438","BGARD-175VDCNP","Sortie","360","0",,,"0","2024-09-25","9:35",
"3439","3,439","BGARD-175VDCGC","Entrée","300","0",,,"0","2024-09-25","9:35",
"3440","3,440","AttacheMurale-NP","Sortie","40","0",,,"0","2024-09-25","9:35",
"3441","3,441","AttacheMurale-CH","Entrée","40","0",,,"0","2024-09-25","9:35",
"3442","3,442","VC1815.003","Sortie","1","0",,,"0","2024-09-26","10:22",
"3443","3,443","VZDD.TCGS3","Sortie","1","0",,,"0","2024-09-27","10:22",
"3444","3,444","BGARD-175VDCBL","Sortie","60","0",,,"0","2024-09-27","10:22",
"3445","3,445","280-001","Sortie","300","0",,,"0","2024-09-27","10:23",
"3446","3,446","BGARD-175VDCNO","Sortie","60","0",,,"0","2024-09-27","10:23",
"3447","3,447","BGARD-300VDCNO","Sortie","48","0",,,"0","2024-09-27","10:23",
"3448","3,448","VZPOSSD46SSBS-NO","Sortie","1","0",,,"0","2024-09-27","10:24",
"3449","3,449","2371GY-F-750","Sortie","1","0",,,"0","2024-09-27","10:24",
"3450","3,450","VZ.PENTF.NR","Sortie","1","0",,,"0","2024-09-30","5:24",
"3451","3,451","AQUALATCHNO","Sortie","1","0",,,"0","2024-09-30","5:24",
"3452","3,452","5545903","Sortie","1","0",,,"0","2024-09-30","6:3",
"3453","3,453","VRW7210TMG","Sortie","2","0",,,"0","2024-09-30","6:3",
"3454","3,454","VS27.1415","Sortie","1","0",,,"0","2024-09-30","6:3",
"3455","3,455","VS27.1415","Sortie","1","0",,,"0","2024-09-30","6:4",
"3456","3,456","VS27.1419","Sortie","1","0",,,"0","2024-09-30","6:4",
"3457","3,457","CGARD-300DCNO","Sortie","120","0",,,"0","2024-09-30","6:9",
"3458","3,458","Cale","Sortie","1","0",,,"0","2024-10-01","6:8",
"3459","3,459","VZ.SERCLES.NR","Sortie","1","0",,,"0","2024-10-01","13:0",
"3460","3,460","VZ.SERCLES.NR","Entrée","0","0",,,"0","2024-10-01","13:44",
"3461","3,461","VZ.SERCLES.NR","Entrée","0","0",,,"0","2024-10-01","13:44",
"3462","3,462","PGondG","Sortie","1","0",,,"0","2024-10-01","13:44",
"3463","3,463","PGondD","Sortie","1","0",,,"0","2024-10-01","13:44",
"3464","3,464","VZ.PENTF.NR","Sortie","2","0",,,"0","2024-10-01","13:45",
"3465","3,465","ArretBarriere","Sortie","1","0",,,"0","2024-10-01","13:48",
"3466","3,466","ArretBarriere","Entrée","0","0",,,"0","2024-10-01","4:57",
"3467","3,467","Capsule-BL","Sortie","1","0",,,"0","2024-10-02","4:57",
"3468","3,468","AQUALATCHNO","Entrée","1","0",,,"0","2024-10-02","5:33",
"3469","3,469","280-001","Sortie","450","0",,,"0","2024-10-02","6:51",
"3470","3,470","VS19.0808CA","Entrée","2","0",,,"0","2024-10-02","15:14",
"3471","3,471","BGARD-300VDCBL","Sortie","13","0",,,"0","2024-10-02","15:15",
"3472","3,472","BGARD-175VDCNO","Sortie","60","0",,,"0","2024-10-02","15:15",
"3473","3,473","5640337","Sortie","1","0",,,"0","2024-10-02","15:15",
"3474","3,474","5545903","Sortie","2","0",,,"0","2024-10-02","15:15",
"3475","3,475","VS27.1415","Sortie","1","0",,,"0","2024-10-02","15:15",
"3476","3,476","Capsule-CH","Sortie","1","0",,,"0","2024-10-02","15:16",
"3477","3,477","BGARD-300VDCBL","Sortie","24","0",,,"0","2024-10-02","15:16",
"3478","3,478","BGARD-175VDCNO","Sortie","60","0",,,"0","2024-10-02","15:16",
"3479","3,479","Capsule-BL","Sortie","1","0",,,"0","2024-10-02","15:17",
"3480","3,480","PlaqueMC-NP","Sortie","6","0",,,"0","2024-10-04","9:24",
"3481","3,481","5545903","Sortie","2","0",,,"0","2024-10-04","9:25",
"3482","3,482","Capsule-NO","Sortie","2","0",,,"0","2024-10-04","9:25",
"3483","3,483","Capsule-GM","Sortie","1","0",,,"0","2024-10-04","9:25",
"3484","3,484","VRW7210TMG","Sortie","2","0",,,"0","2024-10-04","11:23",
"3485","3,485","SSGCH40116S","Entrée","3","0",,,"0","2024-10-07","6:10",
"3486","3,486","SSGCH40116S","Mise à jour","4","0",,,"0","2024-10-07","6:11",
"3487","3,487","Cale","Sortie","1","0",,,"0","2024-10-07","6:21",
"3488","3,488","Cale","Entrée","0","0",,,"0","2024-10-07","9:27",
"3489","3,489","280-001","Sortie","450","0",,,"0","2024-10-07","10:35",
"3490","3,490","280-001","Entrée","0","0",,,"0","2024-10-07","14:50",
"3491","3,491","VZ.PENTF.NR","Sortie","1","0",,,"0","2024-10-08","5:18",
"3492","3,492","VZ.SERCLES.NR","Sortie","1","0",,,"0","2024-10-08","5:19",
"3493","3,493","SSPFEB180","Mise à jour","9","0",,,,"2024-10-09","5:6",
"3494","3,494","SSSPIGOTSGB","Mise à jour","5","0",,,"0","2024-10-09","5:7",
"3495","3,495","VZ.PENTF.NR","Sortie","1","0",,,"0","2024-10-09","5:10",
"3496","3,496","AQUALATCHNO","Sortie","1","0",,,"0","2024-10-09","5:10",
"3497","3,497","AQUALATCHNO","Sortie","1","0",,,"0","2024-10-09","11:51",
"3498","3,498","VZ.PENTF.NR","Sortie","1","0",,,"0","2024-10-09","11:52",
"3499","3,499","AQUALATCHNO","Sortie","4","0",,,"0","2024-10-09","11:58",
"3500","3,500","AQUALATCHNO","Entrée","0","0",,,"0","2024-10-09","12:1",
"3501","3,501","VZ.PENTF.NR","Sortie","3","0",,,"0","2024-10-09","12:2",
"3502","3,502","VZ.PENTF.NR","Sortie","1","0",,,"0","2024-10-09","13:6",
"3503","3,503","AQUALATCHNO","Sortie","1","0",,,"0","2024-10-09","13:6",
"3504","3,504","VZ.PENTF.NR","Mise à jour","1","0",,,"0","2024-10-09","13:7",
"3505","3,505","VZDD.TCGS3","Sortie","9","0",,,"0","2024-10-09","13:19",
"3506","3,506","VC1815.003","Sortie","1","0",,,"0","2024-10-15","5:26",
"3507","3,507","5545903","Sortie","2","0",,,"0","2024-10-15","5:26",
"3508","3,508","BGARD-300VDCBL","Sortie","24","0",,,"0","2024-10-15","5:27",
"3509","3,509","VS27.1415","Sortie","1","0",,,"0","2024-10-15","5:27",
"3510","3,510","999-A37708","Sortie","1","0",,,"0","2024-10-15","5:27",
"3511","3,511","BGARD-175VDCNO","Sortie","60","0",,,"0","2024-10-15","5:28",
"3512","3,512","VS27.1419","Sortie","1","0",,,"0","2024-10-15","5:28",
"3513","3,513","5640337","Sortie","1","0",,,"0","2024-10-15","5:28",
"3514","3,514","5640337","Entrée","0","0",,,"0","2024-10-15","7:21",
"3515","3,515","VC1815.003","Mise à jour","28","0",,,"0","2024-10-15","7:21",
"3516","3,516","280-001","Sortie","450","0",,,"0","2024-10-15","9:19",
"3517","3,517","280-001","Entrée","0","0",,,"0","2024-10-15","10:41",
"3518","3,518","CapTrack-VF-NO","Sortie","2","0",,,"0","2024-10-15","11:1",
"3519","3,519","01-004-BOUT-NO","Sortie","2","0",,,"0","2024-10-15","11:1",
"3520","3,520","VC1815.003","Entrée","9","0",,,"0","2024-10-16","4:56",
"3521","3,521","9741068","Sortie","1","0",,,"0","2024-10-16","4:57",
"3522","3,522","Capsule-BL","Sortie","1","0",,,"0","2024-10-16","5:20",
"3523","3,523","Cale","Sortie","1","0",,,"0","2024-10-16","5:20",
"3524","3,524","AQUALATCHNO","Sortie","1","0",,,"0","2024-10-16","5:25",
"3525","3,525","VS27.1419","Sortie","1","0",,,"0","2024-10-16","10:31",
"3526","3,526","280-001","Sortie","300","0",,,"0","2024-10-16","12:44",
"3527","3,527","VZ.PENTF.NR","Sortie","1","0",,,"0","2024-10-16","12:45",
"3528","3,528","VS27.1415","Sortie","1","0",,,"0","2024-10-16","12:45",
"3529","3,529","BGARD-175VDCNO","Sortie","60","0",,,"0","2024-10-16","12:45",
"3530","3,530","Capsule-GM","Sortie","1","0",,,"0","2024-10-16","12:45",
"3531","3,531","Cale","Sortie","2","0",,,"0","2024-10-16","12:46",
"3532","3,532","VRW7210TMG","Sortie","2","0",,,"0","2024-10-16","12:46",
"3533","3,533","3013006","Sortie","1","0",,,"0","2024-10-16","12:47",
"3534","3,534","3013006","Entrée","0","0",,,"0","2024-10-16","13:30",
"3535","3,535","5545903","Sortie","1","0",,,"0","2024-10-17","10:15",
"3536","3,536","80870-0001","Sortie","1","0",,,"0","2024-10-17","10:16",
"3537","3,537","VS19.0808CA","Sortie","1","0",,,"0","2024-10-17","10:16",
"3538","3,538","Ruban clair 48mm","Sortie","1","0",,,"0","2024-10-17","10:16",
"3539","3,539","VZPOSSD46SSBS-NO","Sortie","1","0",,,"0","2024-10-17","10:17",
"3540","3,540","VZ.PENTF.NR","Entrée","27","0",,,"0","2024-10-17","11:1",
"3541","3,541","VS27.1423 ","Entrée","3","0",,,"0","2024-10-17","11:1",
"3542","3,542","VS19.0808CA","Entrée","3","0",,,"0","2024-10-17","11:2",
"3543","3,543","AQUALATCHNO","Entrée","9","0",,,"0","2024-10-17","11:2",
"3544","3,544","BGARD-175VDCNO","Sortie","60","0",,,"0","2024-10-21","4:53",
"3545","3,545","2371GY-F-750","Sortie","1","0",,,"0","2024-10-21","4:53",
"3546","3,546","5545903","Sortie","2","0",,,"0","2024-10-21","4:53",
"3547","3,547","2371GY-F-750","Sortie","1","0",,,"0","2024-10-21","4:53",
"3548","3,548","2371GY-F-750","Entrée","11","0",,,"0","2024-10-21","4:54",
"3549","3,549","Capsule-NO","Sortie","1","0",,,"0","2024-10-21","4:54",
"3550","3,550","999-A37708","Sortie","1","0",,,"0","2024-10-21","5:26",
"3551","3,551","3040159","Entrée","0","0",,,"0","2024-10-21","8:8",
"3552","3,552","CGARD-175DCNO","Sortie","249","0",,,"0","2024-10-21","10:10",
"3553","3,553","VZ.PENTF.NR","Sortie","1","0",,,"0","2024-10-21","10:13",
"3554","3,554","AQUALATCHNO","Sortie","1","0",,,"0","2024-10-21","10:13",
"3555","3,555","AQUALATCHNO","Entrée","0","0",,,"0","2024-10-21","10:39",
"3556","3,556","VRJ61644","Entrée","40","0",,,"0","2024-10-21","10:40",
"3557","3,557","VS19.0808CA","Entrée","4","0",,,"0","2024-10-21","4:48",
"3558","3,558","BGARD-300VDCNO","Sortie","48","0",,,"0","2024-10-22","4:49",
"3559","3,559","BGARD-300VDCBL","Sortie","48","0",,,"0","2024-10-22","4:49",
"3560","3,560","5545903","Sortie","1","0",,,"0","2024-10-22","4:49",
"3561","3,561","VS27.1415","Sortie","1","0",,,"0","2024-10-22","4:50",
"3562","3,562","BBARRO-3/4-NO","Sortie","1","0",,,"0","2024-10-22","5:9",
"3563","3,563","BGARD-175VDCNP","Entrée","0","0",,,"0","2024-10-22","6:14",
"3564","3,564","280-001","Sortie","300","0",,,"0","2024-10-22","6:14",
"3565","3,565","VS27.1423 ","Sortie","1","0",,,"0","2024-10-22","13:45",
"3566","3,566","VS19.0808CA","Entrée","0","0",,,"0","2024-10-22","14:48",
"3567","3,567","301SS","Sortie","5","0",,,"0","2024-10-22","14:48",
"3568","3,568","VS27.1415","Sortie","1","0",,,"0","2024-10-22","15:3",
"3569","3,569","VS19.0808CA","Entrée","0","0",,,"0","2024-10-22","15:45",
"3570","3,570","Capsule-BR","Sortie","1","0",,,"0","2024-10-23","4:47",
"3571","3,571","VS19.0808CA","Sortie","1","0",,,"0","2024-10-23","4:47",
"3572","3,572","BGARD-175VDCNO","Sortie","120","0",,,"0","2024-10-23","4:48",
"3573","3,573","BGARD-300VDCBC","Sortie","48","0",,,"0","2024-10-23","4:48",
"3574","3,574","Capsule-BR","Mise à jour","1","0",,,"0","2024-10-23","4:49",
"3575","3,575","Capsule-BR","Entrée","0","0",,,"0","2024-10-23","7:59",
"3576","3,576","VC1815.003","Entrée","3","0",,,"0","2024-10-23","8:42",
"3577","3,577","VC1815.003","Entrée","0","0",,,"0","2024-10-23","8:47",
"3578","3,578","VZ.PENTF.NR","Sortie","1","0",,,"0","2024-10-23","10:35",
"3579","3,579","AQUALATCHNO","Sortie","1","0",,,"0","2024-10-23","10:35",
"3580","3,580","AQUALATCHNO","Entrée","0","0",,,"0","2024-10-23","12:54",
"3581","3,581","AQUALATCHNO","Entrée","0","0",,,"0","2024-10-23","14:14",
"3582","3,582","80870-0001","Sortie","1","0",,,"0","2024-10-23","14:14",
"3583","3,583","280-003","Sortie","450","0",,,"0","2024-10-23","14:15",
"3584","3,584","280-003","Entrée","0","0",,,"0","2024-10-23","15:45",
"3585","3,585","BBARRO-3/4-BL","Sortie","1","0",,,"0","2024-10-23","15:45",
"3586","3,586","BGARD-175VDCBL","Sortie","60","0",,,"0","2024-10-23","4:49",
"3587","3,587","BGARD-175VDCNO","Sortie","60","0",,,"0","2024-10-28","4:50",
"3588","3,588","5545903","Sortie","3","0",,,"0","2024-10-28","4:50",
"3589","3,589","CMCG-200-NO","Sortie","98","0",,,"0","2024-10-28","5:7",
"3590","3,590","280-001","Sortie","300","0",,,"0","2024-10-28","5:33",
"3591","3,591","280-001","Entrée","0","0",,,"0","2024-10-28","11:59",
"3592","3,592","280-001","Entrée","0","0",,,"0","2024-10-28","11:59",
"3593","3,593","280-001","Entrée","0","0",,,"0","2024-10-28","11:59",
"3594","3,594","280-001","Entrée","0","0",,,"0","2024-10-28","11:59",
"3595","3,595","280-001","Entrée","0","0",,,"0","2024-10-28","11:59",
"3596","3,596","280-001","Entrée","0","0",,,"0","2024-10-28","11:59",
"3597","3,597","CapMain-VF-NO","Sortie","10","0",,,"0","2024-10-28","11:59",
"3598","3,598","CapTrack-VF-NO","Sortie","10","0",,,"0","2024-10-28","11:59",
"3599","3,599","VZ.PENTF.NR","Sortie","1","0",,,"0","2024-10-28","5:1",
"3600","3,600","AQUALATCHNO","Sortie","1","0",,,"0","2024-10-29","5:1",
"3601","3,601","AQUALATCHNO","Entrée","0","0",,,"0","2024-10-29","5:16",
"3602","3,602","5640337","Entrée","8","0",,,"0","2024-10-29","5:20",
"3603","3,603","5545903","Mise à jour","57","0",,,"0","2024-10-29","5:21",
"3604","3,604","Capsule-NO","Sortie","1","0",,,"0","2024-10-29","6:19",
"3605","3,605","VZ.PENTF.NR","Sortie","1","0",,,"0","2024-10-29","6:24",
"3606","3,606","VZ.SERCLES.NR","Sortie","1","0",,,"0","2024-10-29","6:24",
"3607","3,607","5545903","Sortie","1","0",,,"0","2024-10-29","14:20",
"3608","3,608","5640337","Entrée","0","0",,,"0","2024-10-29","14:49",
"3609","3,609","CGARD-300DCGC","Sortie","120","0",,,"0","2024-10-29","15:14",
"3610","3,610","VC1815.003","Sortie","1","0",,,"0","2024-10-29","15:21",
"3611","3,611","VRW7210TMG","Sortie","1","0",,,"0","2024-10-29","15:21",
"3612","3,612","VZPOSSD46SSBS-NO","Sortie","1","0",,,"0","2024-10-29","15:22",
"3613","3,613","VZPOSSD4SSBS-GC","Sortie","3","0",,,"0","2024-10-29","15:22",
"3614","3,614","BGARD-175VDCNO","Sortie","60","0",,,"0","2024-10-29","15:23",
"3615","3,615","5545903","Sortie","2","0",,,"0","2024-10-29","15:23",
"3616","3,616","VS27.1415","Sortie","1","0",,,"0","2024-10-29","15:23",
"3617","3,617","5545903","Sortie","1","0",,,"0","2024-10-29","15:24",
"3618","3,618","VZ.PENTF.NR","Sortie","1","0",,,"0","2024-10-30","7:55",
"3619","3,619","VZ.SERCLES.NR","Sortie","1","0",,,"0","2024-10-30","7:55",
"3620","3,620","AttacheMurale-AR","Sortie","3","0",,,"0","2024-10-30","8:7",
"3620","3,620","ArretBarriere","Sortie","5","0",,,"0","2024-10-30","8:13",
"3621","3,621","AQUALATCHNO","Sortie","2","0",,,"0","2024-10-30","8:21",
"3622","3,622","VZ.PENTF.NR","Sortie","2","0",,,"0","2024-10-30","8:21",
"3623","3,623","PGondG","Entrée","0","0",,,"0","2024-10-30","8:52",
"3624","3,624","VZ.PENTF.NR","Sortie","1","0",,,"0","2024-10-30","11:27",
"3625","3,625","AQUALATCHNO","Sortie","1","0",,,"0","2024-10-30","11:27",
"3626","3,626","AQUALATCHNO","Mise à jour","2","0",,,"0","2024-10-30","11:28",
"3627","3,627","VS19.0808CA","Sortie","1","0",,,"0","2024-10-30","11:41",
"3628","3,628","VS19.0808CA","Entrée","0","0",,,"0","2024-10-30","13:31",
"3629","3,629","VZ.PENTF.NR","Mise à jour","29","0",,,,"2024-11-04","5:19",
"3630","3,630","VS19.0808CA","Entrée","3","0",,,"0","2024-11-04","5:26",
"3631","3,631","VS27.1423 ","Entrée","3","0",,,"0","2024-11-04","5:27",
"3632","3,632","VZDD.TCGS3","Entrée","20","0",,,"0","2024-11-04","5:27",
"3633","3,633","280-001","Sortie","300","0",,,"0","2024-11-04","8:42",
"3634","3,634","280-001","Entrée","0","0",,,"0","2024-11-04","10:35",
"3635","3,635","VZ.PENTF.NR","Sortie","1","0",,,"0","2024-11-04","12:0",
"3636","3,636","AQUALATCHNO","Sortie","1","0",,,"0","2024-11-04","12:0",
"3637","3,637","AQUALATCHNO","Entrée","0","0",,,"0","2024-11-04","13:11",
"3638","3,638","VS20.0809CAV+","Sortie","1","0",,,"0","2024-11-04","13:12",
"3639","3,639","280-001","Sortie","300","0",,,"0","2024-11-04","13:12",
"3640","3,640","Cale","Sortie","1","0",,,"0","2024-11-04","13:12",
"3641","3,641","VS27.1419","Sortie","1","0",,,"0","2024-11-04","13:13",
"3642","3,642","BBARRO-3/4-NO","Sortie","1","0",,,"0","2024-11-04","13:13",
"3643","3,643","BGARD-300VDCBL","Sortie","24","0",,,"0","2024-11-04","13:13",
"3644","3,644","5545903","Sortie","2","0",,,"0","2024-11-04","13:13",
"3645","3,645","VRW7210TMG","Sortie","1","0",,,"0","2024-11-04","13:14",
"3646","3,646","VRW7210TMG","Entrée","0","0",,,"0","2024-11-04","14:13",
"3647","3,647","BGARD-175VDCNO","Sortie","60","0",,,"0","2024-11-04","14:14",
"3648","3,648","BGARD-175VDCNO","Mise à jour","60","0",,,"0","2024-11-04","14:15",
"3649","3,649","VZDD.TCGS3","Mise à jour","45","0",,,"0","2024-11-04","14:16",
"3650","3,650","ArretBarriere","Entrée","0","0",,,"0","2024-11-04","14:49",
"3651","3,651","BGARD-175VDCNP","Sortie","16","0",,,"0","2024-11-04","14:50",
"3652","3,652","CGARD-175DCNP","Sortie","347","0",,,"0","2024-11-04","14:50",
"3653","3,653","VZ.PENTF.NR","Sortie","1","0",,,"0","2024-11-05","14:6",
"3654","3,654","AQUALATCHNO","Sortie","1","0",,,"0","2024-11-05","14:7",
"3655","3,655","AQUALATCHNO","Entrée","0","0",,,"0","2024-11-05","15:30",
"3656","3,656","AQUALATCHNO","Entrée","0","0",,,"0","2024-11-05","15:31",
"3657","3,657","AQUALATCHNO","Entrée","0","0",,,"0","2024-11-05","15:31",
"3658","3,658","Capsule-AR","Entrée","1","0",,,"0","2024-11-06","6:38",
"3659","3,659","Capsule-BR","Entrée","0","0",,,"0","2024-11-06","13:44",
"3660","3,660","CGARD-175DCNO","Entrée","347","0",,,"0","2024-11-08","11:24",
"3661","3,661","BGARD-175VDCNO","Entrée","235","0",,,"0","2024-11-08","11:24",
"3662","3,662","BGARD-175VDCNO","Sortie","60","0",,,"0","2024-11-08","11:27",
"3663","3,663","AttacheMurale-NP","Sortie","6","0",,,"0","2024-11-08","11:27",
"3664","3,664","2371GY-F-750","Sortie","1","0",,,"0","2024-11-08","11:27",
"3665","3,665","280-001","Sortie","300","0",,,"0","2024-11-08","11:28",
"3666","3,666","OUT-0037","Sortie","4","0",,,"0","2024-11-08","11:28",
"3667","3,667","VS27.1411","Sortie","1","0",,,"0","2024-11-08","11:28",
"3668","3,668","VS27.1419","Mise à jour","21","0",,,"0","2024-11-08","11:29",
"3669","3,669","CGARD-175DCNO","Sortie","200","0",,,"0","2024-11-11","10:19",
"3670","3,670","AQUALATCHNO","Mise à jour","10","0",,,"0","2024-11-12","8:31",
"3671","3,671","BGARD-300VDCBL","Sortie","24","0",,,"0","2024-11-18","13:37",
"3672","3,672","BGARD-175VDCBL","Sortie","60","0",,,"0","2024-11-18","13:37",
"3673","3,673","80870-0001","Sortie","1","0",,,"0","2024-11-18","13:37",
"3674","3,674","CGARD-175DCBL","Sortie","200","0",,,"0","2024-11-18","13:38",
"3675","3,675","VS19.0808CA","Sortie","1","0",,,"0","2024-11-18","13:38",
"3676","3,676","01-004-BOUT-NO","Sortie","6","0",,,"0","2024-11-18","13:39",
"3677","3,677","AttacheMurale-CH","Sortie","4","0",,,"0","2024-11-18","13:39",
"3678","3,678","VZ.PENTF.NR","Sortie","1","0",,,"0","2024-11-18","13:42",
"3679","3,679","VZ.SERCLES.NR","Sortie","1","0",,,"0","2024-11-18","13:43",
"3680","3,680","5545903","Sortie","5","0",,,"0","2024-11-18","13:45",
"3681","3,681","5545903","Mise à jour","48","0",,,"0","2024-11-18","13:45",
"3682","3,682","BBARRO-3/4-NO","Sortie","1","0",,,"0","2024-11-18","13:46",
"3683","3,683","VZ.PENTF.NR","Mise à jour","32","0",,,"0","2024-11-20","10:7",
"3684","3,684","AQUALATCHNO","Entrée","10","0",,,"0","2024-11-25","10:1",
"3685","3,685","80870-0001","Sortie","1","0",,,"0","2024-11-25","15:6",
"3686","3,686","AttacheMurale-NO","Sortie","5","0",,,"0","2024-11-25","15:6",
"3687","3,687","280-001","Sortie","450","0",,,"0","2024-11-25","15:7",
"3688","3,688","VS27.1419","Sortie","1","0",,,"0","2024-11-25","15:7",
"3689","3,689","BGARD-175VDCNO","Sortie","120","0",,,"0","2024-11-25","15:7",
"3690","3,690","BGARD-300VDCBL","Sortie","24","0",,,"0","2024-11-25","15:8",
"3691","3,691","Capsule-BL","Sortie","2","0",,,"0","2024-11-25","15:8",
"3692","3,692","VZ.PENTF.NR","Sortie","1","0",,,"0","2024-11-25","15:8",
"3693","3,693","5545903","Sortie","1","0",,,"0","2024-11-25","15:9",
"3694","3,694","VRW7210TMG","Sortie","1","0",,,"0","2024-11-25","15:10",
"3695","3,695","VS26.1827","Sortie","1","0",,,"0","2024-11-25","15:11",
"3696","3,696","CGARD-300DCBL","Sortie","120","0",,,"0","2024-11-25","15:11",
"3697","3,697","CGARD-300DCNO","Sortie","120","0",,,"0","2024-11-25","15:11",
"3698","3,698","VRJ61644","Sortie","10","0",,,"0","2024-11-29","8:6",
"3699","3,699","BGARD-175VDCNO","Sortie","60","0",,,"0","2024-11-29","8:6",
"3700","3,700","VZ.PENTF.NR","Sortie","3","0",,,"0","2024-11-29","8:6",
"3701","3,701","VZ.SERCLES.NR","Sortie","1","0",,,"0","2024-11-29","8:7",
"3702","3,702","VZDD.TCGS3","Sortie","1","0",,,"0","2024-11-29","8:7",
"3703","3,703","AQUALATCHNO","Sortie","2","0",,,"0","2024-11-29","8:7",
"3704","3,704","VS27.1419","Sortie","1","0",,,"0","2024-11-29","8:8",
"3705","3,705","CGARD-175DCNO","Sortie","147","0",,,"0","2024-11-29","8:8",
"3706","3,706","BGARD-175VDCNO","Mise à jour","120","0",,,"0","2024-11-29","8:12",
"3707","3,707","BGARD-175VDCAR","Mise à jour","0","0",,,"0","2024-11-29","8:12",
"3708","3,708","BGARD-175VDCBC","Mise à jour","300","0",,,"0","2024-11-29","8:13",
"3709","3,709","BGARD-175VDCBL","Mise à jour","1,140","0",,,"0","2024-11-29","8:14",
"3710","3,710","BGARD-175VDCGM","Mise à jour","180","0",,,"0","2024-11-29","8:16",
"3711","3,711","BGARD-300VDCGM","Mise à jour","207","0",,,"0","2024-11-29","8:22",
"3712","3,712","BGARD-300VDCNO","Mise à jour","1,300","0",,,"0","2024-11-29","8:22",
"3713","3,713","CGARD-175DCAR","Mise à jour","0","0",,,"0","2024-11-29","8:25",
"3714","3,714","CGARD-300DCBL","Mise à jour","120","0",,,"0","2024-11-29","8:26",
"3715","3,715","CGARD-300DCGM","Mise à jour","31","0",,,,"2024-11-29","8:27",
"3716","3,716","CGARD-300DCNO","Mise à jour","1,182","0",,,"0","2024-11-29","8:28",
"3717","3,717","BGARD-300VDCNO","Sortie","24","0",,,"0","2024-12-03","15:33",
"3718","3,718","2371GY-F-750","Sortie","1","0",,,"0","2024-12-03","15:33",
"3719","3,719","5545903","Sortie","3","0",,,"0","2024-12-03","15:34",
"3720","3,720","BGARD-175VDCNO","Sortie","60","0",,,"0","2024-12-03","15:34",
"3721","3,721","80870-0001","Sortie","2","0",,,"0","2024-12-03","15:35",
"3722","3,722","VS27.1415","Sortie","1","0",,,"0","2024-12-03","15:35",
"3723","3,723","BGARD-175VDCBL","Sortie","60","0",,,"0","2024-12-03","15:36",
"3724","3,724","VZ.SERCLES.NR","Sortie","1","0",,,"0","2024-12-03","15:36",
"3725","3,725","AttacheMurale-NO","Sortie","10","0",,,"0","2024-12-03","15:37",
"3726","3,726","BGARD-175VDCNO","Sortie","60","0",,,"0","2024-12-05","9:50",
"3727","3,727","Ruban clair 48mm","Sortie","1","0",,,"0","2024-12-05","9:50",
"3728","3,728","BGARD-300VDCNO","Sortie","24","0",,,"0","2024-12-05","9:52",
"3729","3,729","VZ.SERCLES.NR","Sortie","1","0",,,"0","2024-12-05","9:52",
"3730","3,730","BGARD-175VDCNO","Entrée","7,620","0",,,"0","2024-12-05","12:57",
"3731","3,731","BGARD-175VDCNP","Entrée","2,015","0",,,"0","2024-12-05","12:58",
"3732","3,732","CGARD-175DCNP","Entrée","2,500","0",,,"0","2024-12-05","12:58",
"3733","3,733","CGARD-175DCNO","Entrée","2,400","0",,,"0","2024-12-05","12:59",
"3734","3,734","BGARD-175VDCNO","Sortie","60","0",,,"0","2024-12-05","12:59",
"3735","3,735","VS27.1419","Sortie","1","0",,,"0","2024-12-09","14:2",
"3736","3,736","5545903","Sortie","2","0",,,"0","2024-12-09","14:2",
"3737","3,737","280-001","Sortie","300","0",,,"0","2024-12-09","14:3",
"3738","3,738","AttacheMurale-BL","Mise à jour","30","0",,,"0","2024-12-09","14:29",
"3739","3,739","01-004-BOUT-BL","Entrée","58","0",,,"0","2024-12-10","9:58",
"3740","3,740","VS17.0809CA","Sortie","1","0",,,"0","2024-12-12","10:49",
"3741","3,741","80870-0001","Sortie","1","0",,,"0","2024-12-12","10:49",
"3742","3,742","VC1815.003","Sortie","1","0",,,"0","2024-12-12","10:53",
"3743","3,743","VS27.1415","Sortie","1","0",,,"0","2024-12-12","10:53",
"3744","3,744","280-001","Sortie","3,004","0",,,"0","2024-12-12","10:55",
"3745","3,745","5545903","Sortie","1","0",,,"0","2024-12-12","10:57",
"3740","3,740","VS27.1409","Mise à jour","18","0",,,,"2024-12-10","11:12",
"3746","3,746","Capsule-NO","Mise à jour","39","0",,,"0","2024-12-12","11:13",
"3747","3,747","VS27.1411","Sortie","1","0",,,"0","2024-12-16","13:19",
"3748","3,748","3013006","Sortie","1","0",,,"0","2024-12-16","13:21",
"3749","3,749","280-001","Sortie","450","0",,,"0","2024-12-18","13:10",
"3750","3,750","AQUALATCHNO","Sortie","1","0",,,"0","2024-12-18","13:11",
"3751","3,751","Capsule-NO","Sortie","2","0",,,"0","2024-12-18","13:11",
"3752","3,752","VS27.1415","Sortie","1","0",,,"0","2024-12-18","13:11",
"3753","3,753","BGARD-175VDCNO","Sortie","60","0",,,"0","2024-12-18","13:12",
"3754","3,754","280-002","Entrée","1,704","0",,,"0","2024-12-18","15:1",
"3755","3,755","AttacheMurale-BL","Entrée","70","0",,,"0","2024-12-19","10:13",
"3756","3,756","PlaqueMC-CH","Sortie","10","0",,,"0","2025-01-20","9:0",
"3757","3,757","2371GY-F-750","Sortie","1","0",,,"0","2025-01-20","14:29",
"3758","3,758","CGARD-175DCNO","Sortie","200","0",,,"0","2025-01-20","14:29",
"3759","3,759","BGARD-175VDCNO","Sortie","60","0",,,"0","2025-01-20","14:32",
"3760","3,760","CMCG-200-BR","Sortie","20","0",,,"0","2025-01-20","14:33",
"3761","3,761","BGARD-175VDCBC","Sortie","60","0",,,"0","2025-01-20","14:33",
"3762","3,762","VS19.0808CA","Sortie","1","0",,,"0","2025-01-20","14:36",
"3763","3,763","5545903","Sortie","2","0",,,"0","2025-01-20","14:39",
"3757","3,757","Capsule-BR","Mise à jour","0","0",,,"0","2025-01-20","14:56",
"3764","3,764","AttacheMurale-BR","Sortie","3","0",,,"0","2025-01-20","8:35",
"3765","3,765","AttacheMurale-NO","Mise à jour","220","0",,,"0","2025-01-22","8:37",
"3766","3,766","AttacheMurale-NP","Mise à jour","30","1",,"2025-01-22","0","2025-01-22","8:40",
"3767","3,767","01-004-BOUT-NP","Sortie-Peinture","50","1","01-004-BOUT-BR","2025-01-22","0","2025-01-22","14:25","14305"
"3768","3,768","01-004-BOUT-BR","Mise à jour","30","0",,,,"2025-01-22","14:39",
"3769","3,769","CMCG-200-NP","Sortie-Peinture","50","1","CMCG-200-BR","2025-02-20","0","2025-01-22","14:41","14305"
"3770","3,770","PlaqueMC-NP","Sortie-Peinture","20","1","PlaqueMC-BR","2025-02-20","0","2025-01-22","14:42","14305"
"3771","3,771","BGARD-175VDCNP","Sortie-Peinture","180","1","BGARD-175VDCBC","2025-02-20","0","2025-01-22","14:42","14305"
"3772","3,772","CGARD-175DCNP","Sortie-Peinture","396","1","CGARD-175DCBC","2025-02-20","0","2025-01-22","14:42","14305"
"3773","3,773","BGARD-300VDCNP","Sortie-Peinture","48","1","BGARD-300VDCBC","2025-02-20","0","2025-01-22","14:43","14305"
"3774","3,774","CGARD-300DCNP","Sortie-Peinture","240","1","CGARD-300DCBC","2025-02-20","0","2025-01-22","14:43","14305"
"3775","3,775","AttacheMurale-NO","Sortie","100","0",,,"0","2025-01-22","14:44",
"3776","3,776","AttacheMurale-BL","Sortie","35","0",,,"0","2025-01-22","14:44",
"3777","3,777","AttacheMurale-NP","Entrée","135","0",,,"0","2025-01-22","14:45",
"3778","3,778","AttacheMurale-NP","Sortie-Peinture","150","1","AttacheMurale-BR","2025-02-20","0","2025-01-22","14:45","14305"
"3779","3,779","280-003","Mise à jour","450","0",,,"0","2025-01-24","11:40",
"3780","3,780","280-002","Mise à jour","1,900","0",,,"0","2025-01-24","11:40",
"3781","3,781","280-001","Mise à jour","3,750","0",,,"0","2025-01-24","11:40",
"3782","3,782","280-001","Mise à jour","4,650","0",,,"0","2025-01-24","11:45",
"3783","3,783","280-002","Mise à jour","1,354","0",,,"0","2025-01-24","11:46",
"3784","3,784","ÉquerreM-NP","Mise à jour","23","0",,,"0","2025-02-06","9:52",
"3785","3,785","VS27.1419","Sortie","1","0",,,"0","2025-02-10","15:40",
"3786","3,786","01-004-BOUT-BL","Sortie","2","0",,,"0","2025-02-10","15:42",
"3787","3,787","AttacheMurale-BL","Sortie","2","0",,,"0","2025-02-10","15:42",
"3788","3,788","Cale","Sortie","1","0",,,"0","2025-02-10","15:44",
"3789","3,789","BGARD-175VDCNO","Sortie","120","0",,,"0","2025-02-10","15:45",
"3790","3,790","5545903","Sortie","3","0",,,"0","2025-02-10","15:53",
"3791","3,791","999-A37708","Sortie","2","0",,,"0","2025-02-10","15:53",
"3792","3,792","2371GY-F-750","Sortie","1","0",,,"0","2025-02-10","15:55",
"3793","3,793","VS19.0808CA","Sortie","1","0",,,"0","2025-02-10","15:56",
"3794","3,794","VRW7210TMG","Sortie","1","0",,,"0","2025-02-11","7:31",
"3795","3,795","VRW7210TMG","Sortie","1","0",,,"0","2025-02-11","7:32",
"3796","3,796","CapTrack-VF-NO","Sortie","10","0",,,"0","2025-02-11","7:34",
"3797","3,797","280-001","Sortie","750","0",,,"0","2025-02-11","7:37",
"3798","3,798","280-001","Sortie","300","0",,,"0","2025-02-12","15:21",
"3799","3,799","VS27.1415","Sortie","1","0",,,"0","2025-02-12","15:21",
"3800","3,800","5545903","Sortie","2","0",,,"0","2025-02-12","15:23",
"3801","3,801","999-A37708","Sortie","1","0",,,"0","2025-02-20","7:48",
"3802","3,802","2371GY-F-750","Sortie","1","0",,,"0","2025-02-20","7:48",
"3803","3,803","280-003","Sortie","450","0",,,"0","2025-02-20","7:49",
"3804","3,804","VZPOSSD4SSBS-GC","Sortie","10","0",,,"0","2025-02-20","8:1",
"3805","3,805","SSB48SM","Mise à jour","0","0",,,"0","2025-02-20","8:19",
"3806","3,806","VZPOSSD46SSBS","Sortie","2","0",,,"0","2025-02-20","8:19",
"3807","3,807","Capsule-NO","Entrée","38","0",,,"0","2025-02-24","9:3",
"3808","3,808","Capsule-BL","Entrée","30","0",,,"0","2025-02-24","9:3",
"3809","3,809","VZPOSSD46SSBS-NO","Sortie","1","0",,,"0","2025-02-24","14:7",
"3810","3,810","VZPOSSD46SSBS-BL","Sortie","1","0",,,"0","2025-02-24","14:7",
"3811","3,811","280-001","Sortie","300","0",,,"0","2025-02-24","14:8",
"3812","3,812","BGARD-175VDCNO","Sortie","120","0",,,"0","2025-02-24","14:8",
"3813","3,813","BGARD-175VDCNO","Sortie","60","0",,,"0","2025-02-24","14:9",
"3814","3,814","VS27.1415","Sortie","1","0",,,"0","2025-02-24","14:9",
"3815","3,815","Capsule-NO","Sortie","1","0",,,"0","2025-02-24","14:9",
"3816","3,816","VS27.1423 ","Sortie","1","0",,,"0","2025-02-24","14:10",
"3817","3,817","5545903","Sortie","2","0",,,"0","2025-02-24","14:10",
"3818","3,818","VZPOSSD46SSBS-BL","Sortie","1","0",,,"0","2025-02-24","8:51",
"3819","3,819","280-001","Sortie","300","0",,,"0","2025-02-26","8:51",
"3820","3,820","5545903","Sortie","1","0",,,"0","2025-02-26","8:52",
"3821","3,821","BGARD-175VDCBL","Sortie","60","0",,,"0","2025-02-26","8:52",
"3822","3,822","5545903","Sortie","2","0",,,"0","2025-02-26","9:0",
"3823","3,823","2371GY-F-750","Sortie","1","0",,,"0","2025-02-26","9:1",
"3824","3,824","2371GY-F-750","Sortie","1","0",,,"0","2025-02-26","9:1",
"3825","3,825","80870-0001","Sortie","1","0",,,"0","2025-02-26","9:2",
"3826","3,826","HDPE NATUREL","Mise à jour","63","0",,,,"2025-02-26","9:6",
"3827","3,827","SSB48SM","Entrée","20,000","0",,,"0","2025-02-26","9:43",
"3828","3,828","2371GY-F-750","Sortie","1","0",,,"0","2025-03-04","11:46",
"3829","3,829","VS27.1415","Sortie","2","0",,,"0","2025-03-04","11:47",
"3830","3,830","VS27.1419","Sortie","1","0",,,"0","2025-03-04","11:49",
"3831","3,831","BGARD-175VDCNO","Sortie","180","0",,,"0","2025-03-04","11:50",
"3832","3,832","BGARD-175VDCBL","Sortie","60","0",,,"0","2025-03-04","11:50",
"3833","3,833","5545903","Sortie","3","0",,,"0","2025-03-04","11:51",
"3834","3,834","VRW7210TMG","Sortie","1","0",,,"0","2025-03-04","11:52",
"3835","3,835","5640337","Mise à jour","11","0",,,"0","2025-03-06","10:22",
"3836","3,836","9741068","Mise à jour","1","0",,,"0","2025-03-06","10:22",
"3837","3,837","Ruban clair 48mm","Mise à jour","34","0",,,"0","2025-03-06","10:22",
"3838","3,838","5545903","Mise à jour","22","0",,,"0","2025-03-06","10:22",
"3839","3,839","999-A11040","Mise à jour","5","0",,,"0","2025-03-06","10:23",
"3840","3,840","3013006","Mise à jour","2","0",,,"0","2025-03-06","10:23",
"3841","3,841","3040159","Mise à jour","1","0",,,"0","2025-03-06","10:25",
"3842","3,842","999-A37708","Mise à jour","5","0",,,"0","2025-03-06","10:25",
"3843","3,843","VS19.0808CA","Sortie","1","0",,,"0","2025-03-06","13:40",
"3844","3,844","BBARRO-3/4-NO","Sortie","1","0",,,"0","2025-03-06","13:41",
"3845","3,845","CMCG-200-NO","Sortie","64","0",,,"0","2025-03-06","13:42",
"3846","3,846","5545903","Sortie","1","0",,,"0","2025-03-06","13:43",
"3847","3,847","280-001","Sortie","300","0",,,"0","2025-03-06","13:44",
"3848","3,848","CGARD-300DCNO","Sortie","120","0",,,"0","2025-03-11","11:59",
"3849","3,849","Capsule-BL","Sortie","2","0",,,"0","2025-03-11","12:33",
"3850","3,850","Cale","Sortie","1","0",,,"0","2025-03-11","12:33",
"3851","3,851","VRW7210TMG","Sortie","1","0",,,"0","2025-03-11","12:34",
"3852","3,852","Capsule-BL","Sortie","1","0",,,"0","2025-03-11","12:35",
"3853","3,853","2371GY-F-750","Sortie","1","0",,,"0","2025-03-11","12:35",
"3854","3,854","BGARD-175VDCNO","Sortie","60","0",,,"0","2025-03-11","12:36",
"3855","3,855","BGARD-300VDCNO","Sortie","48","0",,,"0","2025-03-11","12:36",
"3856","3,856","BBARRO-3/4-NO","Sortie","1","0",,,"0","2025-03-11","12:37",
"3857","3,857","VRW7210TMG","Sortie","1","0",,,"0","2025-03-11","12:37",
"3858","3,858","Capsule-BL","Sortie","1","0",,,"0","2025-03-11","12:38",
"3859","3,859","VS19.0808CA","Sortie","1","0",,,"0","2025-03-11","12:38",
"3860","3,860","BGARD-300VDCAR","Sortie","44","0",,,"0","2025-03-11","12:40",
"3861","3,861","BGARD-300VDCBL","Sortie","48","0",,,"0","2025-03-11","12:40",
"3862","3,862","280-001","Sortie","300","0",,,"0","2025-03-11","12:41",
"3863","3,863","999-A37708","Sortie","1","0",,,"0","2025-03-11","12:41",
"3864","3,864","VRJ61644","Entrée","110","0",,,"0","2025-03-11","12:49",
"3865","3,865","BGARD-175VDCNP","Sortie","0","0",,,"0","2025-03-12","11:41",
"3866","3,866","280-001","Sortie","300","0",,,"0","2025-03-12","11:13",
"3867","3,867","VS27.1411","Sortie","1","0",,,"0","2025-03-13","11:13",
"3868","3,868","VS27.1415","Sortie","1","0",,,"0","2025-03-13","11:14",
"3869","3,869","BGARD-175VDCBL","Sortie","60","0",,,"0","2025-03-13","11:14",
"3870","3,870","CGARD-300DCGM","Sortie","10","0",,,"0","2025-03-13","11:19",
"3871","3,871","VS27.1419","Sortie","1","0",,,"0","2025-03-20","8:47",
"3872","3,872","VS27.1419","Sortie","1","0",,,"0","2025-03-20","8:48",
"3873","3,873","VRW7210TMG","Sortie","2","0",,,"0","2025-03-20","8:48",
"3874","3,874","2371GY-F-750","Sortie","1","0",,,"0","2025-03-20","8:49",
"3875","3,875","280-001","Sortie","300","0",,,"0","2025-03-20","8:49",
"3876","3,876","BGARD-175VDCNO","Sortie","120","0",,,"0","2025-03-20","8:50",
"3877","3,877","BGARD-300VDCBL","Sortie","48","0",,,"0","2025-03-20","8:50",
"3878","3,878","BGARD-175VDCNP","Sortie","48","0",,,"0","2025-03-20","8:51",
"3879","3,879","Capsule-NO","Sortie","1","0",,,"0","2025-03-20","8:52",
"3880","3,880","CGARD-175DCNO","Sortie","200","0",,,"0","2025-03-20","8:52",
"3881","3,881","BGARD-175VDCNP","Entrée","48","0",,,"0","2025-03-20","8:54",
"3882","3,882","BGARD-300VDCBL","Sortie","48","0",,,"0","2025-03-20","8:55",
"3883","3,883","5545903","Sortie","5","0",,,"0","2025-03-20","8:55",
"3884","3,884","SSSPIGOTSGB","Sortie","5","0",,,"0","2025-03-26","10:11",
"3885","3,885","SSSPIGOTSMS-V2","Sortie","2","0",,,"0","2025-03-26","10:19",
"3886","3,886","2371GY-F-750","Mise à jour","15","0",,,"0","2025-03-26","10:55",
"3887","3,887","280-002","Mise à jour","1,700","0",,,"0","2025-03-26","10:55",
"3888","3,888","Cale","Sortie","1","0",,,"0","2025-03-26","11:0",
"3889","3,889","Capsule-BR","Mise à jour","10","0",,,"0","2025-03-26","11:0",
"3890","3,890","Capsule-CH","Mise à jour","14","0",,,"0","2025-03-26","11:1",
"3891","3,891","Capsule-AR","Mise à jour","15","0",,,"0","2025-03-26","11:1",
"3892","3,892","Capsule-GM","Sortie","1","0",,,"0","2025-03-26","11:2",
"3893","3,893","HDPE NATUREL","Sortie","1","0",,,"0","2025-03-26","11:2",
"3894","3,894","BGARD-175VDCNP","Mise à jour","1,415","0",,,"0","2025-03-26","11:15",
"3895","3,895","VZ.PENTF.NR","Mise à jour","246","0",,,,"2025-03-26","12:5",
"3896","3,896","VZ.SERCLES.NR","Mise à jour","108","0",,,"0","2025-03-26","12:5",
"3897","3,897","AQUALATCHNO","Mise à jour","160","0",,,"0","2025-03-26","12:5",
"3898","3,898","ArretBarriere","Mise à jour","25","0",,,,"2025-03-26","12:7",
"3899","3,899","301SS","Mise à jour","72","0",,,"0","2025-03-26","12:8",
"3900","3,900","OUT-0037","Mise à jour","16","0",,,"0","2025-03-26","12:9",
"3901","3,901","5545903","Sortie","6","0",,,"0","2025-03-26","12:58",
"3902","3,902","5545903","Sortie","1","0",,,"0","2025-03-26","12:59",
"3903","3,903","VS27.1415","Sortie","1","0",,,"0","2025-03-26","13:0",
"3904","3,904","VS19.0808CA","Sortie","1","0",,,"0","2025-03-26","13:1",
"3905","3,905","BGARD-175VDCNO","Sortie","60","0",,,"0","2025-03-26","13:1",
"3906","3,906","BBARRO-3/4-NO","Sortie","2","0",,,"0","2025-03-26","13:3",
"3907","3,907","VRW7210TMG","Sortie","1","0",,,"0","2025-03-26","13:4",
"3908","3,908","3013006","Mise à jour","5","0",,,,"2025-03-26","13:42",
"3909","3,909","5640337","Mise à jour","10","0",,,"0","2025-03-26","13:44",
"3910","3,910","5545903","Mise à jour","49","0",,,"0","2025-03-26","13:44",
"3911","3,911","9741068","Mise à jour","4","0",,,,"2025-03-26","13:44",
"3912","3,912","SSPFEB180GB","Mise à jour","2","0",,,,"2025-03-26","13:47",
"3913","3,913","SSPFEBWALLGB","Mise à jour","2","0",,,,"2025-03-26","13:55",
"3914","3,914","SSPFEB180","Mise à jour","6","0",,,,"2025-03-26","13:56",
"3915","3,915","SSPFEB90","Mise à jour","2","0",,,,"2025-03-26","13:56",
"3916","3,916","VS26.1831","Mise à jour","5","0",,,,"2025-03-26","14:1",
"3917","3,917","VS26.1827","Mise à jour","3","0",,,"0","2025-03-26","14:1",
"3918","3,918","VS27.1413","Mise à jour","4","0",,,,"2025-03-26","14:2",
"3919","3,919","VS27.1411","Mise à jour","22","0",,,"0","2025-03-26","14:2",
"3920","3,920","VC1815.003","Mise à jour","25","0",,,"0","2025-03-26","14:3",
"3921","3,921","VC1815.003","Mise à jour","23","0",,,"0","2025-03-26","14:6",
"3922","3,922","VRW7210TMG","Mise à jour","36","0",,,"0","2025-03-26","14:7",
"3923","3,923","VS27.1415","Mise à jour","71","0",,,"0","2025-03-26","14:7",
"3924","3,924","VS27.1419","Mise à jour","43","0",,,"0","2025-03-26","14:7",
"3925","3,925","VS19.0808CA","Mise à jour","11","0",,,"0","2025-03-26","14:7",
"3926","3,926","VS17.0809CA","Mise à jour","6","0",,,"0","2025-03-26","14:8",
"3927","3,927","VS15.1607","Mise à jour","1","0",,,"0","2025-03-26","14:8",
"3928","3,928","VS20.0809CAV+","Mise à jour","3","0",,,,"2025-03-26","14:9",
"3929","3,929","VS20.1015CA.V+","Mise à jour","3","0",,,"0","2025-03-26","14:9",
"3930","3,930","SSGC411XX16S","Mise à jour","19","0",,,,"2025-03-26","14:10",
"3931","3,931","SSGC431XX16S","Mise à jour","18","0",,,,"2025-03-26","14:10",
"3932","3,932","SSGC411XX16B","Mise à jour","15","0",,,"0","2025-03-26","14:10",
"3933","3,933","SSSPIGOTSMS-V2","Mise à jour","2","0",,,"0","2025-03-26","14:11",
"3934","3,934","SSGCH40116S","Mise à jour","14","0",,,,"2025-03-26","14:11",
"3935","3,935","VS19.0808CA","Mise à jour","32","0",,,"0","2025-03-26","14:17",
"3936","3,936","VRW7210TMG","Mise à jour","72","0",,,"0","2025-03-26","14:19",
"3937","3,937","VS27.1423 ","Mise à jour","7","0",,,"0","2025-03-26","14:21",
"3938","3,938","CMCG-200-NP","Sortie","20","0",,,"0","2025-03-27","11:11",
"3939","3,939","CMCG-200-NP","Sortie","14","0",,,"0","2025-03-27","11:21",
"3940","3,940","CGARD-300DCNP","Mise à jour","280","0",,,,"2025-03-27","9:27",
"3941","3,941","BGARD-175VDCNP","Sortie","300","0",,,"0","2025-03-28","9:30",
"3942","3,942","5545903","Sortie","2","0",,,"0","2025-03-28","14:42",
"3943","3,943","VRW7210TMG","Sortie","1","0",,,"0","2025-03-31","14:42",
"3944","3,944","Cale","Sortie","2","0",,,"0","2025-03-31","14:43",
"3945","3,945","CGARD-175DCNO","Sortie","200","0",,,"0","2025-03-31","14:43",
"3946","3,946","280-001","Sortie","300","0",,,"0","2025-03-31","14:47",
"3947","3,947","VS19.0808CA","Sortie","1","0",,,"0","2025-03-31","14:48",
"3948","3,948","BGARD-300VDCNO","Sortie","28","0",,,"0","2025-03-31","14:49",
"3949","3,949","01-004-BOUT-BL","Sortie","6","0",,,"0","2025-03-31","14:49",
"3950","3,950","AttacheMurale-BL","Sortie","5","0",,,"0","2025-03-31","14:50",
"3951","3,951","VS27.1419","Sortie","1","0",,,"0","2025-03-31","14:50",
"3952","3,952","VS27.1411","Sortie","1","0",,,"0","2025-03-31","14:51",
"3953","3,953","MALU42","Mise à jour","27","0",,,"0","2025-03-31","16:3",
"3954","3,954","MALU48","Mise à jour","18","0",,,"0","2025-03-31","16:4",
"3955","3,955","VZPOSSD46SSBS-NO","Sortie","1","0",,,"0","2025-04-01","11:56",
"3956","3,956","VS27.1411","Sortie","1","0",,,"0","2025-04-01","13:5",
"3957","3,957","VS27.1411","Entrée","1","0",,,"0","2025-04-03","13:8",
"3958","3,958","VS27.1415","Sortie","1","0",,,"0","2025-04-03","13:8",
"3959","3,959","BGARD-300VDCNO","Sortie","44","0",,,"0","2025-04-03","13:9",
"3960","3,960","BGARD-175VDCNO","Sortie","60","0",,,"0","2025-04-03","13:9",
"3961","3,961","BGARD-300VDCBL","Sortie","24","0",,,"0","2025-04-03","13:10",
"3962","3,962","BGARD-175VDCBL","Sortie","60","0",,,"0","2025-04-03","13:10",
"3963","3,963","BGARD-300VDCGM","Sortie","20","0",,,"0","2025-04-04","10:17",
"3964","3,964","Capsule-BL","Sortie","1","0",,,"0","2025-04-04","10:17",
"3965","3,965","Capsule-GM","Sortie","1","0",,,"0","2025-04-04","10:17",
"3966","3,966","VS27.1415","Sortie","1","0",,,"0","2025-04-04","10:17",
"3967","3,967","CGARD-300DCGM","Sortie","3","0",,,"0","2025-04-04","10:18",
"3968","3,968","CGARD-175DCGC","Sortie","146","0",,,"0","2025-04-04","10:18",
"3969","3,969","280-001","Sortie","300","0",,,"0","2025-04-04","10:19",
"3970","3,970","CMCG-200-NO","Sortie","20","0",,,"0","2025-04-04","10:19",
"3971","3,971","BGARD-175VDCBL","Sortie","60","0",,,"0","2025-04-04","10:20",
"3972","3,972","VZPOSSD46SSBS-BL","Sortie","1","0",,,"0","2025-04-04","10:20",
"3973","3,973","280-001","Mise à jour","13,624","0",,,"0","2025-04-14","11:36",
"3974","3,974","280-002","Mise à jour","4,504","0",,,"0","2025-04-14","11:37",
"3975","3,975","280-003","Mise à jour","8,000","0",,,"0","2025-04-14","11:37",
"3976","3,976","280-001","Sortie","3,000","0",,,"0","2025-04-14","11:38",
"3977","3,977","280-001","Sortie","300","0",,,"0","2025-04-14","12:49",
"3978","3,978","BGARD-175VDCGM","Entrée","300","0",,,"0","2025-04-14","13:49",
"3979","3,979","CGARD-300DCGM","Entrée","240","0",,,"0","2025-04-14","13:49",
"3980","3,980","CMCG-200-GM","Entrée","20","0",,,"0","2025-04-14","13:50",
"3981","3,981","VS19.0808CA","Sortie","1","0",,,"0","2025-04-15","10:15",
"3982","3,982","Capsule-BL","Sortie","1","0",,,"0","2025-04-15","10:15",
"3983","3,983","Capsule-NO","Sortie","2","0",,,"0","2025-04-15","10:16",
"3984","3,984","5545903","Sortie","5","0",,,"0","2025-04-15","10:16",
"3985","3,985","Cale","Sortie","1","0",,,"0","2025-04-15","10:16",
"3986","3,986","2371GY-F-750","Sortie","1","0",,,"0","2025-04-15","10:17",
"3987","3,987","999-A37708","Sortie","1","0",,,"0","2025-04-15","10:17",
"3988","3,988","BBARRO-3/4-NO","Sortie","1","0",,,"0","2025-04-15","10:18",
"3989","3,989","CMCG-200-NO","Sortie","50","0",,,"0","2025-04-15","10:18",
"3990","3,990","Capsule-CH","Sortie","1","0",,,"0","2025-04-15","10:19",
"3991","3,991","Capsule-NO","Sortie","1","0",,,"0","2025-04-15","10:19",
"3992","3,992","80870-0001","Sortie","2","0",,,"0","2025-04-15","10:19",
"3993","3,993","PlaqueMC-BR","Sortie","10","0",,,"0","2025-04-15","10:19",
"3994","3,994","VS27.1419","Sortie","1","0",,,"0","2025-04-15","10:20",
"3995","3,995","VC1815.003","Sortie","0.5","0",,,"0","2025-04-15","10:20",
"3996","3,996","3013006","Sortie","1","0",,,"0","2025-04-15","10:23",
"3997","3,997","HDPE NATUREL","Mise à jour","16","0",,,"0","2025-04-16","14:11",
"3998","3,998","VRW7210TMG","Sortie","4","0",,,"0","2025-04-16","14:32",
"3999","3,999","BGARD-175VDCNO","Sortie","60","0",,,"0","2025-04-17","15:47",
"4000","4,000","BGARD-175VDCNO","Sortie","300","0",,,"0","2025-04-22","11:4",
"4001","4,001","BGARD-300VDCNO","Sortie","24","0",,,"0","2025-04-22","11:4",
"4002","4,002","BGARD-300VDCNO","Sortie","24","0",,,"0","2025-04-22","11:4",
"4003","4,003","80870-0001","Sortie","1","0",,,"0","2025-04-22","11:5",
"4004","4,004","5545903","Sortie","7","0",,,"0","2025-04-22","11:5",
"4005","4,005","2371GY-F-750","Sortie","1","0",,,"0","2025-04-22","11:5",
"4006","4,006","BGARD-300VDCBL","Sortie","24","0",,,"0","2025-04-22","11:6",
"4007","4,007","BBARRO-3/4-NO","Sortie","2","0",,,"0","2025-04-22","11:6",
"4008","4,008","Capsule-NO","Sortie","2","0",,,"0","2025-04-22","11:6",
"4009","4,009","VS27.1415","Sortie","1","0",,,"0","2025-04-22","11:7",
"4010","4,010","280-001","Sortie","300","0",,,"0","2025-04-22","11:7",
"4011","4,011","280-001","Sortie","300","0",,,"0","2025-04-22","11:7",
"4012","4,012","2371GY-F-750","Sortie","1","0",,,"0","2025-04-22","11:8",
"4013","4,013","280-003","Sortie","500","0",,,"0","2025-04-22","11:8",
"4014","4,014","VS27.1415","Sortie","1","0",,,"0","2025-04-22","11:8",
"4015","4,015","BGARD-175VDCGC","Sortie","60","0",,,"0","2025-04-22","11:9",
"4016","4,016","999-A37708","Sortie","1","0",,,"0","2025-04-22","11:9",
"4017","4,017","VRW7210TMG","Sortie","2","0",,,"0","2025-04-22","11:9",
"4018","4,018","SSGC411XX16S","Sortie","10","0",,,"0","2025-04-22","11:9",
"4019","4,019","SSGC431XX16S","Sortie","10","0",,,"0","2025-04-22","11:10",
"4020","4,020","80870-0001","Sortie","1","0",,,"0","2025-04-28","7:36",
"4021","4,021","BGARD-175VDCAR","Entrée","180","0",,,"0","2025-04-28","14:27",
"4022","4,022","BGARD-175VDCGM","Mise à jour","420","0",,,"0","2025-04-28","14:28",
"4023","4,023","BGARD-300VDCBC","Mise à jour","256","0",,,,"2025-04-28","14:29",
"4024","4,024","BGARD-300VDCBL","Mise à jour","404","0",,,"0","2025-04-28","14:29",
"4025","4,025","BGARD-300VDCGM","Mise à jour","237","0",,,"0","2025-04-28","14:31",
"4026","4,026","CGARD-175DCBC","Mise à jour","589","0",,,,"2025-04-28","14:32",
"4027","4,027","CGARD-175DCBL","Mise à jour","794","0",,,"0","2025-04-28","14:32",
"4028","4,028","CGARD-300DCBC","Mise à jour","354","0",,,,"2025-04-28","14:33",
"4029","4,029","VS19.0808CA","Sortie","1","0",,,"0","2025-04-28","16:0",
"4030","4,030","CGARD-175DCNO","Sortie","200","0",,,"0","2025-04-29","10:41",
"4031","4,031","CGARD-175DCGM","Sortie","159","0",,,"0","2025-04-29","13:45",
"4032","4,032","VZ.PENTF.NR","Entrée","12","0",,,"0","2025-04-29","13:46",
"4033","4,033","301SS","Sortie","5","0",,,"0","2025-04-29","13:46",
"4034","4,034","ClipBarriere","Sortie","5","0",,,"0","2025-04-29","13:46",
"4035","4,035","ClipBarriere","Sortie","0","0",,,"0","2025-04-29","15:51",
"4036","4,036","VRW7210TMG","Sortie","1","0",,,"0","2025-04-29","15:52",
"4037","4,037","SSPFEB180","Sortie","1","0",,,"0","2025-04-29","15:53",
"4038","4,038","SSPFEBWALLS","Sortie","1","0",,,"0","2025-04-29","15:53",
"4039","4,039","SSPFEB90","Sortie","1","0",,,"0","2025-04-29","15:53",
"4040","4,040","SSSPIGOTSMS-V2","Sortie","1","0",,,"0","2025-04-29","15:54",
"4041","4,041","2371GY-F-750","Sortie","1","0",,,"0","2025-04-29","15:54",
"4042","4,042","280-001","Sortie","500","0",,,"0","2025-04-29","15:54",
"4043","4,043","BGARD-175VDCNO","Sortie","60","0",,,"0","2025-04-29","15:54",
"4044","4,044","280-001","Sortie","300","0",,,"0","2025-04-29","15:55",
"4045","4,045","VRW7210TMG","Sortie","2","0",,,"0","2025-04-29","15:55",
"4046","4,046","VRW7210TMG","Sortie","2","0",,,"0","2025-04-30","6:15",
"4047","4,047","VS27.1415","Sortie","1","0",,,"0","2025-04-30","6:16",
"4048","4,048","5545903","Sortie","3","0",,,"0","2025-04-30","6:16",
"4049","4,049","VS01.2211","Sortie","1","0",,,"0","2025-04-30","6:22",
"4050","4,050","VRJ61644","Sortie","10","0",,,"0","2025-04-30","6:22",
"4051","4,051","SSGCH40116S","Sortie","5","0",,,"0","2025-04-30","6:27",
"4052","4,052","VS19.0808CA","Sortie","1","0",,,"0","2025-04-30","6:32",
"4053","4,053","VS19.0808CA","Sortie","0","0",,,"0","2025-04-30","6:56",
"4054","4,054","999-A37708","Sortie","1","0",,,"0","2025-04-30","6:56",
"4055","4,055","999-A37708","Mise à jour","12","0",,,"0","2025-04-30","6:57",
"4056","4,056","SSGCH40116S","Mise à jour","4","0",,,"0","2025-04-30","6:57",
"4057","4,057","SSGCH40116S","Sortie","0","0",,,"0","2025-04-30","9:14",
"4058","4,058","Capsule-NO","Sortie","1","0",,,"0","2025-04-30","9:15",
"4059","4,059","VZ.PENTF.NR","Sortie","6","0",,,"0","2025-04-30","9:21",
"4060","4,060","280-001","Sortie","300","0",,,"0","2025-04-30","11:47",
"4061","4,061","VRW7210TMG","Sortie","1","0",,,"0","2025-05-02","6:25",
"4062","4,062","80870-0001","Sortie","1","0",,,"0","2025-05-05","6:26",
"4063","4,063","VS27.1415","Sortie","1","0",,,"0","2025-05-05","6:26",
"4064","4,064","VS27.1419","Sortie","1","0",,,"0","2025-05-05","6:27",
"4065","4,065","VC1815.003","Sortie","1","0",,,"0","2025-05-05","6:27",
"4066","4,066","VS19.0808CA","Sortie","1","0",,,"0","2025-05-05","6:27",
"4067","4,067","Cale","Sortie","3","0",,,"0","2025-05-05","6:27",
"4068","4,068","280-001","Sortie","300","0",,,"0","2025-05-05","7:6",
"4069","4,069","280-001","Sortie","0","0",,,"0","2025-05-05","13:44",
"4070","4,070","2371GY-F-750","Sortie","1","0",,,"0","2025-05-05","14:6",
"4071","4,071","BGARD-300VDCGM","Sortie","21","0",,,"0","2025-05-05","14:7",
"4072","4,072","CGARD-300DCGM","Sortie","18","0",,,"0","2025-05-05","14:7",
"4073","4,073","VS27.1415","Sortie","1","0",,,"0","2025-05-05","14:8",
"4074","4,074","BGARD-175VDCNO","Sortie","60","0",,,"0","2025-05-05","14:8",
"4075","4,075","5545903","Sortie","3","0",,,"0","2025-05-05","14:8",
"4076","4,076","280-001","Sortie","300","0",,,"0","2025-05-05","14:10",
"4077","4,077","80870-0001","Sortie","2","0",,,"0","2025-05-06","7:23",
"4078","4,078","RouleauCarton","Sortie","0","0",,,"0","2025-05-06","10:34",
"4079","4,079","3040159","Sortie","1","0",,,"0","2025-05-06","10:34",
"4080","4,080","80870-0001","Mise à jour","5","0",,,"0","2025-05-06","10:34",
"4081","4,081","RouleauCarton","Sortie","0","0",,,"0","2025-05-06","13:0",
"4082","4,082","Capsule-NO","Sortie","2","0",,,"0","2025-05-07","6:24",
"4083","4,083","VS27.1419","Sortie","1","0",,,"0","2025-05-07","6:38",
"4084","4,084","VS27.1419","Sortie","0","0",,,"0","2025-05-07","7:25",
"4085","4,085","VZ.PENTF.NR","Sortie","20","0",,,"0","2025-05-07","7:25",
"4086","4,086","SSGC431XX16S","Mise à jour","1","0",,,"0","2025-05-07","11:15",
"4087","4,087","SSGC411XX16S","Mise à jour","1","0",,,"0","2025-05-07","11:15",
"4088","4,088","280-001","Sortie","300","0",,,"0","2025-05-07","14:24",
"4089","4,089","280-001","Sortie","0","0",,,"0","2025-05-07","15:56",
"4090","4,090","BGARD-175VDCNO","Sortie","60","0",,,"0","2025-05-07","15:57",
"4091","4,091","5545903","Sortie","2","0",,,"0","2025-05-07","15:57",
"4092","4,092","5640337","Sortie","1","0",,,"0","2025-05-07","15:57",
"4093","4,093","SSB48SM","Sortie","10,000","0",,,"0","2025-05-07","15:57",
"4094","4,094","VS27.1423 ","Mise à jour","9","0",,,"0","2025-05-08","13:47",
"4095","4,095","80870-0001","Entrée","55","0",,,"0","2025-05-08","13:47",
"4096","4,096","VRW7210TMG","Sortie","2","0",,,"0","2025-05-08","13:49",
"4097","4,097","CMCG-200-BR","Sortie","10","0",,,"0","2025-05-12","6:42",
"4098","4,098","01-004-BOUT-NP","Sortie","0","0",,,"0","2025-05-12","11:56",
"4099","4,099","CMCG-200-NO","Sortie","8","0",,,"0","2025-05-12","11:56",
"4100","4,100","01-004-BOUT-NP","Entrée","0","0",,,"0","2025-05-12","14:14",
"4101","4,101","280-001","Sortie","500","0",,,"0","2025-05-12","14:14",
"4102","4,102","3013006","Sortie","1","0",,,"0","2025-05-12","15:55",
"4103","4,103","Capsule-NO","Sortie","1","0",,,"0","2025-05-12","15:56",
"4104","4,104","Capsule-CH","Sortie","1","0",,,"0","2025-05-12","15:56",
"4105","4,105","VS27.1411","Sortie","1","0",,,"0","2025-05-12","15:56",
"4106","4,106","BGARD-175VDCBL","Sortie","120","0",,,"0","2025-05-12","15:56",
"4107","4,107","BGARD-300VDCBC","Sortie","24","0",,,"0","2025-05-12","15:57",
"4108","4,108","BGARD-300VDCNO","Sortie","24","0",,,"0","2025-05-12","15:57",
"4109","4,109","VRW7210TMG","Sortie","1","0",,,"0","2025-05-12","15:57",
"4110","4,110","VS19.0808CA","Sortie","1","0",,,"0","2025-05-12","15:57",
"4111","4,111","CGARD-175DCNO","Sortie","200","0",,,"0","2025-05-12","15:58",
"4112","4,112","AQUALATCHNO","Sortie","15","0",,,"0","2025-05-12","15:58",
"4113","4,113","VS17.0809CA","Sortie","1","0",,,"0","2025-05-12","15:58",
"4114","4,114","Capsule-NO","Sortie","2","0",,,"0","2025-05-12","15:58",
"4115","4,115","MALU48","Sortie","5","0",,,"0","2025-05-13","9:8",
"4116","4,116","CGARD-300DCBL","Sortie","120","0",,,"0","2025-05-13","12:1",
"4117","4,117","VS27.1415","Sortie","1","0",,,"0","2025-05-13","14:9",
"4118","4,118","SSGC411XX16S","Entrée","2","0",,,"0","2025-05-13","15:30",
"4119","4,119","SSGC431XX16S","Entrée","2","0",,,"0","2025-05-13","15:30",
"4120","4,120","BGARD-300VDCBL","Sortie","48","0",,,"0","2025-05-14","10:23",
"4121","4,121","5545903","Sortie","2","0",,,"0","2025-05-14","10:24",
"4122","4,122","VS27.1415","Sortie","1","0",,,"0","2025-05-14","10:24",
"4123","4,123","2371GY-F-750","Sortie","1","0",,,"0","2025-05-14","10:24",
"4124","4,124","280-001","Sortie","300","0",,,"0","2025-05-14","10:24",
"4125","4,125","280-003","Sortie","500","0",,,"0","2025-05-14","10:24",
"4126","4,126","VZPOSSD46SSBS-BL","Sortie","1","0",,,"0","2025-05-14","10:25",
"4127","4,127","ArretBarriere","Sortie","3","0",,,"0","2025-05-14","11:23",
"4128","4,128","Capsule-BL","Sortie","1","0",,,"0","2025-05-14","12:48",
"4129","4,129","BGARD-175VDCBL","Mise à jour","420","0",,,"0","2025-05-14","13:38",
"4130","4,130","BGARD-175VDCBL","Sortie","60","0",,,"0","2025-05-20","6:33",
"4131","4,131","VS27.1415","Sortie","1","0",,,"0","2025-05-20","6:33",
"4132","4,132","Capsule-NO","Sortie","2","0",,,"0","2025-05-20","6:34",
"4133","4,133","Capsule-BL","Sortie","1","0",,,"0","2025-05-20","6:34",
"4134","4,134","5545903","Sortie","2","0",,,"0","2025-05-20","6:34",
"4135","4,135","CGARD-300DCNO","Sortie","120","0",,,"0","2025-05-20","7:22",
"4136","4,136","CGARD-175DCAR","Entrée","0","0",,,"0","2025-05-20","8:17",
"4137","4,137","VRW7210TMG","Sortie","2","0",,,"0","2025-05-20","8:17",
"4138","4,138","VZ.PENTF.NR","Sortie","20","0",,,"0","2025-05-20","15:54",
"4139","4,139","VZ.SERCLES.NR","Sortie","8","0",,,"0","2025-05-21","6:6",
"4140","4,140","CGARD-175DCNO","Sortie","200","0",,,"0","2025-05-21","6:10",
"4141","4,141","VS19.0808CA","Sortie","1","0",,,"0","2025-05-21","11:21",
"4142","4,142","VS19.0808CA","Sortie","0","0",,,"0","2025-05-21","13:50",
"4143","4,143","280-001","Sortie","500","0",,,"0","2025-05-21","13:50",
"4144","4,144","280-001","Sortie","300","0",,,"0","2025-05-21","13:52",
"4145","4,145","BBARRO-3/4-NO","Sortie","1","0",,,"0","2025-05-26","15:5",
"4146","4,146","Capsule-BR","Sortie","1","0",,,"0","2025-05-26","6:8",
"4147","4,147","Capsule-BR","Sortie","0","0",,,"0","2025-05-27","7:4",
"4148","4,148","VS19.0808CA","Sortie","1","0",,,"0","2025-05-27","7:4",
"4149","4,149","VS19.0808CA","Sortie","0","0",,,"0","2025-05-27","8:56",
"4150","4,150","CMCG-200-NO","Sortie","17","0",,,"0","2025-05-27","8:56",
"4151","4,151","01-004-BOUT-NP","Sortie","0","0",,,"0","2025-05-27","9:29",
"4152","4,152","CGARD-175DCNO","Sortie","200","0",,,"0","2025-05-27","9:30",
"4153","4,153","BGARD-175VDCBL","Sortie","60","0",,,"0","2025-05-27","12:45",
"4154","4,154","5545903","Sortie","2","0",,,"0","2025-05-27","12:46",
"4155","4,155","BGARD-175VDCNO","Sortie","240","0",,,"0","2025-05-27","12:46",
"4156","4,156","BGARD-300VDCBL","Sortie","24","0",,,"0","2025-05-27","12:46",
"4157","4,157","BGARD-300VDCNO","Sortie","24","0",,,"0","2025-05-27","12:47",
"4158","4,158","CMCG-200-GM","Sortie","2","0",,,"0","2025-05-27","12:48",
"4159","4,159","2371GY-F-750","Sortie","1","0",,,"0","2025-05-27","12:48",
"4160","4,160","Capsule-BL","Sortie","2","0",,,"0","2025-05-27","12:48",
"4161","4,161","Capsule-NO","Sortie","2","0",,,"0","2025-05-27","12:49",
"4162","4,162","CGARD-300DCGM","Sortie","3","0",,,"0","2025-05-27","12:49",
"4163","4,163","999-A37708","Sortie","1","0",,,"0","2025-05-27","12:49",
"4164","4,164","VS27.1415","Sortie","1","0",,,"0","2025-05-27","12:49",
"4165","4,165","VS27.1419","Sortie","1","0",,,"0","2025-05-27","12:50",
"4166","4,166","Cale","Sortie","1","0",,,"0","2025-05-27","12:50",
"4167","4,167","BGARD-300VDCGC","Sortie","48","0",,,"0","2025-05-27","12:50",
"4168","4,168","280-002","Sortie","304","0",,,"0","2025-05-27","12:51",
"4169","4,169","01-004-BOUT-NO","Sortie","4","0",,,"0","2025-05-27","12:51",
"4170","4,170","5545903","Sortie","2","0",,,"0","2025-05-27","12:51",
"4171","4,171","VS19.0808CA","Sortie","1","0",,,"0","2025-05-27","12:52",
"4172","4,172","VRW7210TMG","Sortie","8","0",,,"0","2025-05-27","12:52",
"4153","4,153","CGARD-175DCAR","Entrée","0","0",,,"0","2025-05-27","13:15",
"4173","4,173","CMCG-200-NO","Sortie","42","0",,,"0","2025-05-27","13:15",
"4174","4,174","BBARRO-3/4-NO","Mise à jour","3","0",,,"0","2025-05-27","14:23",
"4175","4,175","VRJ61644","Sortie","10","0",,,"0","2025-05-27","15:20",
"4176","4,176","280-001","Sortie","500","0",,,"0","2025-05-28","11:24",
"4177","4,177","280-001","Sortie","500","0",,,"0","2025-05-28","11:42",
"4178","4,178","VS19.0808CA","Sortie","1","0",,,"0","2025-05-29","11:8",
"4179","4,179","SSGC411XX16S","Sortie","3","0",,,"0","2025-05-29","11:8",
"4180","4,180","BGARD-175VDCNO","Sortie","360","0",,,"0","2025-05-29","15:23",
"4181","4,181","VS27.1415","Sortie","1","0",,,"0","2025-05-29","15:23",
"4182","4,182","VS27.1419","Sortie","1","0",,,"0","2025-05-29","15:24",
"4183","4,183","VS27.1411","Sortie","1","0",,,"0","2025-05-29","15:24",
"4184","4,184","VS27.1423 ","Sortie","1","0",,,"0","2025-05-29","15:24",
"4185","4,185","Capsule-NO","Sortie","2","0",,,"0","2025-05-29","15:24",
"4186","4,186","Cale","Sortie","1","0",,,"0","2025-05-29","15:24",
"4187","4,187","CGARD-175DCNO","Sortie","200","0",,,"0","2025-05-29","15:25",
"4188","4,188","BGARD-175VDCBC","Sortie","60","0",,,"0","2025-05-29","15:25",
"4189","4,189","AQUALATCHNO","Sortie","5","0",,,"0","2025-06-02","6:6",
"4190","4,190","VZ.PENTF.NR","Sortie","20","0",,,"0","2025-06-02","6:6",
"4191","4,191","80870-0001","Sortie","1","0",,,"0","2025-06-02","6:13",
"4192","4,192","280-001","Sortie","500","0",,,"0","2025-06-02","15:29",
"4193","4,193","280-001","Sortie","0","0",,,"0","2025-06-02","15:57",
"4194","4,194","BBARRO-3/4-NO","Sortie","1","0",,,"0","2025-06-03","6:48",
"4195","4,195","SSGC411XX16S","Entrée","6","0",,,"0","2025-06-03","8:55",
"4196","4,196","SSGC431XX16S","Entrée","6","0",,,"0","2025-06-03","8:55",
"4195","4,195","BGARD-175VDCNP","Sortie","0","0",,,"0","2025-06-03","11:14",
"4197","4,197","VS19.0808CA","Sortie","1","0",,,"0","2025-06-03","11:14",
"4198","4,198","BGARD-300VDCNO","Sortie","28","0",,,"0","2025-06-04","5:19",
"4199","4,199","VZPOSSD46SSBS-NO","Sortie","1","0",,,"0","2025-06-04","5:19",
"4200","4,200","VZ.SERCLES.NR","Sortie","20","0",,,"0","2025-06-04","5:19",
"4201","4,201","CGARD-300DCGM","Sortie","15","0",,,"0","2025-06-04","5:20",
"4202","4,202","VS27.1415","Sortie","1","0",,,"0","2025-06-04","5:20",
"4203","4,203","BGARD-175VDCNO","Sortie","120","0",,,"0","2025-06-04","5:20",
"4204","4,204","5545903","Sortie","3","0",,,"0","2025-06-04","5:21",
"4205","4,205","BGARD-300VDCNO","Sortie","24","0",,,"0","2025-06-04","5:21",
"4206","4,206","5545903","Sortie","2","0",,,"0","2025-06-04","5:21",
"4207","4,207","BGARD-300VDCNO","Sortie","44","0",,,"0","2025-06-04","5:22",
"4208","4,208","VC1815.003","Sortie","1","0",,,"0","2025-06-04","5:22",
"4209","4,209","999-A37708","Sortie","1","0",,,"0","2025-06-04","5:22",
"4210","4,210","BGARD-300VDCBC","Sortie","48","0",,,"0","2025-06-04","5:23",
"4211","4,211","280-001","Sortie","500","0",,,"0","2025-06-04","10:52",
"4212","4,212","280-001","Sortie","0","0",,,"0","2025-06-04","14:21",
"4213","4,213","VS27.1419","Sortie","1","0",,,"0","2025-06-04","14:21",
"4214","4,214","VS27.1419","Sortie","0","0",,,"0","2025-06-04","15:57",
"4215","4,215","VS17.0809CA","Sortie","1","0",,,"0","2025-06-05","7:37",
"4216","4,216","VS20.0809CAV+","Sortie","0","0",,,"0","2025-06-05","8:19",
"4217","4,217","Cale","Mise à jour","2","0",,,"0","2025-06-05","8:19",
"4218","4,218","Capsule-BR","Sortie","1","0",,,"0","2025-06-05","11:31",
"4219","4,219","ArretBarriere","Sortie","2","0",,,"0","2025-06-09","5:43",
"4220","4,220","ClipBarriere","Sortie","0","0",,,"0","2025-06-09","6:20",
"4221","4,221","VS19.0808CA","Sortie","1","0",,,"0","2025-06-09","7:12",
"4222","4,222","VS19.0808CA","Sortie","0","0",,,"0","2025-06-09","11:17",
"4223","4,223","Cale","Sortie","1","0",,,"0","2025-06-09","11:17",
"4224","4,224","VS27.1415","Sortie","1","0",,,"0","2025-06-09","11:19",
"4225","4,225","80870-0001","Sortie","1","0",,,"0","2025-06-09","12:43",
"4226","4,226","RouleauCarton","Sortie","0","0",,,"0","2025-06-09","13:15",
"4227","4,227","Capsule-NO","Sortie","1","0",,,"0","2025-06-09","13:15",
"4228","4,228","Capsule-BR","Sortie","0","0",,,"0","2025-06-09","5:38",
"4229","4,229","280-001","Sortie","500","0",,,"0","2025-06-10","5:42",
"4230","4,230","280-001","Sortie","0","0",,,"0","2025-06-10","6:24",
"4231","4,231","Capsule-BL","Sortie","1","0",,,"0","2025-06-10","6:24",
"4232","4,232","OUT-0037","Mise à jour","9","0",,,"0","2025-06-10","9:57",
"4233","4,233","999-A37708","Sortie","2","0",,,"0","2025-06-10","15:43",
"4234","4,234","999-A37708","Mise à jour","5","0",,,"0","2025-06-10","15:44",
"4235","4,235","AQUALATCHNO","Sortie","10","0",,,"0","2025-06-11","5:31",
"4236","4,236","VZ.PENTF.NR","Sortie","2","0",,,"0","2025-06-11","5:35",
"4237","4,237","VZ.SERCLES.NR","Sortie","20","0",,,"0","2025-06-11","5:55",
"4238","4,238","VRJ61644","Sortie","10","0",,,"0","2025-06-11","6:6",
"4239","4,239","Capsule-NO","Sortie","3","0",,,"0","2025-06-11","13:31",
"4240","4,240","Capsule-BR","Sortie","0","0",,,"0","2025-06-11","15:30",
"4241","4,241","CGARD-175DCNO","Sortie","400","0",,,"0","2025-06-12","9:58",
"4242","4,242","BGARD-300VDCNO","Sortie","76","0",,,"0","2025-06-12","9:58",
"4243","4,243","BGARD-175VDCAR","Sortie","60","0",,,"0","2025-06-12","9:59",
"4244","4,244","280-001","Sortie","500","0",,,"0","2025-06-12","10:0",
"4245","4,245","5545903","Sortie","6","0",,,"0","2025-06-12","10:1",
"4246","4,246","VS27.1415","Sortie","1","0",,,"0","2025-06-12","10:1",
"4247","4,247","280-001","Sortie","300","0",,,"0","2025-06-12","10:1",
"4248","4,248","BGARD-300VDCBL","Sortie","24","0",,,"0","2025-06-12","10:2",
"4249","4,249","BGARD-175VDCNO","Sortie","120","0",,,"0","2025-06-12","10:2",
"4250","4,250","BGARD-175VDCBL","Sortie","60","0",,,"0","2025-06-12","10:2",
"4251","4,251","3013006","Sortie","1","0",,,"0","2025-06-12","10:2",
"4252","4,252","2371GY-F-750","Sortie","1","0",,,"0","2025-06-12","10:2",
"4253","4,253","VRW7210TMG","Sortie","1","0",,,"0","2025-06-12","10:3",
"4254","4,254","CGARD-300DCNO","Sortie","120","0",,,"0","2025-06-12","10:3",
"4255","4,255","VS27.1419","Sortie","1","0",,,"0","2025-06-12","10:3",
"4256","4,256","280-002","Sortie","3,504","0",,,"0","2025-06-12","10:4",
"4257","4,257","CGARD-175DCBL","Sortie","198","0",,,"0","2025-06-12","10:5",
"4258","4,258","5545903","Sortie","1","0",,,"0","2025-06-12","10:5",
"4259","4,259","VRW7210TMG","Sortie","1","0",,,"0","2025-06-12","10:5",
"4260","4,260","BGARD-175VDCNO","Sortie","240","0",,,"0","2025-06-12","10:5",
"4261","4,261","BGARD-300VDCGC","Sortie","24","0",,,"0","2025-06-12","10:5",
"4262","4,262","MALU48","Sortie","5","0",,,"0","2025-06-16","9:29",
"4263","4,263","CMCG-200-NO","Sortie","24","0",,,"0","2025-06-16","10:36",
"4264","4,264","BGARD-300VDCNO","Sortie","48","0",,,"0","2025-06-16","10:36",
"4265","4,265","BGARD-300VDCBL","Sortie","24","0",,,"0","2025-06-16","10:36",
"4266","4,266","VS27.1415","Sortie","1","0",,,"0","2025-06-16","10:37",
"4267","4,267","280-001","Sortie","500","0",,,"0","2025-06-16","10:37",
"4268","4,268","Capsule-CH","Sortie","1","0",,,"0","2025-06-16","10:37",
"4269","4,269","Capsule-NO","Sortie","1","0",,,"0","2025-06-16","10:37",
"4270","4,270","280-002","Sortie","350","0",,,"0","2025-06-16","10:38",
"4271","4,271","5545903","Sortie","2","0",,,"0","2025-06-16","10:38",
"4272","4,272","VZ.PENTF.NR","Sortie","20","0",,,"0","2025-06-16","10:38",
"4273","4,273","Cale","Sortie","1","0",,,"0","2025-06-16","11:0",
"4274","4,274","MALU48","Mise à jour","3","0",,,"0","2025-06-17","9:8",
"4275","4,275","MALU42","Mise à jour","28","0",,,"0","2025-06-17","15:44",
"4276","4,276","BGARD-300VDCNO","Sortie","48","0",,,"0","2025-06-18","13:27",
"4277","4,277","CGARD-300DCBL","Sortie","120","0",,,"0","2025-06-18","13:27",
"4278","4,278","CGARD-175DCNO","Sortie","200","0",,,"0","2025-06-18","13:27",
"4279","4,279","5545903","Sortie","4","0",,,"0","2025-06-18","13:28",
"4280","4,280","Capsule-NO","Sortie","1","0",,,"0","2025-06-18","13:28",
"4281","4,281","VC1815.003","Sortie","1","0",,,"0","2025-06-18","13:28",
"4282","4,282","ArretBarriere","Sortie","1","0",,,"0","2025-06-18","13:29",
"4283","4,283","VS27.1415","Sortie","1","0",,,"0","2025-06-18","13:29",
"4284","4,284","Capsule-AR","Sortie","1","0",,,"0","2025-06-18","13:29",
"4285","4,285","VS19.0808CA","Sortie","1","0",,,"0","2025-06-18","13:30",
"4286","4,286","BGARD-175VDCNO","Sortie","180","0",,,"0","2025-06-18","13:30",
"4287","4,287","VS27.1415","Sortie","1","0",,,"0","2025-06-18","13:30",
"4288","4,288","BGARD-300VDCBL","Sortie","24","0",,,"0","2025-06-18","13:30",
"4289","4,289","CMCG-200-GM","Sortie","4","0",,,"0","2025-06-18","13:31",
"4290","4,290","280-001","Sortie","500","0",,,"0","2025-06-18","13:31",
"4291","4,291","280-001","Sortie","0","0",,,"0","2025-06-18","15:45",
"4292","4,292","Équerre-Poteau-NP","Sortie","2","0",,,"0","2025-06-23","9:56",
"4293","4,293","MALU48","Sortie","3","0",,,"0","2025-06-23","11:20",
"4294","4,294","BGARD-175VDCBL","Sortie","60","0",,,"0","2025-06-23","11:20",
"4295","4,295","2371GY-F-750","Sortie","1","0",,,"0","2025-06-23","11:21",
"4296","4,296","80870-0001","Sortie","1","0",,,"0","2025-06-23","11:21",
"4297","4,297","5545903","Sortie","1","0",,,"0","2025-06-23","11:22",
"4298","4,298","5545903","Mise à jour","36","0",,,"0","2025-06-23","11:25",
"4299","4,299","Capsule-BL","Sortie","1","0",,,"0","2025-06-23","11:25",
"4300","4,300","Capsule-NO","Sortie","1","0",,,"0","2025-06-23","11:25",
"4301","4,301","VS27.1419","Sortie","1","0",,,"0","2025-06-23","11:25",
"4302","4,302","80870-0001","Sortie","1","0",,,"0","2025-06-23","11:26",
"4303","4,303","BGARD-175VDCNO","Sortie","180","0",,,"0","2025-06-23","11:26",
"4304","4,304","999-A37708","Sortie","1","0",,,"0","2025-06-23","11:26",
"4305","4,305","VS27.1415","Sortie","1","0",,,"0","2025-06-23","11:26",
"4306","4,306","BGARD-175VDCNO","Sortie","60","0",,,"0","2025-06-23","11:27",
"4307","4,307","BGARD-300VDCBC","Sortie","24","0",,,"0","2025-06-23","11:27",
"4308","4,308","Capsule-NO","Sortie","2","0",,,"0","2025-06-23","11:27",
"4309","4,309","VS27.1411","Sortie","1","0",,,"0","2025-06-23","11:27",
"4310","4,310","VS27.1415","Sortie","1","0",,,"0","2025-06-23","11:27",
"4311","4,311","AQUALATCHNO","Sortie","20","0",,,"0","2025-06-23","11:28",
"4312","4,312","ArretBarriere","Sortie","1","0",,,"0","2025-06-23","11:28",
"4313","4,313","280-001","Sortie","300","0",,,"0","2025-06-25","6:31",
"4314","4,314","CGARD-175DCNO","Mise à jour","0","0",,,"0","2025-06-25","11:34",
"4315","4,315","Bec de cane","Mise à jour","4","0",,,"0","2025-06-25","15:3",
"4316","4,316","Bec de cane","Sortie","0","0",,,"0","2025-06-25","15:26",
"4317","4,317","80870-0001","Sortie","1","0",,,"0","2025-06-27","10:28",
"4318","4,318","5545903","Sortie","2","0",,,"0","2025-06-27","10:28",
"4319","4,319","BGARD-175VDCNO","Sortie","120","0",,,"0","2025-06-27","10:29",
"4320","4,320","280-001","Sortie","529","0",,,"0","2025-06-27","10:29",
"4321","4,321","VS27.1415","Sortie","1","0",,,"0","2025-06-27","10:29",
"4322","4,322","VZ.PENTF.NR","Sortie","20","0",,,"0","2025-06-27","10:30",
"4323","4,323","BBARRO-3/4-NO","Sortie","1","0",,,"0","2025-06-27","10:30",
"4324","4,324","CMCG-200-NO","Sortie","6","0",,,"0","2025-06-27","10:30",
"4325","4,325","Capsule-NO","Sortie","1","0",,,"0","2025-06-27","10:31",
"4326","4,326","VS19.0808CA","Sortie","1","0",,,"0","2025-06-27","10:31",
"4327","4,327","VS17.0809CA","Sortie","1","0",,,"0","2025-06-27","10:31",
"4328","4,328","VC1815.003","Sortie","1","0",,,"0","2025-06-27","10:31",
"4329","4,329","Capsule-NO","Sortie","1","0",,,"0","2025-06-27","10:32",
"4330","4,330","280-001","Sortie","500","0",,,"0","2025-06-27","10:32",
"4331","4,331","BGARD-175VDCBL","Sortie","60","0",,,"0","2025-06-27","10:32",
"4332","4,332","CGARD-300DCNO","Sortie","120","0",,,"0","2025-06-27","12:3",
"4333","4,333","VS27.1419","Sortie","1","0",,,"0","2025-07-03","12:44",
"4334","4,334","5545903","Sortie","4","0",,,"0","2025-07-03","12:44",
"4335","4,335","ArretBarriere","Sortie","2","0",,,"0","2025-07-03","12:44",
"4336","4,336","VS27.1415","Sortie","1","0",,,"0","2025-07-03","12:44",
"4337","4,337","VS27.1411","Sortie","1","0",,,"0","2025-07-03","12:45",
"4338","4,338","VS27.1411","Sortie","1","0",,,"0","2025-07-03","12:45",
"4339","4,339","Capsule-BL","Sortie","1","0",,,"0","2025-07-03","12:46",
"4340","4,340","Capsule-NO","Sortie","1","0",,,"0","2025-07-03","12:46",
"4341","4,341","3013006","Sortie","1","0",,,"0","2025-07-03","12:46",
"4342","4,342","BGARD-300VDCNO","Sortie","24","0",,,"0","2025-07-03","12:47",
"4343","4,343","VZPOSSD46SSBS-BC","Sortie","3","0",,,"0","2025-07-03","12:47",
"4344","4,344","VZPOSSD46SSBS-NO","Sortie","1","0",,,"0","2025-07-03","12:47",
"4345","4,345","999-A11040","Sortie","1","0",,,"0","2025-07-03","12:47",
"4346","4,346","CGARD-300DCBC","Sortie","117","0",,,"0","2025-07-03","12:48",
"4347","4,347","VRW7210TMG","Sortie","1","0",,,"0","2025-07-03","12:48",
"4348","4,348","Capsule-NO","Sortie","1","0",,,"0","2025-07-03","12:48",
"4349","4,349","VS27.1419","Sortie","1","0",,,"0","2025-07-03","12:48",
"4350","4,350","BGARD-175VDCNO","Sortie","60","0",,,"0","2025-07-03","12:50",
"4351","4,351","01-004-BOUT-NO","Sortie","6","0",,,"0","2025-07-03","12:51",
"4352","4,352","VS27.1415","Sortie","1","0",,,"0","2025-07-03","12:51",
"4353","4,353","BGARD-300VDCNO","Sortie","24","0",,,"0","2025-07-03","12:51",
"4354","4,354","VRJ61032.CO","Mise à jour","20","0",,,"0","2025-07-07","6:49",
"4355","4,355","80870-0001","Sortie","1","0",,,"0","2025-07-07","8:29",
"4356","4,356","RouleauCarton","Sortie","0","0",,,"0","2025-07-07","15:55",
"4357","4,357","CGARD-175DCNO","Mise à jour","778","0",,,"0","2025-07-08","11:36",
"4358","4,358","Capsule-BR","Sortie","1","0",,,"0","2025-07-09","7:55",
"4359","4,359","5640337","Sortie","1","0",,,"0","2025-07-09","13:1",
"4360","4,360","5640337","Sortie","1","0",,,"0","2025-07-09","13:2",
"4361","4,361","VRW7210TMG","Sortie","1","0",,,"0","2025-07-09","13:16",
"4362","4,362","VS27.1415","Sortie","1","0",,,"0","2025-07-09","13:16",
"4363","4,363","VC1815.003","Sortie","1","0",,,"0","2025-07-09","13:16",
"4364","4,364","Capsule-NO","Sortie","1","0",,,"0","2025-07-09","13:16",
"4365","4,365","5545903","Sortie","3","0",,,"0","2025-07-10","14:37",
"4366","4,366","999-A37708","Sortie","1","0",,,"0","2025-07-10","14:38",
"4367","4,367","VS19.0808CA","Sortie","1","0",,,"0","2025-07-10","14:38",
"4368","4,368","280-001","Sortie","495","0",,,"0","2025-07-10","14:38",
"4369","4,369","Ruban clair 48mm","Sortie","1","0",,,"0","2025-07-10","14:39",
"4370","4,370","BGARD-175VDCNO","Sortie","60","0",,,"0","2025-07-10","14:39",
"4371","4,371","BGARD-175VDCNO","Sortie","60","0",,,"0","2025-07-10","14:39",
"4372","4,372","VS27.1423 ","Sortie","1","0",,,"0","2025-07-10","14:40",
"4373","4,373","Capsule-NO","Sortie","1","0",,,"0","2025-07-10","14:40",
"4374","4,374","80870-0001","Sortie","1","0",,,"0","2025-07-10","14:40",
"4375","4,375","BGARD-300VDCNO","Sortie","24","0",,,"0","2025-07-10","14:40",
"4376","4,376","2371GY-F-750","Sortie","1","0",,,"0","2025-07-10","14:41",
"4377","4,377","BGARD-300VDCBL","Sortie","24","0",,,"0","2025-07-10","14:41",
"4378","4,378","BGARD-175VDCBL","Sortie","60","0",,,"0","2025-07-10","14:41",
"4379","4,379","VS27.1415","Sortie","2","0",,,"0","2025-07-10","14:42",
"4380","4,380","VS27.1419","Sortie","1","0",,,"0","2025-07-10","14:42",
"4381","4,381","9741068","Sortie","1","0",,,"0","2025-07-10","14:42",
"4382","4,382","80870-0001","Sortie","1","0",,,"0","2025-07-10","14:42",
"4383","4,383","BGARD-175VDCNO","Sortie","120","0",,,"0","2025-07-10","14:42",
"4384","4,384","280-001","Mise à jour","2,000","0",,,"0","2025-07-11","10:40",
"4385","4,385","999-A37708","Mise à jour","15","0",,,"0","2025-07-11","10:58",
"4386","4,386","VS27.1423 ","Mise à jour","0","0",,,"0","2025-07-14","5:18",
"4387","4,387","280-002","Mise à jour","3,150","0",,,"0","2025-07-14","15:43",
"4388","4,388","CGARD-175DCBC","Sortie","385","0",,,"0","2025-07-15","8:22",
"4389","4,389","CGARD-175DCBL","Sortie","198","0",,,"0","2025-07-15","8:22",
"4390","4,390","CGARD-175DCGC","Sortie","250","0",,,"0","2025-07-15","8:23",
"4391","4,391","CGARD-175DCGM","Sortie","198","0",,,"0","2025-07-15","8:23",
"4392","4,392","VS19.0808CA","Sortie","1","0",,,"0","2025-07-16","9:11",
"4393","4,393","Capsule-NO","Sortie","6","0",,,"0","2025-07-16","9:12",
"4394","4,394","280-002","Sortie","350","0",,,"0","2025-07-16","9:12",
"4395","4,395","VZ.PENTF.NR","Sortie","20","0",,,"0","2025-07-16","9:13",
"4396","4,396","Capsule-BL","Sortie","4","0",,,"0","2025-07-16","9:13",
"4397","4,397","BGARD-300VDCNO","Sortie","24","0",,,"0","2025-07-16","9:13",
"4398","4,398","BGARD-175VDCNO","Sortie","120","0",,,"0","2025-07-16","9:14",
"4399","4,399","999-A37708","Sortie","1","0",,,"0","2025-07-16","9:14",
"4400","4,400","ArretBarriere","Sortie","1","0",,,"0","2025-07-16","9:14",
"4401","4,401","5545903","Sortie","1","0",,,"0","2025-07-16","9:15",
"4402","4,402","5545903","Sortie","1","0",,,"0","2025-07-16","9:15",
"4403","4,403","999-A37708","Sortie","1","0",,,"0","2025-07-16","9:15",
"4404","4,404","AQUALATCHNO","Sortie","20","0",,,"0","2025-07-16","9:15",
"4405","4,405","VRJ61644","Sortie","10","0",,,"0","2025-07-16","9:16",
"4406","4,406","BBARRO-3/4-NO","Sortie","1","0",,,"0","2025-07-16","9:16",
"4407","4,407","VRW7210TMG","Sortie","4","0",,,"0","2025-07-16","9:16",
"4408","4,408","VS19.0808CA","Sortie","1","0",,,"0","2025-07-16","9:17",
"4409","4,409","80870-0001","Sortie","1","0",,,"0","2025-07-16","9:17",
"4410","4,410","CGARD-175DCNO","Sortie","250","0",,,"0","2025-07-16","9:17",
"4411","4,411","VS27.1415","Sortie","1","0",,,"0","2025-07-16","9:18",
"4412","4,412","VZ.SERCLES.NR","Sortie","20","0",,,"0","2025-07-16","9:18",
"4413","4,413","2371GY-F-750","Sortie","1","0",,,"0","2025-07-16","9:18",
"4414","4,414","280-001","Sortie","300","0",,,"0","2025-07-16","9:18",
"4415","4,415","ArretBarriere","Sortie","2","0",,,"0","2025-07-16","9:19",
"4416","4,416","Bec de cane","Sortie","1","0",,,"0","2025-07-16","9:19",
"4417","4,417","CGARD-175DCBL","Sortie","198","0",,,"0","2025-07-16","9:19",
"4418","4,418","VS27.1419","Sortie","1","0",,,"0","2025-07-16","9:19",
"4419","4,419","5545903","Sortie","1","0",,,"0","2025-07-16","9:19",
"4420","4,420","SSGC411XX16S","Mise à jour","1","0",,,"0","2025-08-06","10:9",
"4421","4,421","SSGC431XX16S","Sortie","4","0",,,"0","2025-08-06","10:10",
"4422","4,422","80870-0001","Sortie","2","0",,,"0","2025-08-06","10:10",
"4423","4,423","Capsule-BR","Sortie","1","0",,,"0","2025-08-06","10:10",
"4424","4,424","Capsule-BL","Sortie","1","0",,,"0","2025-08-06","10:11",
"4425","4,425","Capsule-NO","Sortie","1","0",,,"0","2025-08-06","10:11",
"4426","4,426","VZ.PENTF.NR","Sortie","20","0",,,"0","2025-08-06","10:11",
"4427","4,427","280-001","Sortie","500","0",,,"0","2025-08-06","10:13",
"4428","4,428","VS27.1419","Sortie","1","0",,,"0","2025-08-06","10:13",
"4429","4,429","280-001","Sortie","300","0",,,"0","2025-08-06","10:13",
"4430","4,430","BGARD-175VDCBL","Sortie","60","0",,,"0","2025-08-06","10:14",
"4431","4,431","Bec de cane","Sortie","1","0",,,"0","2025-08-06","10:14",
"4432","4,432","Ruban clair 48mm","Sortie","1","0",,,"0","2025-08-06","10:17",
"4433","4,433","VS19.0808CA","Sortie","1","0",,,"0","2025-08-06","10:17",
"4434","4,434","5545903","Sortie","2","0",,,"0","2025-08-06","10:18",
"4435","4,435","VS27.1415","Sortie","1","0",,,"0","2025-08-06","10:18",
"4436","4,436","BGARD-175VDCNO","Sortie","120","0",,,"0","2025-08-06","10:18",
"4437","4,437","BGARD-300VDCNO","Sortie","48","0",,,"0","2025-08-06","10:18",
"4438","4,438","VS27.1419","Sortie","1","0",,,"0","2025-08-06","10:19",
"4439","4,439","CGARD-175DCNO","Sortie","278","0",,,"0","2025-08-06","10:19",
"4440","4,440","Capsule-BL","Sortie","1","0",,,"0","2025-08-06","10:19",
"4441","4,441","280-001","Sortie","300","0",,,"0","2025-08-06","10:20",
"4442","4,442","ArretBarriere","Sortie","1","0",,,"0","2025-08-06","10:20",
"4443","4,443","Ruban clair 48mm","Mise à jour","25","0",,,"0","2025-08-06","12:42",
"4444","4,444","9741068","Mise à jour","2","0",,,"0","2025-08-06","12:42",
"4445","4,445","VC1815.003","Sortie","1","0",,,"0","2025-08-06","5:50",
"4446","4,446","OUT-0037","Mise à jour","0","0",,,"0","2025-08-07","5:59",
"4447","4,447","80870-0001","Sortie","1","0",,,"0","2025-08-12","16:7",
"4448","4,448","VRW7210TMG","Sortie","1","0",,,"0","2025-08-12","16:8",
"4449","4,449","5545903","Sortie","1","0",,,"0","2025-08-12","16:9",
"4450","4,450","BGARD-175VDCNO","Sortie","120","0",,,"0","2025-08-12","16:9",
"4451","4,451","VRJ61644","Sortie","10","0",,,"0","2025-08-12","16:9",
"4452","4,452","VZ.PENTF.NR","Sortie","20","0",,,"0","2025-08-12","16:9",
"4453","4,453","CGARD-300DCNO","Sortie","117","0",,,"0","2025-08-12","16:9",
"4454","4,454","CMCG-200-NO","Sortie","6","0",,,"0","2025-08-12","16:10",
"4455","4,455","VS27.1415","Sortie","1","0",,,"0","2025-08-12","16:10",
"4456","4,456","VC1815.003","Sortie","1","0",,,"0","2025-08-12","16:17",
"4457","4,457","ArretBarriere","Sortie","1","0",,,"0","2025-08-12","16:17",
"4458","4,458","Capsule-NO","Sortie","1","0",,,"0","2025-08-12","16:17",
"4459","4,459","VS27.1419","Sortie","1","0",,,"0","2025-08-12","16:17",
"4460","4,460","VS19.0808CA","Sortie","1","0",,,"0","2025-08-12","16:18",
"4461","4,461","3013006","Sortie","1","0",,,"0","2025-08-12","16:18",
"4462","4,462","5545903","Sortie","1","0",,,"0","2025-08-12","16:18",
"4463","4,463","2371GY-F-750","Sortie","1","0",,,"0","2025-08-12","16:18",
"4464","4,464","280-001","Sortie","430","0",,,"0","2025-08-12","16:19",
"4465","4,465","VZ.SERCLES.NR","Sortie","20","0",,,"0","2025-08-12","16:19",
"4466","4,466","CMCG-200-NO","Sortie","56","0",,,"0","2025-08-12","16:19",
"4467","4,467","BGARD-300VDCBC","Sortie","24","0",,,"0","2025-08-12","16:19",
"4468","4,468","BGARD-175VDCNO","Sortie","240","0",,,"0","2025-08-20","16:4",
"4469","4,469","BGARD-175VDCBC","Sortie","60","0",,,"0","2025-08-20","16:4",
"4470","4,470","280-001","Sortie","170","0",,,"0","2025-08-20","16:6",
"4471","4,471","999-A37708","Sortie","1","0",,,"0","2025-08-20","16:7",
"4472","4,472","80870-0001","Sortie","4","0",,,"0","2025-08-20","16:8",
"4473","4,473","5640337","Sortie","5","0",,,"0","2025-08-20","16:8",
"4474","4,474","999-A37708","Sortie","1","0",,,"0","2025-08-20","16:9",
"4475","4,475","BGARD-300VDCBL","Sortie","24","0",,,"0","2025-08-20","16:9",
"4476","4,476","BGARD-300VDCBL","Sortie","24","0",,,"0","2025-08-20","16:10",
"4477","4,477","CGARD-175DCNO","Sortie","250","0",,,"0","2025-08-20","16:10",
"4478","4,478","VS27.1415","Sortie","1","0",,,"0","2025-08-20","16:10",
"4479","4,479","ArretBarriere","Sortie","2","0",,,"0","2025-08-20","16:10",
"4480","4,480","999-A37708","Sortie","1","0",,,"0","2025-08-20","16:11",
"4481","4,481","Capsule-BL","Sortie","1","0",,,"0","2025-08-20","16:11",
"4482","4,482","VZ.PENTF.NR","Sortie","20","0",,,"0","2025-08-20","16:11",
"4483","4,483","BGARD-300VDCGC","Sortie","48","0",,,"0","2025-08-20","16:11",
"4484","4,484","AQUALATCHNO","Sortie","20","0",,,"0","2025-08-20","16:11",
"4485","4,485","2371GY-F-750","Sortie","1","0",,,"0","2025-08-20","16:12",
"4486","4,486","999-A37708","Sortie","1","0",,,"0","2025-08-20","16:12",
"4487","4,487","VRW7210TMG","Sortie","1","0",,,"0","2025-08-20","16:12",
"4488","4,488","VS27.1415","Sortie","1","0",,,"0","2025-08-20","16:12",
"4489","4,489","2371GY-F-750","Sortie","1","0",,,"0","2025-08-21","16:26",
"4490","4,490","VRW7210TMG","Sortie","4","0",,,"0","2025-08-21","8:48",
"4491","4,491","VS27.1419","Sortie","1","0",,,"0","2025-08-22","8:48",
"4492","4,492","BGARD-300VDCBC","Sortie","28","0",,,"0","2025-08-22","8:49",
"4493","4,493","01-004-BOUT-NO","Sortie","6","0",,,"0","2025-08-22","8:49",
"4494","4,494","VS27.1415","Sortie","1","0",,,"0","2025-08-22","8:49",
"4495","4,495","BBARRO-3/4-BC","Sortie","1","0",,,"0","2025-08-22","8:49",
"4496","4,496","VRJ61032.CO","Sortie","10","0",,,"0","2025-08-22","8:51",
"4497","4,497","AttacheMurale-NO","Sortie","5","0",,,"0","2025-08-22","8:51",
"4498","4,498","3013006","Entrée","5","0",,,"0","2025-08-22","8:52",
"4499","4,499","5545903","Mise à jour","54","0",,,"0","2025-08-22","8:52",
"4500","4,500","9741068","Entrée","3","0",,,"0","2025-08-22","8:52",
"4501","4,501","280-003","Mise à jour","6,500","0",,,"0","2025-08-22","8:53",
"4502","4,502","280-002","Mise à jour","3,150","0",,,"0","2025-08-22","8:53",
"4503","4,503","280-003","Mise à jour","4,850","0",,,"0","2025-08-22","8:54",
"4504","4,504","VZ.PENTF.NR","Mise à jour","40","0",,,"0","2025-08-22","8:54",
"4505","4,505","AQUALATCHNO","Mise à jour","60","0",,,"0","2025-08-22","8:54",
"4506","4,506","BBARRO-3/4-NO","Entrée","12","0",,,"0","2025-08-25","5:40",
"4507","4,507","Capsule-NO","Sortie","1","0",,,"0","2025-08-25","5:52",
"4508","4,508","BGARD-175VDCNP","Sortie","35","0",,,"0","2025-08-25","10:44",
"4509","4,509","SSPFEB90","Sortie","1","0",,,"0","2025-08-28","11:24",
"4510","4,510","VRJ61644","Sortie","10","0",,,"0","2025-09-03","8:0",
"4511","4,511","80870-0001","Sortie","2","0",,,"0","2025-09-03","8:0",
"4512","4,512","01-004-BOUT-BR","Sortie","4","0",,,"0","2025-09-03","8:1",
"4513","4,513","VS19.0808CA","Sortie","1","0",,,"0","2025-09-03","8:2",
"4514","4,514","VZ.PENTF.NR","Sortie","20","0",,,"0","2025-09-03","8:2",
"4515","4,515","ArretBarriere","Sortie","1","0",,,"0","2025-09-03","8:3",
"4516","4,516","ArretBarriere","Sortie","2","0",,,"0","2025-09-03","8:3",
"4517","4,517","Capsule-NO","Sortie","1","0",,,"0","2025-09-03","8:3",
"4518","4,518","VS27.1415","Sortie","4","0",,,"0","2025-09-03","8:4",
"4519","4,519","AttacheMurale-BR","Sortie","5","0",,,"0","2025-09-03","8:5",
"4520","4,520","5545903","Sortie","4","0",,,"0","2025-09-03","8:5",
"4521","4,521","Capsule-BR","Sortie","1","0",,,"0","2025-09-03","8:6",
"4522","4,522","Capsule-BL","Sortie","1","0",,,"0","2025-09-03","8:6",
"4523","4,523","3013006","Sortie","1","0",,,"0","2025-09-03","8:6",
"4524","4,524","VRW7210TMG","Sortie","1","0",,,"0","2025-09-03","8:7",
"4525","4,525","VZ.SERCLES.NR","Sortie","20","0",,,"0","2025-09-03","8:7",
"4526","4,526","VS27.1419","Sortie","1","0",,,"0","2025-09-03","8:8",
"4527","4,527","BGARD-175VDCNO","Sortie","120","0",,,"0","2025-09-03","8:8",
"4528","4,528","BGARD-175VDCNO","Sortie","240","0",,,"0","2025-09-03","8:8",
"4529","4,529","VS27.1419","Sortie","1","0",,,"0","2025-09-03","8:9",
"4530","4,530","VS27.1411","Sortie","1","0",,,"0","2025-09-03","8:9",
"4531","4,531","CGARD-175DCBC","Sortie","162","0",,,"0","2025-09-03","8:9",
"4532","4,532","BGARD-300VDCNO","Sortie","28","0",,,"0","2025-09-03","8:10",
"4533","4,533","CGARD-300DCBL","Sortie","120","0",,,"0","2025-09-03","8:10",
"4534","4,534","CGARD-175DCBL","Sortie","200","0",,,"0","2025-09-03","8:11",
"4535","4,535","Capsule-BL","Sortie","1","0",,,"0","2025-09-03","8:11",
"4536","4,536","VS17.0809CA","Sortie","1","0",,,"0","2025-09-03","8:12",
"4537","4,537","CGARD-175DCBC","Mise à jour","0","0",,,"0","2025-09-03","8:42",
"4538","4,538","Cale","Entrée","11","0",,,"0","2025-09-09","9:22",
"4539","4,539","CGARD-175DCNO","Entrée","336","0",,,"0","2025-09-09","9:23",
"4540","4,540","Capsule-NO","Mise à jour","76","0",,,"0","2025-09-09","10:4",
"4541","4,541","VZ.PENTF.NR","Sortie","20","0",,,"0","2025-09-09","10:4",
"4542","4,542","Ruban clair 48mm","Sortie","1","0",,,"0","2025-09-09","10:4",
"4543","4,543","BGARD-175VDCNO","Sortie","420","0",,,"0","2025-09-09","10:5",
"4544","4,544","VS19.0808CA","Sortie","1","0",,,"0","2025-09-09","10:6",
"4545","4,545","VS27.1415","Sortie","2","0",,,"0","2025-09-09","10:6",
"4546","4,546","VS27.1419","Sortie","1","0",,,"0","2025-09-09","10:6",
"4547","4,547","VS27.1411","Sortie","1","0",,,"0","2025-09-09","10:6",
"4548","4,548","Capsule-BR","Sortie","1","0",,,"0","2025-09-09","10:7",
"4549","4,549","80870-0001","Sortie","3","0",,,"0","2025-09-09","10:8",
"4550","4,550","VRJ61644","Sortie","10","0",,,"0","2025-09-09","10:8",
"4551","4,551","9741068","Sortie","1","0",,,"0","2025-09-09","10:10",
"4552","4,552","2371GY-F-750","Sortie","1","0",,,"0","2025-09-09","10:11",
"4553","4,553","5640337","Sortie","1","0",,,"0","2025-09-09","10:12",
"4554","4,554","AQUALATCHNO","Sortie","20","0",,,"0","2025-09-09","10:12",
"4555","4,555","ArretBarriere","Sortie","1","0",,,"0","2025-09-09","10:12",
"4556","4,556","999-A37708","Sortie","1","0",,,"0","2025-09-09","10:13",
"4557","4,557","999-A37708","Sortie","1","0",,,"0","2025-09-09","10:13",
"4558","4,558","BGARD-300VDCNO","Sortie","28","0",,,"0","2025-09-09","10:13",
"4559","4,559","5545903","Sortie","2","0",,,"0","2025-09-09","10:13",
"4540","4,540","BBARRO-3/4-NO","Entrée","81","0",,,"0","2025-09-09","13:30",
"4560","4,560","BBARRO-3/4-NO","Mise à jour","81","0",,,"0","2025-09-09","13:31",
"4561","4,561","PGondD","Mise à jour","6","0",,,"0","2025-09-10","5:55",
"4562","4,562","PGondG","Mise à jour","2","0",,,"0","2025-09-10","5:55",
"4563","4,563","PGondD","Mise à jour","2","0",,,"0","2025-09-10","5:56",
"4564","4,564","280-003","Mise à jour","6,000","0",,,"0","2025-09-10","7:21",
"4565","4,565","VZ.PENTF.NR","Entrée","20","0",,,"0","2025-09-17","10:52",
"4566","4,566","280-001","Entrée","11,950","0",,,"0","2025-09-18","9:9",
"4567","4,567","280-002","Mise à jour","2,800","0",,,"0","2025-09-18","9:10",
"4568","4,568","280-001","Mise à jour","15,800","0",,,"0","2025-09-18","9:11",
"4569","4,569","999-A11040","Mise à jour","15","0",,,"0","2025-09-18","5:27",
"4570","4,570","VZ.PENTF.NR","Mise à jour","40","0",,,"0","2025-09-30","8:25",
"4571","4,571","ArretBarriere","Mise à jour","0","0",,,"0","2025-10-02","4:49",
"4572","4,572","2371GY-F-750","Mise à jour","2","0",,,"0","2025-10-06","11:15",
"4573","4,573","999-A37708","Mise à jour","2","0",,,"0","2025-10-06","11:16",
"4574","4,574","5640337","Mise à jour","5","0",,,"0","2025-10-06","11:16",
"4575","4,575","5545903","Mise à jour","24","0",,,"0","2025-10-06","11:16",
"4576","4,576","9741068","Mise à jour","3","0",,,"0","2025-10-06","11:16",
"4577","4,577","280-001","Mise à jour","12,500","0",,,"0","2025-10-06","11:17",
"4578","4,578","280-003","Mise à jour","5,500","0",,,"0","2025-10-06","11:17",
"4579","4,579","3040159","Entrée","1","0",,,"0","2025-10-06","16:37",
"4580","4,580","3013018","Mise à jour","11","0",,,"0","2025-10-07","13:11",
"4581","4,581","3013018","Mise à jour","1","0",,,"0","2025-10-07","13:11",
"4582","4,582","3013006","Mise à jour","3","0",,,"0","2025-10-07","13:14",
"4583","4,583","3013018","Mise à jour","2","0",,,"0","2025-10-07","13:14",
"4584","4,584","999-A37708","Mise à jour","1","0",,,"0","2025-10-07","13:15",
"4585","4,585","2371GY-F-750","Mise à jour","1","0",,,"0","2025-10-07","13:15",
"4586","4,586","Cale","Mise à jour","7","0",,,"0","2025-10-07","13:15",
"4587","4,587","SSGC411XX16S","Mise à jour","4","0",,,"0","2025-10-07","13:16",
"4588","4,588","SSGC431XX16S","Mise à jour","9","0",,,"0","2025-10-07","13:16",
"4589","4,589","SSGC411XX16B","Mise à jour","4","0",,,"0","2025-10-07","13:16",
"4590","4,590","SSGCH40116S","Mise à jour","6","0",,,"0","2025-10-07","13:16",
"4591","4,591","SSSPIGOTSGB","Mise à jour","17","0",,,"0","2025-10-07","13:17",
"4592","4,592","SSPFEB90","Mise à jour","1","0",,,"0","2025-10-07","13:18",
"4593","4,593","SSPFEB180","Mise à jour","9","0",,,"0","2025-10-07","13:21",
"4594","4,594","VS19.0808CA","Mise à jour","3","0",,,"0","2025-10-07","13:22",
"4595","4,595","VS27.1411","Mise à jour","8","0",,,"0","2025-10-07","13:22",
"4596","4,596","VS27.1415","Mise à jour","16","0",,,"0","2025-10-07","13:22",
"4597","4,597","VS17.0809CA","Mise à jour","3","0",,,"0","2025-10-07","13:22",
"4598","4,598","VS27.1419","Mise à jour","12","0",,,"0","2025-10-07","13:23",
"4599","4,599","VS27.1423 ","Mise à jour","6","0",,,"0","2025-10-07","13:23",
"4600","4,600","VS27.1413","Mise à jour","3","0",,,,"2025-10-07","13:23",
"4601","4,601","VS27.1409","Mise à jour","9","0",,,,"2025-10-07","13:24",
"4602","4,602","VS26.1827","Mise à jour","2","0",,,"0","2025-10-07","13:24",
"4603","4,603","AQUALATCHNO","Mise à jour","20","0",,,"0","2025-10-07","13:25",
"4604","4,604","VC1815.003","Mise à jour","35","0",,,"0","2025-10-07","13:25",
"4605","4,605","SSPFEBADJS","Mise à jour","2","0",,,,"2025-10-07","13:34",
"4606","4,606","5545903","Mise à jour","19","0",,,"0","2025-10-09","11:23",
"4607","4,607","VS19.0808CA","Sortie","1","0",,,"0","2025-10-16","13:21",
"4608","4,608","80870-0001","Sortie","2","0",,,"0","2025-10-17","14:37",
"4609","4,609","VRW7210TMG","Sortie","1","0",,,"0","2025-10-17","14:38",
"4610","4,610","Cale","Sortie","1","0",,,"0","2025-10-17","14:38",
"4611","4,611","VRW7210TMG","Sortie","6","0",,,"0","2025-10-17","14:38",
"4612","4,612","Capsule-NO","Mise à jour","59","0",,,"0","2025-10-17","14:38",
"4613","4,613","Cale","Sortie","1","0",,,"0","2025-10-17","14:39",
"4614","4,614","280-001","Sortie","550","0",,,"0","2025-10-17","14:39",
"4615","4,615","9741068","Sortie","1","0",,,"0","2025-10-17","14:39",
"4616","4,616","VS27.1419","Sortie","1","0",,,"0","2025-10-17","14:39",
"4617","4,617","VS27.1415","Sortie","1","0",,,"0","2025-10-17","14:39",
"4618","4,618","280-003","Sortie","500","0",,,"0","2025-10-17","14:40",
"4619","4,619","VZPOSSD46SSBS-NO","Sortie","1","0",,,"0","2025-10-17","14:40",
"4620","4,620","Capsule-BL","Sortie","1","0",,,"0","2025-10-17","14:41",
"4621","4,621","5545903","Sortie","2","0",,,"0","2025-10-17","14:41",
"4622","4,622","01-004-BOUT-NO","Sortie","6","0",,,"0","2025-10-17","14:41",
"4623","4,623","5545903","Sortie","1","0",,,"0","2025-10-17","14:42",
"4624","4,624","AQUALATCHNO","Sortie","20","0",,,"0","2025-10-17","14:42",
"4625","4,625","280-001","Sortie","500","0",,,"0","2025-10-17","14:42",
"4626","4,626","VS27.1415","Sortie","1","0",,,"0","2025-10-17","14:42",
"4627","4,627","BBARRO-3/4-NO","Sortie","2","0",,,"0","2025-10-17","14:42",
"4628","4,628","VS27.1415","Sortie","1","0",,,"0","2025-10-17","14:43",
"4629","4,629","5640337","Sortie","1","0",,,"0","2025-10-17","14:43",
"4630","4,630","280-002","Sortie","350","0",,,"0","2025-10-20","5:1",
"4631","4,631","999-A37708","Entrée","12","0",,,"0","2025-10-23","7:18",
"4632","4,632","3040159","Sortie","0","0",,,"0","2025-10-23","9:30",
"4633","4,633","280-001-Percé","Sortie","550","0",,,"0","2025-10-23","10:47",
"4634","4,634","280-001","Sortie","550","0",,,"0","2025-10-24","13:47",
"4635","4,635","280-001","Sortie","550","0",,,"0","2025-10-24","13:47",
"4636","4,636","VS19.0808CA","Sortie","1","0",,,"0","2025-10-24","13:48",
"4637","4,637","Cale","Sortie","1","0",,,"0","2025-10-24","13:48",
"4638","4,638","VRW7210TMG","Sortie","1","0",,,"0","2025-10-24","13:48",
"4639","4,639","5545903","Sortie","3","0",,,"0","2025-10-24","13:49",
"4640","4,640","3013006","Sortie","1","0",,,"0","2025-10-24","13:49",
"4641","4,641","VS27.1419","Sortie","1","0",,,"0","2025-10-24","13:49",
"4642","4,642","80870-0001","Sortie","2","0",,,"0","2025-10-24","13:49",
"4643","4,643","VS27.1415","Sortie","1","0",,,"0","2025-10-24","13:49",
"4644","4,644","VS27.1411","Sortie","1","0",,,"0","2025-10-24","13:50",
"4645","4,645","VRJ61644","Sortie","10","0",,,"0","2025-10-24","13:50",
"4646","4,646","BBARRO-3/4-NO","Sortie","1","0",,,"0","2025-10-24","13:50",
"4647","4,647","2371GY-F-750","Sortie","1","0",,,"0","2025-10-24","13:50",
"4648","4,648","999-A37708","Sortie","1","0",,,"0","2025-10-24","13:51",
"4649","4,649","BGARD-175VDCGC","Sortie","60","0",,,"0","2025-10-24","13:52",
"4650","4,650","BGARD-175VDCNO","Sortie","120","0",,,"0","2025-10-24","13:52",
"4651","4,651","BGARD-300VDCBL","Sortie","28","0",,,"0","2025-10-24","13:52",
"4652","4,652","BGARD-175VDCNO","Sortie","120","0",,,"0","2025-10-24","13:53",
"4653","4,653","CGARD-175DCNO","Sortie","144","0",,,"0","2025-10-24","13:53",
"4654","4,654","VS19.0808CA","Sortie","1","0",,,"0","2025-10-24","13:55",
"4655","4,655","VRJ61032.CO","Sortie","10","0",,,"0","2025-10-28","10:6",
"4656","4,656","2371GY-F-750","Mise à jour","10","0",,,"0","2025-10-28","16:36",
"4657","4,657","999-A37708","Mise à jour","11","0",,,"0","2025-10-28","16:36",
"4658","4,658","CGARD-175DCNO","Mise à jour","5,904","0",,,"0","2025-10-28","16:37",
"4659","4,659","BGARD-175VDCNO","Mise à jour","9,100","0",,,"0","2025-10-28","16:38",
"4660","4,660","CGARD-175DCBL","Mise à jour","432","0",,,"0","2025-10-28","16:38",
"4661","4,661","CGARD-300DCNO","Mise à jour","1,251","0",,,"0","2025-10-28","16:39",
"4662","4,662","CGARD-300DCBL","Mise à jour","600","0",,,"0","2025-10-28","16:39",
"4663","4,663","CGARD-300DCBC","Mise à jour","239","0",,,"0","2025-10-28","16:39",
"4664","4,664","CGARD-300DCGM","Mise à jour","196","0",,,"0","2025-10-28","16:40",
"4665","4,665","BGARD-300VDCBC","Mise à jour","28","0",,,"0","2025-10-28","16:41",
"4666","4,666","BGARD-175VDCBC","Mise à jour","180","0",,,"0","2025-10-28","16:41",
"4667","4,667","BGARD-300VDCNO","Mise à jour","768","0",,,"0","2025-10-28","16:41",
"4668","4,668","BGARD-175VDCAR","Mise à jour","60","0",,,"0","2025-10-28","16:41",
"4669","4,669","VZ.PENTF.NR","Mise à jour","0","0",,,"0","2025-10-28","16:42",
"4670","4,670","80870-0001","Mise à jour","19","0",,,"0","2025-10-28","16:42",
"4671","4,671","BGARD-300VDCBL","Mise à jour","340","0",,,"0","2025-10-28","16:43",
"4672","4,672","SSGC411XX16S","Mise à jour","16","0",,,"0","2025-10-29","9:36",
"4673","4,673","SSGC431XX16S","Mise à jour","21","0",,,"0","2025-10-29","9:37",
"4674","4,674","SSGC411XX16B","Sortie","2","0",,,"0","2025-11-03","9:26",
"4675","4,675","VS27.1415","Sortie","4","0",,,"0","2025-11-12","12:57",
"4676","4,676","5545903","Sortie","7","0",,,"0","2025-11-12","12:57",
"4677","4,677","VS27.1411","Sortie","2","0",,,"0","2025-11-12","12:58",
"4678","4,678","VZPOSSD46SSBS-NO","Sortie","1","0",,,"0","2025-11-12","12:58",
"4679","4,679","5545903","Sortie","1","0",,,"0","2025-11-12","12:59",
"4680","4,680","280-001","Sortie","550","0",,,"0","2025-11-12","12:59",
"4681","4,681","280-001","Sortie","1,100","0",,,"0","2025-11-12","12:59",
"4682","4,682","280-003","Sortie","500","0",,,"0","2025-11-12","13:0",
"4683","4,683","Capsule-NO","Sortie","1","0",,,"0","2025-11-12","13:0",
"4684","4,684","BGARD-175VDCNO","Sortie","300","0",,,"0","2025-11-12","13:1",
"4685","4,685","80870-0001","Sortie","3","0",,,"0","2025-11-12","13:1",
"4686","4,686","2371GY-F-750","Sortie","2","0",,,"0","2025-11-12","13:2",
"4687","4,687","999-A37708","Sortie","1","0",,,"0","2025-11-12","13:2",
"4688","4,688","BGARD-300VDCBC","Mise à jour","0","0",,,"0","2025-11-12","13:3",
"4689","4,689","BGARD-300VDCNO","Sortie","72","0",,,"0","2025-11-12","13:4",
"4690","4,690","CGARD-300DCBC","Sortie","119","0",,,"0","2025-11-12","13:4",
"4691","4,691","VS27.1419","Sortie","1","0",,,"0","2025-11-12","13:5",
"4692","4,692","01-004-BOUT-NO","Sortie","2","0",,,"0","2025-11-12","13:5",
"4693","4,693","VRW7210TMG","Sortie","3","0",,,"0","2025-11-12","13:6",
"4694","4,694","Cale","Sortie","1","0",,,"0","2025-11-12","13:6",
"4695","4,695","VC1815.003","Sortie","1","0",,,"0","2025-11-12","13:11",
"4696","4,696","Cale","Sortie","2","0",,,"0","2025-11-12","13:12",
"4697","4,697","BGARD-175VDCBC","Sortie","60","0",,,"0","2025-11-12","13:12",
"4698","4,698","CGARD-175DCNO","Sortie","144","0",,,"0","2025-11-12","13:12",
"4699","4,699","CGARD-175DCNO","Sortie","144","0",,,"0","2025-11-12","13:12",
"4700","4,700","280-001","Sortie","550","0",,,"0","2025-11-12","13:13",
"4701","4,701","280-001","Sortie","550","0",,,"0","2025-11-12","13:13",
"4702","4,702","280-002","Sortie","350","0",,,"0","2025-11-12","13:14",
"4703","4,703","5545903","Sortie","4","0",,,"0","2025-11-12","13:14",
"4704","4,704","VS27.1423 ","Sortie","1","0",,,"0","2025-11-12","13:14",
"4705","4,705","9741068","Sortie","1","0",,,"0","2025-11-12","13:14",
"4706","4,706","BBARRO-3/4-NO","Sortie","1","0",,,"0","2025-11-12","13:15",
"4707","4,707","3013006","Sortie","1","0",,,"0","2025-11-12","13:15",
"4708","4,708","CGARD-300DCGC","Sortie","120","0",,,"0","2025-11-12","13:15",
"4709","4,709","VS27.1415","Sortie","1","0",,,"0","2025-11-12","13:15",
"4710","4,710","VS27.1415","Mise à jour","8","0",,,"0","2025-11-12","13:16",
"4711","4,711","VS20.1015CA.V+","Sortie","1","0",,,"0","2025-11-12","13:16",
"4712","4,712","CGARD-175DCBL","Sortie","144","0",,,"0","2025-11-12","13:16",
"4713","4,713","BBARRO-3/4-CH","Sortie","1","0",,,"0","2025-11-12","13:17",
"4714","4,714","BGARD-175VDCNO","Sortie","60","0",,,"0","2025-11-12","13:17",
"4715","4,715","BGARD-175VDCNO","Sortie","120","0",,,"0","2025-11-12","13:17",
"4716","4,716","Capsule-NO","Sortie","4","0",,,"0","2025-11-12","13:18",
"4717","4,717","VS27.1419","Sortie","1","0",,,"0","2025-11-12","13:18",
"4718","4,718","VS27.1415","Sortie","1","0",,,"0","2025-11-12","13:18",
"4719","4,719","VS27.1419","Sortie","1","0",,,"0","2025-11-12","13:18",
"4720","4,720","280-002","Sortie","350","0",,,"0","2025-11-12","13:18",
"4721","4,721","Capsule-NO","Sortie","1","0",,,"0","2025-11-12","13:19",
"4722","4,722","SSGC411XX16S","Mise à jour","12","0",,,"0","2025-11-12","16:17",
"4723","4,723","SSGC431XX16S","Mise à jour","17","0",,,"0","2025-11-12","16:17",
"4724","4,724","BGARD-175VDCAR","Mise à jour","124","0",,,"0","2025-11-13","11:31",
"4725","4,725","BGARD-175VDCBC","Mise à jour","184","0",,,"0","2025-11-13","11:31",
"4726","4,726","BGARD-175VDCBL","Mise à jour","608","0",,,"0","2025-11-13","11:31",
"4727","4,727","BGARD-175VDCGM","Mise à jour","360","0",,,"0","2025-11-13","11:32",
"4728","4,728","BGARD-300VDCBC","Mise à jour","28","0",,,"0","2025-11-13","11:33",
"4729","4,729","BGARD-300VDCGM","Mise à jour","188","0",,,"0","2025-11-13","11:34",
"4730","4,730","BGARD-300VDCNO","Mise à jour","672","0",,,"0","2025-11-13","11:34",
"4731","4,731","CGARD-300DCBL","Mise à jour","520","0",,,"0","2025-11-13","11:36",
"4732","4,732","SSGC411XX16B","Sortie","2","0",,,"0","2025-11-14","9:42",
"4733","4,733","SSGC431XX16B","Sortie","2","0",,,"0","2025-11-14","9:42",
"4734","4,734","CGARD-300DCNO","Mise à jour","1,134","0",,,"0","2025-11-14","10:47",
"4735","4,735","CGARD-300DCNP","Mise à jour","986","0",,,,"2025-11-14","10:48",
"4736","4,736","VC1815.003","Sortie","1","0",,,"0","2025-11-18","5:50",
"4737","4,737","MALU48","Entrée","1","0",,,"0","2025-11-19","13:19",
"4738","4,738","01-004-BOUT-NO","Mise à jour","0","0",,,"0","2025-11-24","8:36",
"4739","4,739","01-004-BOUT-BR","Sortie","1","0",,,"0","2025-11-24","8:37",
"4740","4,740","VS27.1415","Sortie","4","0",,,"0","2025-11-24","8:38",
"4741","4,741","VS27.1419","Mise à jour","3","0",,,"0","2025-11-24","8:39",
"4742","4,742","VS19.0808CA","Mise à jour","2","0",,,"0","2025-11-24","8:40",
"4743","4,743","VS17.0809CA","Mise à jour","1","0",,,"0","2025-11-24","8:40",
"4744","4,744","VZ.SERCLES.NR","Entrée","10","0",,,"0","2025-11-25","5:11",
"4745","4,745","PGondG","Mise à jour","0","0",,,"0","2025-11-25","15:7",
"4746","4,746","PGondD","Mise à jour","0","0",,,"0","2025-11-25","15:7",
"4747","4,747","VRW7210TMG","Mise à jour","4","0",,,"0","2025-11-25","6:14",
"4748","4,748","BGARD-300VDCNO","Sortie","120","0",,,"0","2025-11-26","8:54",
"4749","4,749","CGARD-300DCNO","Sortie","117","0",,,"0","2025-11-26","8:54",
"4750","4,750","CGARD-175DCNO","Sortie","288","0",,,"0","2025-11-26","8:56",
"4751","4,751","Cale","Sortie","1","0",,,"0","2025-11-26","8:56",
"4752","4,752","80870-0001","Sortie","4","0",,,"0","2025-11-26","8:56",
"4753","4,753","AttacheMurale-NO","Sortie","4","0",,,"0","2025-11-26","8:57",
"4754","4,754","AttacheMurale-NO","Sortie","5","0",,,"0","2025-11-26","8:57",
"4755","4,755","2371GY-F-750","Sortie","1","0",,,"0","2025-11-26","8:57",
"4756","4,756","BBARRO-3/4-BC","Sortie","1","0",,,"0","2025-11-26","8:58",
"4757","4,757","999-A37708","Sortie","1","0",,,"0","2025-11-26","8:58",
"4758","4,758","BGARD-300VDCBL","Sortie","48","0",,,"0","2025-11-26","8:59",
"4759","4,759","BGARD-175VDCNO","Sortie","300","0",,,"0","2025-11-26","9:0",
"4760","4,760","BBARRO-3/4-NO","Sortie","1","0",,,"0","2025-11-26","9:0",
"4761","4,761","BBARRO-3/4-BL","Sortie","1","0",,,"0","2025-11-26","9:0",
"4762","4,762","VRW7210TMG","Sortie","1","0",,,"0","2025-11-26","9:0",
"4763","4,763","Capsule-NO","Sortie","1","0",,,"0","2025-11-26","9:1",
"4764","4,764","280-001","Sortie","550","0",,,"0","2025-11-26","9:2",
"4765","4,765","BBARRO-3/4-NO","Sortie","1","0",,,"0","2025-11-26","9:2",
"4766","4,766","VS19.0808CA","Sortie","1","0",,,"0","2025-11-26","9:2",
"4767","4,767","CGARD-175DCNO","Sortie","144","0",,,"0","2025-12-01","6:51",
"4768","4,768","Capsule-NO","Sortie","1","0",,,"0","2025-12-01","6:51",
"4769","4,769","999-A37708","Sortie","1","0",,,"0","2025-12-01","6:53",
"4770","4,770","999-A37708","Mise à jour","6","0",,,"0","2025-12-01","6:53",
"4771","4,771","3040159","Sortie","0","0",,,"0","2025-12-01","9:3",
"4772","4,772","80870-0001","Sortie","1","0",,,"0","2025-12-01","9:4",
"4773","4,773","80870-0001","Mise à jour","10","0",,,"0","2025-12-01","9:5",
"4774","4,774","VC1815.003","Mise à jour","16","0",,,"0","2025-12-01","13:46",
"4775","4,775","BGARD-175VDCNP","Mise à jour","561","0",,,"0","2025-12-01","13:46",
"4776","4,776","BGARD-300VDCNP","Mise à jour","1,128","0",,,,"2025-12-01","13:46",
"4777","4,777","3013006","Mise à jour","3","0",,,"0","2025-12-01","13:47",
"4778","4,778","BGARD-175VDCBL","Mise à jour","512","0",,,"0","2025-12-01","13:48",
"4779","4,779","CGARD-300DCNO","Mise à jour","1,034","0",,,"0","2025-12-01","13:48",
"4780","4,780","BGARD-300VDCBL","Mise à jour","264","0",,,"0","2025-12-01","13:49",
"4781","4,781","999-A11040","Mise à jour","13","0",,,"0","2025-12-01","13:49",
"4782","4,782","CGARD-175DCNP","Mise à jour","2,250","0",,,,"2025-12-01","13:50",
"4783","4,783","Capsule-AR","Mise à jour","3","0",,,"0","2025-12-01","13:51",
"4784","4,784","2371GY-F-750","Mise à jour","4","0",,,"0","2025-12-01","13:52",
"4785","4,785","280-003","Mise à jour","5,995","0",,,"0","2025-12-01","13:52",
"4786","4,786","VS27.1415","Mise à jour","2","0",,,"0","2025-12-01","13:53",
"4787","4,787","CGARD-175DCNO","Mise à jour","5,328","0",,,"0","2025-12-01","13:54",
"4788","4,788","CMCG-200-AR","Mise à jour","31","0",,,,"2025-12-01","13:55",
"4789","4,789","BGARD-300VDCGC","Mise à jour","96","0",,,"0","2025-12-01","13:56",
"4790","4,790","CMCG-200-NP","Mise à jour","299","0",,,"0","2025-12-01","13:56",
"4791","4,791","CGARD-300DCGM","Mise à jour","158","0",,,"0","2025-12-01","13:58",
"4774","4,774","RouleauCarton","Sortie","0","0",,,"0","2025-12-01","14:21",
"4792","4,792","Ruban clair 48mm","Sortie","1","0",,,"0","2025-12-01","14:22",
"4793","4,793","Polytubing 12""","Sortie","0","0",,,"0","2025-12-01","15:25",
"4794","4,794","Cale","Mise à jour","22","0",,,"0","2025-12-01","15:27",
"4795","4,795","SSGC411XX16B","Mise à jour","41","0",,,"0","2025-12-01","15:35",
"4796","4,796","SSGC431XX16B","Mise à jour","34","0",,,"0","2025-12-01","15:35",
"4797","4,797","9741068","Mise à jour","2","0",,,"0","2025-12-01","15:38",
"4798","4,798","5545903","Mise à jour","38","0",,,"0","2025-12-01","15:38",
"4799","4,799","5640337","Mise à jour","7","0",,,"0","2025-12-01","15:38",
"4800","4,800","Ruban clair 48mm","Mise à jour","22","0",,,"0","2025-12-01","15:38",
"4801","4,801","Capsule-BR","Mise à jour","20","0",,,"0","2025-12-01","8:28",
"4794","4,794","VRW7210TMG","Entrée","6","0",,,"0","2025-12-01","9:8",
"4802","4,802","VS19.0808CA","Entrée","4","0",,,"0","2025-12-02","9:21",
"4803","4,803","VS27.1423 ","Mise à jour","8","0",,,"0","2025-12-02","9:22",
"4804","4,804","VS20.1015CA.V+","Mise à jour","4","0",,,"0","2025-12-02","9:24",
"4805","4,805","VS27.1419","Mise à jour","6","0",,,"0","2025-12-02","9:27",
"4806","4,806","VS17.0809CA","Entrée","4","0",,,"0","2025-12-02","9:28",
"4807","4,807","VS27.1415","Mise à jour","5","0",,,"0","2025-12-02","9:30",
"4808","4,808","VS20.0811CA.V+","Mise à jour","3","0",,,"1","2025-12-02","9:49",
"4809","4,809","VS20.0811CA.V+","Mise à jour","2","0",,,"1","2025-12-02","9:49",
"4810","4,810","VS17.0809CA","Mise à jour","2","0",,,"0","2025-12-02","9:54",
"4811","4,811","VC1815.003","Sortie","1","0",,,"0","2025-12-02","13:36",
"4812","4,812","AttacheMurale-BL","Mise à jour","48","0",,,"0","2025-12-02","6:48",
"4813","4,813","BGARD-175VDCBL","Sortie","32","0",,,"0","2025-12-03","9:53",
"4814","4,814","BGARD-300VDCNO","Sortie","24","0",,,"0","2025-12-03","9:53",
"4815","4,815","BGARD-175VDCNO","Sortie","32","0",,,"0","2025-12-03","9:53",
"4816","4,816","VS27.1419","Sortie","1","0",,,"0","2025-12-03","9:56",
"4817","4,817","2371GY-F-750","Sortie","1","0",,,"0","2025-12-03","9:56",
"4818","4,818","BGARD-175VDCNO","Sortie","64","0",,,"0","2025-12-03","14:31",
"4819","4,819","280-003","Sortie","500","0",,,"0","2025-12-03","14:32",
"4820","4,820","CGARD-175DCBL","Sortie","144","0",,,"0","2025-12-03","14:32",
"4821","4,821","BGARD-175VDCNO","Sortie","32","0",,,"0","2025-12-03","14:33",
"4822","4,822","01-004-BOUT-BL","Sortie","4","0",,,"0","2025-12-03","14:33",
"4823","4,823","BGARD-300VDCBL","Sortie","24","0",,,"0","2025-12-03","14:33",
"4824","4,824","BGARD-175VDCBC","Sortie","32","0",,,"0","2025-12-03","14:33",
"4825","4,825","Capsule-NO","Mise à jour","43","0",,,"0","2025-12-03","14:34",
"4826","4,826","Capsule-CH","Mise à jour","2","0",,,"0","2025-12-03","14:34",
"4827","4,827","Capsule-GM","Mise à jour","13","0",,,"0","2025-12-03","14:35",
"4828","4,828","CMCG-200-NO","Mise à jour","46","0",,,"0","2025-12-03","14:35",
"4829","4,829","CMCG-200-BL","Mise à jour","351","0",,,"0","2025-12-03","14:35",
"4830","4,830","CMCG-200-CH","Mise à jour","86","0",,,"0","2025-12-03","14:35",
"4831","4,831","CMCG-200-GM","Mise à jour","22","0",,,"0","2025-12-03","14:36",
"4832","4,832","CMCG-200-BR","Mise à jour","42","0",,,"0","2025-12-03","14:36",
"4833","4,833","5545903","Mise à jour","36","0",,,"0","2025-12-03","14:36",
"4834","4,834","Ruban clair 48mm","Mise à jour","20","0",,,"0","2025-12-03","14:36",
"4835","4,835","PlaqueMC-NO","Mise à jour","102","0",,,,"2025-12-03","14:37",
"4836","4,836","PlaqueMC-BL","Mise à jour","69","0",,,,"2025-12-03","14:37",
"4837","4,837","PlaqueMC-BR","Mise à jour","60","0",,,"0","2025-12-03","14:37",
"4838","4,838","PlaqueMC-AR","Mise à jour","23","0",,,,"2025-12-03","14:37",
"4839","4,839","PlaqueMC-CH","Mise à jour","51","0",,,"0","2025-12-03","14:37",
"4818","4,818","VS17.0809CA","Mise à jour","4","0",,,"0","2025-12-03","7:51",
"4840","4,840","CMCG-200-BR","Sortie","42","0",,,"0","2025-12-04","10:36",
"4841","4,841","VS27.1415","Sortie","1","0",,,"0","2025-12-04","10:41",
"4842","4,842","VS27.1415","Sortie","0","0",,,"0","2025-12-04","12:34",
"4843","4,843","999-A37708","Sortie","1","0",,,"0","2025-12-04","12:35",
"4844","4,844","VZ.SERCLES.NR","Sortie","10","0",,,"0","2025-12-08","5:19",
"4845","4,845","PlaqueMC-BR","Sortie","4","0",,,"0","2025-12-08","14:9",
"4846","4,846","BGARD-175VDCBC","Sortie","124","0",,,"0","2025-12-08","14:10",
"4847","4,847","5640337","Sortie","2","0",,,"0","2025-12-08","14:10",
"4848","4,848","280-002","Sortie","300","0",,,"0","2025-12-08","14:10",
"4849","4,849","VZPOSSD46SSBS-BC","Sortie","2","0",,,"0","2025-12-08","14:11",
"4850","4,850","BGARD-175VDCBL","Sortie","32","0",,,"0","2025-12-08","14:11",
"4851","4,851","BGARD-175VDCNO","Sortie","96","0",,,"0","2025-12-08","14:11",
"4852","4,852","999-A37708","Sortie","1","0",,,"0","2025-12-08","14:12",
"4853","4,853","VS27.1415","Sortie","1","0",,,"0","2025-12-08","14:12",
"4854","4,854","Capsule-BR","Sortie","1","0",,,"0","2025-12-08","14:12",
"4855","4,855","Capsule-CH","Sortie","1","0",,,"0","2025-12-08","14:12",
"4856","4,856","Capsule-BR","Sortie","1","0",,,"0","2025-12-08","14:13",
"4857","4,857","VS27.1419","Sortie","1","0",,,"0","2025-12-08","14:13",
"4858","4,858","5545903","Mise à jour","16","0",,,"0","2025-12-08","14:18",
"4859","4,859","AttacheMurale-GM","Mise à jour","0","0",,,,"2025-12-08","15:56",
"4860","4,860","AttacheMurale-AR","Mise à jour","15","0",,,"0","2025-12-08","15:56",
"4861","4,861","AttacheMurale-BR","Mise à jour","28","0",,,"0","2025-12-08","15:56",
"4862","4,862","AttacheMurale-NO","Mise à jour","52","0",,,"0","2025-12-08","15:58",
"4863","4,863","CMCG-200-BR","Mise à jour","388","0",,,"0","2025-12-08","15:58",
"4864","4,864","CMCG-200-AR","Mise à jour","27","0",,,,"2025-12-08","15:58",
"4865","4,865","01-004-BOUT-BL","Mise à jour","44","0",,,"0","2025-12-08","15:59",
"4866","4,866","01-004-BOUT-BR","Mise à jour","23","0",,,"0","2025-12-08","15:59",
"4867","4,867","01-004-BOUT-CH","Mise à jour","18","0",,,"0","2025-12-08","15:59",
"4868","4,868","SSPFEBWALLGB","Mise à jour","1","0",,,,"2025-12-08","16:2",
"4869","4,869","SSSPIGOTS6B","Mise à jour","16","0",,,,"2025-12-08","16:2",
"4870","4,870","VS19.0808CA","Sortie","2","0",,,"0","2025-12-10","13:48",
"4871","4,871","VRW7210TMG","Sortie","1","0",,,"0","2025-12-11","14:55",
"4872","4,872","CMCG-200-NO","Sortie","30","0",,,"0","2025-12-11","14:56",
"4873","4,873","VS19.0808CA","Sortie","1","0",,,"0","2025-12-11","14:56",
"4874","4,874","280-003","Sortie","500","0",,,"0","2025-12-11","14:57",
"4875","4,875","BGARD-175VDCNP","Sortie","288","0",,,"0","2025-12-11","14:58",
"4876","4,876","BGARD-175VDCNP","Mise à jour","561","0",,,"0","2025-12-11","14:58",
"4877","4,877","BGARD-175VDCNO","Sortie","288","0",,,"0","2025-12-11","14:59",
"4878","4,878","BGARD-300VDCNO","Sortie","24","0",,,"0","2025-12-11","14:59",
"4879","4,879","5545903","Sortie","4","0",,,"0","2025-12-11","14:59",
"4880","4,880","280-001","Sortie","400","0",,,"0","2025-12-11","15:0",
"4881","4,881","280-001","Sortie","550","0",,,"0","2025-12-11","15:0",
"4882","4,882","CGARD-175DCNO","Sortie","144","0",,,"0","2025-12-11","15:0",
"4883","4,883","BBARRO-3/4-NO","Sortie","2","0",,,"0","2025-12-11","15:0",
"4884","4,884","Capsule-NO","Sortie","1","0",,,"0","2025-12-11","15:1",
"4885","4,885","280-003","Sortie","100","0",,,"0","2025-12-11","15:1",
"4886","4,886","VS27.1415","Sortie","1","0",,,"0","2025-12-11","15:1",
"4887","4,887","VS27.1411","Sortie","1","0",,,"0","2025-12-11","15:1",
"4888","4,888","Cale","Sortie","1","0",,,"0","2025-12-11","15:2",
"4889","4,889","Capsule-NO","Sortie","1","0",,,"0","2025-12-11","15:2",
"4890","4,890","VS27.1419","Sortie","1","0",,,"0","2025-12-11","15:2",
"4891","4,891","VS27.1411","Sortie","1","0",,,"0","2025-12-11","15:2",
"4892","4,892","SSGC431XX16S","Mise à jour","16","0",,,"0","2025-12-11","15:25",
"4893","4,893","SSSPIGOTS6S","Mise à jour","16","0",,,,"2025-12-11","15:26",
"4894","4,894","SSSPIGOTS6B","Mise à jour","0","0",,,,"2025-12-11","15:26",
"4895","4,895","SSGCH40116S","Mise à jour","5","0",,,"0","2025-12-11","15:26",
"4896","4,896","SSPFEBWALLGB","Mise à jour","2","0",,,,"2025-12-11","15:27",
"4897","4,897","Ruban clair 48mm","Sortie","1","0",,,"0","2025-12-15","7:1",
"4898","4,898","VS20.0809CAV+","Sortie","1","0",,,"0","2025-12-15","13:29",
"4899","4,899","VS20.1015CA.V+","Sortie","1","0",,,"0","2025-12-17","12:42",
"4900","4,900","VS20.1015CA.V+","Sortie","0","0",,,"0","2025-12-17","14:40",
"4901","4,901","PlaqueMC-BR","Mise à jour","53","0",,,"0","2026-01-14","10:28",
"4902","4,902","01-004-BOUT-CH","Mise à jour","19","0",,,"0","2026-01-14","10:33",
"4903","4,903","CMCG-200-AR","Mise à jour","31","0",,,,"2026-01-14","10:35",
"4904","4,904","CMCG-200-GM","Mise à jour","20","0",,,"0","2026-01-14","10:35",
"4905","4,905","BBARRO-3/4-GM","Mise à jour","4","0",,,,"2026-01-14","10:36",
"4906","4,906","BGARD-300VDCGM","Mise à jour","220","0",,,"0","2026-01-14","10:38",
"4907","4,907","BGARD-175VDCBC","Mise à jour","540","0",,,"0","2026-01-14","10:39",
"4908","4,908","CGARD-175DCBC","Mise à jour","200","0",,,"0","2026-01-14","10:41",
"4909","4,909","Capsule-BR","Sortie","2","0",,,"0","2026-01-14","12:58",
"4910","4,910","Capsule-NO","Sortie","2","0",,,"0","2026-01-15","11:0",
"4911","4,911","Capsule-BL","Sortie","1","0",,,"0","2026-01-15","11:1",
"4912","4,912","VS27.1419","Sortie","2","0",,,"0","2026-01-15","11:1",
"4913","4,913","VS27.1415","Sortie","2","0",,,"0","2026-01-15","11:4",
"4914","4,914","280-001","Sortie","550","0",,,"0","2026-01-15","11:8",
"4915","4,915","280-001","Sortie","950","0",,,"0","2026-01-15","11:9",
"4916","4,916","280-003","Sortie","50","0",,,"0","2026-01-15","11:9",
"4917","4,917","VZPOSSD46SSBS-NO","Sortie","1","0",,,"0","2026-01-15","11:9",
"4918","4,918","VZPOSSD46SSBS-BL","Sortie","1","0",,,"0","2026-01-15","11:10",
"4919","4,919","VZPOSSD46SSBS-BC","Sortie","2","0",,,"0","2026-01-15","11:10",
"4920","4,920","2371GY-F-750","Sortie","1","0",,,"0","2026-01-15","11:10",
"4921","4,921","VRW7210TMG","Sortie","4","0",,,"0","2026-01-15","11:14",
"4922","4,922","Cale","Sortie","2","0",,,"0","2026-01-15","11:14",
"4923","4,923","5545903","Sortie","2","0",,,"0","2026-01-15","11:14",
"4924","4,924","5545903","Sortie","2","0",,,"0","2026-01-15","11:14",
"4925","4,925","BGARD-175VDCBL","Sortie","32","0",,,"0","2026-01-15","11:15",
"4926","4,926","80870-0001","Sortie","2","0",,,"0","2026-01-15","11:15",
"4927","4,927","VS27.1411","Sortie","1","0",,,"0","2026-01-15","11:15",
"4928","4,928","CGARD-175DCNO","Sortie","144","0",,,"0","2026-01-15","11:16",
"4929","4,929","VC1815.003","Sortie","1","0",,,"0","2026-01-15","11:16",
"4930","4,930","BGARD-175VDCNO","Sortie","96","0",,,"0","2026-01-15","11:16",
"4931","4,931","BGARD-175VDCBC","Sortie","64","0",,,"0","2026-01-15","11:16",
"4932","4,932","BGARD-175VDCNO","Sortie","50","0",,,"0","2026-01-20","11:52",
"4933","4,933","BGARD-175VDCNO","Entrée","50","0",,,"0","2026-01-21","11:52",
"4934","4,934","BGARD-175VDCNP","Sortie-Peinture","10","1","BGARD-175VDCNO","2026-01-21","0","2026-01-21","11:53","142"
"4935","4,935","BGARD-175VDCNO","Sortie","10","0",,,"0","2026-01-21","11:54",
"4936","4,936","BGARD-175VDCNP","Entrée","10","0",,,"0","2026-01-21","11:54",
"4937","4,937","VS27.1411","Entrée","5","0",,,"0","2026-01-21","14:27",
"4938","4,938","VS27.1415","Entrée","5","0",,,"0","2026-01-21","14:27",
"4939","4,939","VS27.1419","Entrée","5","0",,,"0","2026-01-21","14:28",
"4940","4,940","VZPOSSD46SSBS-NO","Sortie","1","0",,,"0","2026-01-26","9:25",
"4941","4,941","VZPOSSD46SSBS-BC","Sortie","1","0",,,"0","2026-01-26","9:25",
"4942","4,942","01-004-BOUT-BL","Sortie","2","0",,,"0","2026-01-26","9:25",
"4943","4,943","AttacheMurale-BL","Sortie","3","0",,,"0","2026-01-26","9:26",
"4944","4,944","VS27.1419","Sortie","1","0",,,"0","2026-01-26","9:26",
"4945","4,945","VS19.0808CA","Sortie","1","0",,,"0","2026-01-26","9:26",
"4946","4,946","VS27.1409","Sortie","2","0",,,"0","2026-01-26","9:27",
"4947","4,947","BGARD-175VDCNO","Sortie","64","0",,,"0","2026-01-26","9:27",
"4948","4,948","5545903","Sortie","2","0",,,"0","2026-01-26","9:27",
"4949","4,949","VRW7210TMG","Sortie","2","0",,,"0","2026-01-26","9:28",
"4950","4,950","Cale","Sortie","1","0",,,"0","2026-01-26","9:28",
"4951","4,951","BGARD-300VDCNO","Sortie","24","0",,,"0","2026-01-26","9:28",
"4952","4,952","BGARD-175VDCNO","Sortie","32","0",,,"0","2026-01-26","9:29",
"4953","4,953","BGARD-175VDCBC","Sortie","32","0",,,"0","2026-01-26","9:29",
"4954","4,954","BGARD-175VDCBC","Sortie","32","0",,,"0","2026-01-26","9:29",
"4955","4,955","BGARD-175VDCNO","Sortie","32","0",,,"0","2026-01-26","9:29",
"4956","4,956","BGARD-300VDCBL","Sortie","28","0",,,"0","2026-01-26","9:29",
"4957","4,957","BGARD-175VDCBL","Sortie","32","0",,,"0","2026-01-26","9:30",
"4958","4,958","BGARD-300VDCBC","Sortie","28","0",,,"0","2026-01-26","9:30",
"4959","4,959","280-003","Sortie","500","0",,,"0","2026-01-26","9:30",
"4960","4,960","CGARD-175DCNP","Sortie-Peinture","100","0","CGARD-175DCGC","2026-02-02","0","2026-02-02","9:31",
"4961","4,961","BGARD-175VDCBC","Sortie","64","0",,,"0","2026-02-03","13:33",
"4962","4,962","BGARD-175VDCNO","Sortie","64","0",,,"0","2026-02-03","13:34",
"4963","4,963","BGARD-175VDCNO","Sortie","64","0",,,"0","2026-02-03","13:34",
"4964","4,964","VS17.0809CA","Sortie","1","0",,,"0","2026-02-03","13:34",
"4965","4,965","VS27.1415","Sortie","1","0",,,"0","2026-02-03","13:35",
"4966","4,966","5545903","Sortie","2","0",,,"0","2026-02-03","15:1",
"4967","4,967","CMCG-200-BR","Sortie","6","0",,,"0","2026-02-03","15:1",
"4968","4,968","999-A37708","Sortie","1","0",,,"0","2026-02-03","15:1",
"4969","4,969","280-002","Sortie","350","0",,,"0","2026-02-03","15:1",
